ཆོས་ཚན།,ཤོག་གྲངས།,1,མཆན་གྲངས།,དཔར་མ།,མཆན།,
,3,2,1,,མཚན་བྱང་འདི་ཆོས་ཚན་འདིའི་སྟོད་མདོ་སྡེ་ཏི་དུམ་པའི་མཚན་བོད་སྐད་དུ་སྨོས་པ་ལྟར་བཀོད།,
,,3,2,《པེ་》《སྣར་》,pང་།,
,,4,3,《པེ་》,mས།,
,4,5,1,《པེ་》《སྣར་》,ལྱང་།,
,,6,2,《པེ་》《སྣར་》,mནི།,
,,7,3,《པེ་》《སྣར་》,དེ།,
,,8,4,《པེ་》《སྣར་》,ལྱང་།,
,5,9,1,《པེ་》《སྣར་》,pདང་།,
,,10,2,《པེ་》《སྣར་》,mནི།,
,,11,3,《པེ་》《སྣར་》,བའི།,
,,12,4,《པེ་》《སྣར་》,པོ།,
,,13,5,《པེ་》《སྣར་》,པོ་པའི།,
,6,14,1,《པེ་》《སྣར་》,pལ།,
,,15,2,《སྣར་》,བརྟུལ།,
,,16,3,《པེ་》《སྣར་》,གིས།,
,,17,4,《པེ་》,ཀྱི།,
,,18,5,《པེ་》,pཀྱི།,
,7,19,1,《པེ་》《སྣར་》,འགྲུབ།,
,,20,2,《པེ་》《སྣར་》,ཅིང་།,
,,21,3,《པེ་》《སྣར་》,mདེ།,
,,22,4,《པེ་》《སྣར་》,སྐྱེད།,
,,23,5,《པེ་》《སྣར་》,བཅུད།,
,,24,6,《པེ་》《སྣར་》,པ།,
,,25,7,《པེ་》《སྣར་》,mརྣམ།,
,8,26,1,《པེ་》《སྣར་》,ལྱང་།,
,,27,2,《སྣར་》,pའབྱུང་།,
,,28,3,《པེ་》《སྣར་》,དེ།,
,,29,4,《པེ་》《སྣར་》,ལུས།,
,,30,5,《པེ་》《སྣར་》,ས།,
,,31,6,《པེ་》《སྣར་》,འདི།,
,,32,7,《པེ་》《སྣར་》,mདུ།,
,,33,8,《པེ་》《སྣར་》,mཞེས་འབྱུང་ངོ་།,
,,34,9,《པེ་》《སྣར་》,སའི།,
,,35,10,《སྣར་》,mལ།,
,,36,11,《སྣར་》,pདེ།,
,9,37,1,《པེ་》《སྣར་》,རིམ།(ཆོས་ཚན་འདིའི་ནང་དུ་གོ་རིམས་ཞེས་པ་རྣམས་ལ་《པེ་》《སྣར་》གོ་རིམ་ཞེས་འཁོད་ཀྱང་བསྡུར་མཆན་དུ་བཀོད་མེད།),
,,38,2,《པེ་》《སྣར་》,དོ།,
,,39,3,《པེ་》《སྣར་》,མངོན།,
,,40,4,《པེ་》《སྣར་》,པའི།,
,,41,5,《པེ་》《སྣར་》,བསམས།,
,10,42,1,《པེ་》《སྣར་》,གསུང་ངོ་།,
,,43,2,《པེ་》《སྣར་》,བྱེད།,
,,44,3,《པེ་》《སྣར་》,འཇིགས,
,,45,4,《པེ་》《སྣར་》,བྱ་བ།,
,,46,5,《པེ་》《སྣར་》,གྱི།,
,,47,6,《པེ་》,འཐུན།,
,,48,7,《སྣར་》,དོ།,
,,49,8,《པེ་》《སྣར་》,སྤོང་།,
,,50,9,《པེ་》《སྣར་》,གི།,
,,51,10,《པེ་》,འཐུན།,
,11,52,1,《པེ་》《སྣར་》,པས།,
,,53,2,《པེ་》《སྣར་》,མན།,
,,54,3,《པེ་》,པ་དང་།,《སྣར་》,པ།
,,55,4,《པེ་》《སྣར་》,དགའ།,
,12,56,1,《པེ་》《སྣར་》,པ།,
,,57,2,《སྣར་》,པ།,
,,58,3,《སྣར་》,པའི།,
,,59,4,《སྣར་》,པའོ།,
,,60,5,《པེ་》《སྣར་》,པ།,
,,61,6,《པེ་》《སྣར་》,ཀྱི།,
,,62,7,《པེ་》《སྣར་》,mདུ།,
,,63,8,《པེ་》《སྣར་》,བར།,
,,64,9,《པེ་》,བསྒྲིབ།,
,13,65,1,《པེ་》《སྣར་》,pཏུ།,
,,66,2,《པེ་》《སྣར་》,པ།,
,,67,3,《པེ་》,ནི།,
,,68,4,《པེ་》,འགོག,
,,69,5,《པེ་》《སྣར་》,སྡུས།,
,,70,6,《པེ་》《སྣར་》,ལྡོག,
,14,71,1,《པེ་》《སྣར་》,གཉེར།,
,,72,2,《པེ་》《སྣར་》,བཅུ།,
,,73,3,《སྣར་》,བཞུགས།,
,,74,4,《པེ་》《སྣར་》,mཏུ།,
,15,75,1,《པེ་》《སྣར་》,གིས།,
,,76,2,《པེ་》《སྣར་》,སྒོམ།,
,,77,3,《པེ་》《སྣར་》,བསྒོམས།,
,,78,4,《པེ་》《སྣར་》,སྒོམ།,
,,79,5,《པེ་》《སྣར་》,སྒོམ།,
,,80,6,《པེ་》《སྣར་》,mཔ་ལ།,
,,81,7,《པེ་》《སྣར་》,བཞུགས།,
,,82,8,《པེ་》《སྣར་》,སྤང་།,
,,83,9,《པེ་》《སྣར་》,འཐོབ།,
,,84,10,《པེ་》《སྣར་》,ནས།,
,,85,11,《པེ་》,mདང་།,
,16,86,1,《པེ་》,གིས།,
,,87,2,《པེ་》《སྣར་》,mདོན།,
,,88,3,《སྣར་》,སོར།,
,,89,4,《པེ་》《སྣར་》,པར།,
,,90,5,《པེ་》《སྣར་》,mཔ།,
,,91,6,《པེ་》《སྣར་》,བྱ་བ།,
,,92,7,《པེ་》《སྣར་》,mབརྩོན་པར།,
,,93,8,《པེ་》,དེ།,
,17,94,1,《པེ་》《སྣར་》,mནི།,
,,95,2,《པེ་》,པོ།,
,,96,3,《པེ་》,བསྟན་པ།,
,,97,4,《སྣར་》,བསྟན་ལ།,
,,98,5,《པེ་》《སྣར་》,ལ།,
,,99,6,《པེ་》,mམི།,
,,100,7,《པེ་》《སྣར་》,mདེ་བཞིན་གཤེགས་པའི་ས་ལ་་་་་་་ཞེས་བྱ་བ་ནི་བཅུ་གཅིག་པ།,
,,a,8,《པེ་》《སྣར་》,mདེ།,
,18,101,1,《པེ་》,pཅན།,
,,102,2,《སྣར་》,གིས།,
,,103,3,《པེ་》《སྣར་》,ཅེས།,
,,104,4,《པེ་》,གིས།,
,,105,5,《སྣར་》,དགོངས།,
,,106,6,《པེ་》《སྣར་》,བསྟན།,
,,107,7,《པེ་》《སྣར་》,བཞག,
,19,108,1,《པེ་》《སྣར་》,mདག,
,,109,2,《པེ་》《སྣར་》,བས།,
,,110,3,《པེ་》《སྣར་》,དཔའ།,
,,111,4,《པེ་》《སྣར་》,པས།,
,,112,5,《པེ་》《སྣར་》,དཔའ།,
,,113,6,《པེ་》《སྣར་》,བྱའོ།,
,,114,7,《པེ་》,mཔ་ཐོབ།,
,,115,8,《པེ་》《སྣར་》,བྱའོ།,
,20,116,1,《པེ་》《སྣར་》,འགེགས།,
,,117,2,《པེ་》《སྣར་》,pནི།,
,,118,3,《པེ་》《སྣར་》,པའོ།,
,,119,4,《པེ་》《སྣར་》,mས།,
,,120,5,《སྣར་》,རྣམས།,
,,121,6,《པེ་》《སྣར་》,བཞག,
,,122,7,《པེ་》《སྣར་》,དཔའ།,
,,123,8,《པེ་》《སྣར་》,བཞག་ཅེས།,
,21,124,1,《པེ་》《སྣར་》,པས།,
,,125,2,《པེ་》《སྣར་》,ལ།,
,,126,3,《པེ་》《སྣར་》,pཔར།,
,,127,4,《པེ་》,འཚམས།,
,,128,5,《པེ་》《སྣར་》,གྲོལ།,
,,129,6,《པེ་》,ལ་ཡང་གང་།,《སྣར་》,ལྱང་།
,22,130,1,《སྣར་》,བརྟོགས།,
,,131,2,《སྣར་》,རྣམས།,
,,132,3,《པེ་》《སྣར་》,གིས།,
,,133,4,《སྣར་》,གི,
,,134,5,《པེ་》《སྣར་》,ལ།,
,,135,6,《པེ་》《སྣར་》,ལ་བཙམས་པས།,
,,136,7,《པེ་》,ནས།,
,23,137,1,《པེ་》《སྣར་》,ཡིན།,
,,138,2,《པེ་》,pནི།,
,,139,3,《པེ་》,mལ།,
,,140,4,《པེ་》,གསལ།,
,,141,5,《སྣར་》,སྐྱེད།,
,,142,6,《སྣར་》,ཕན་འདོག་སོགས།,
,24,143,1,《པེ་》《སྣར་》,ནས།,
,,144,2,《པེ་》《སྣར་》,སྡེའི།,
,,145,3,《པེ་》《སྣར་》,ཟློག,
,,146,4,《སྣར་》,mབྱེ་བྲག་ལས་བཟློག་པ་གང་ཡིན་པ་དེ་ནི་སྙིང་རྗེ་ཆེན་པོ་དྲུག་གི།,
,,147,5,《པེ་》《སྣར་》,mལ།,
,,148,6,《པེ་》《སྣར་》,གཉིས།,
,,149,7,《པེ་》《སྣར་》,སྡེའི།,
,25,150,1,《པེ་》《སྣར་》,སྡེའི།,
,,151,2,《པེ་》《སྣར་》,mདུ།,
,,152,3,《པེ་》《སྣར་》,ལས།,
,,153,4,《པེ་》《སྣར་》,པོའི།,
,,154,5,《པེ་》《སྣར་》,mཞེས་བྱའོ།,
,,155,6,《པེ་》《སྣར་》,བལྟོས་ནས།,
,,156,7,《པེ་》《སྣར་》,བལྟོས།,
,26,157,1,《པེ་》《སྣར་》,mལ།,
,,158,2,《པེ་》《སྣར་》,བ།,
,27,159,1,《པེ་》《སྣར་》,དཔའ།,
,,160,2,《པེ་》,དཔའ་ས།,
,,161,3,《པེ་》《སྣར་》,mདང་།,
,,162,4,《པེ་》《སྣར་》,དཔའ།,
,,163,5,《པེ་》《སྣར་》,mདེ།,
,,164,6,《པེ་》,གིས།,
,,165,7,《པེ་》《སྣར་》,དེ།,
,28,166,1,《པེ་》,པ་སྤྱིའི་མཆོད་པའི།,
,,167,2,《པེ་》《སྣར་》,དཔའ།,
,,168,3,《པེ་》《སྣར་》,ལས།,
,,169,4,《པེ་》,པ་དིག་པ།,《སྣར་》,རིག་པ།
,,170,5,《པེ་》《སྣར་》,ནས།,
,,171,6,《པེ་》《སྣར་》,དཔའི།,
,,172,7,《པེ་》《སྣར་》,མར།,
,29,173,1,《པེ་》,མཆོན་པ།,《སྣར་》,མཆོད་པ།
,,174,2,《པེ་》《སྣར་》,ལྟ།,
,,175,3,《པེ་》《སྣར་》,དཔའ།,
,,176,4,《པེ་》,ཀྱང་།,
,,177,5,《པེ་》《སྣར་》《ཅོ་》,སྙོམས།,
,,178,6,《པེ་》《སྣར་》,བསྟེན།,
,,179,7,《པེ་》《སྣར་》,དཔའི།,
,,180,8,《པེ་》《སྣར་》,དཔའ།,
,,181,9,《པེ་》《སྣར་》,mསེམས་ཀྱིས།,
,30,182,1,《པེ་》《སྣར་》,དཔའ།,
,,183,2,《པེ་》《སྣར་》,བསྙུན།,
,,184,3,《པེ་》《སྣར་》,འཕྲེང་།,
,,185,4,《པེ་》《སྣར་》,pཔ།,
,,186,5,《པེ་》《སྣར་》,གྱིས།,
,,187,6,《པེ་》《སྣར་》,བསྟིས།,
,31,188,1,《པེ་》《སྣར་》,mདེ།,
,,189,2,《པེ་》《སྣར་》,གཡེངས་པ།,
,,190,3,《སྣར་》,pཅན།,
,,191,4,《པེ་》《སྣར་》,བབ།,
,,192,5,《པེ་》《སྣར་》,གྱི།,
,,193,6,《པེ་》《སྣར་》,pཔ།,
,,194,7,《པེ་》《སྣར་》,གིས།,
,32,195,1,《པེ་》《སྣར་》,དཔའ།,
,,196,2,《པེ་》《སྣར་》,བསྒོམ།,
,,197,3,《པེ་》《སྣར་》,བསྒོམ།,
,,198,4,《པེ་》,བསྒོམ།,
,33,199,1,《པེ་》《སྣར་》,བསྲུང་།,
,,200,2,《སྣར་》,བཅོམ།,
,,201,3,《ཅོ་》,རིག,
,,202,4,《པེ་》,དུ།,
,,203,5,《པེ་》《སྣར་》,ལ།,
,,204,6,《པེ་》,དང་།,
,34,205,1,《པེ་》《སྣར་》,ཀྱི།,
,,206,2,《པེ་》《སྣར་》,ཀྱིས།,
,,207,3,《པེ་》《སྣར་》,ན།,
,,208,4,《སྣར་》,བསྡུད།,
,,209,5,《པེ་》《སྣར་》《ཅོ་》,ཀྱི།,
,,210,6,《སྣར་》,བསྟེན།,
,,211,7,《པེ་》,འཇུག,
,35,212,1,《པེ་》,mཔ།,
,,213,2,《སྣར་》,རྣམས།,
,,214,3,《ཅོ་》,ཡང་ན།,
,,215,4,《པེ་》,འཕོངས་ཞིང་།,《སྣར་》,ཕོངས་ཞིང་།
,36,216,1,《པེ་》《སྣར་》,ཀྱི།,
,,217,2,《པེ་》《སྣར་》,mའཇུག་པ།,
,,218,3,《པེ་》,བསྡུམས།,
,,219,4,《པེ་》《སྣར་》,ཁོན།,
,,220,5,《པེ་》《སྣར་》,བཙན།,
,,221,6,《པེ་》,པའོ།,
,,222,7,《སྣར་》,ག,
,,223,8,《པེ་》《སྣར་》,བའོ།,
,,224,9,《པེ་》《སྣར་》,ཛམྦུ།,
,,225,10,《པེ་》《སྣར་》,ལ།,
,,226,11,《པེ་》《སྣར་》,pན།,
,,227,12,《པེ་》《སྣར་》,དཔའི།,
,,228,13,《པེ་》《སྣར་》,གི།,
,37,229,1,《པེ་》《སྣར་》,འམ།,
,,230,2,《པེ་》,འཕྲིན།,
,,231,3,《པེ་》《སྣར་》,ཀྱང་།,
,,232,4,《པེ་》《སྣར་》,ལས།,
,,233,5,《པེ་》,mཡང་།,
,,234,6,《པེ་》《སྣར་》,པོ་པའི།,
,,235,7,《པེ་》,བསྟེན།,
,,236,8,《པེ་》,mས།,
,38,237,1,《པེ་》《སྣར་》,གིས།,
,,238,2,《པེ་》《སྣར་》,ཀྱི།,
,,239,3,《པེ་》《སྣར་》,དེ།,
,,240,4,《པེ་》《སྣར་》,གིས།,
,,241,5,《པེ་》《སྣར་》,གིས།,
,39,242,1,《པེ་》《སྣར་》,mདེ།,
,,243,2,《པེ་》《སྣར་》,དེ།,
,,244,3,《སྣར་》,པར།,
,,245,4,《པེ་》《སྣར་》,གྱི།,
,,246,5,《སྣར་》,pཞེས།,
,,247,6,《པེ་》《སྣར་》,ཀྱིས།,
,40,248,1,《པེ་》《སྣར་》,བས།,
,,249,2,《པེ་》《སྣར་》,གྱི།,
,,250,3,《པེ་》《སྣར་》,ཟད།,
,,251,4,《པེ་》《སྣར་》,མཐུན།,
,,252,5,《པེ་》《སྣར་》,pཡིན།,
,42,253,1,《པེ་》《སྣར་》,པ།,
,,254,2,《པེ་》《ཅོ་》,mའཕགས་པར།,
,,255,3,《པེ་》,པར།,
,,256,4,《པེ་》《སྣར་》,pཔ།,
,43,257,1,《པེ་》,mནི།,
,,258,2,《པེ་》《སྣར་》,pནི།,
,,259,3,《པེ་》《སྣར་》,གྱི།,
,,260,4,《སྣར་》,དེ།,
,,261,5,《སྣར་》《ཅོ་》,བཞན།,
,44,262,1,《པེ་》,སྐུར་བརྒྱན།,《སྣར་》,སྐུར་བརྒྱན།
,,263,3,《པེ་》《སྣར་》,pནི།,
,,264,4,《པེ་》《སྣར་》,pབླ་ན་མེད་པ་ནི།,
,45,265,1,《པེ་》《སྣར་》,བོ།,
,,266,2,《པེ་》,བོ།,
,,267,3,《པེ་》《སྣར་》,བགྱིད།,
,,268,4,《པེ་》《སྣར་》,pནི།,
,,269,5,《སྣར་》,pརྣམ་པ།,
,,270,6,《པེ་》,དཔའ་ས།,
,,271,7,《པེ་》《སྣར་》,pཔ།,
,,272,8,《པེ་》《སྣར་》,ལན།,
,,273,9,《སྣར་》,pཔ།,
,46,274,1,《པེ་》《སྣར་》,བརྟག,
,,275,2,《པེ་》《སྣར་》,ཀྱི།,
,,276,3,《པེ་》《སྣར་》,ཆེད།,
,,277,4,《པེ་》《སྣར་》,ཀྱི།,
,,278,5,《པེ་》,ཀྱི།,
,,279,6,《པེ་》《སྣར་》,དེ།,
,,280,7,《པེ་》,ཀྱི།,
,,281,8,《པེ་》《སྣར་》,pས།,
,,282,9,《པེ་》《སྣར་》,དེ།,
,47,283,1,《པེ་》《སྣར་》,རྣམ།,
,,284,2,《སྣར་》,སྐྱབ།,
,,285,3,《པེ་》《སྣར་》,pསོ།,
,,286,4,《པེ་》,གིས།,
,,287,5,《སྣར་》,ཏེ།,
,,288,6,《པེ་》《སྣར་》,པས།,
,,289,7,《པེ་》,mཔ།,
,,290,8,《པེ་》,ཀྱི།,
,48,291,1,《པེ་》《སྣར་》,ཀྱི།,
,,292,2,《པེ་》《སྣར་》,mལེན་པ།,
,49,293,1,《སྣར་》,བཞིའི།,
,,294,2,《སྣར་》,mརྒྱ།,
,,295,3,《པེ་》《སྣར་》,ཏོ།,
,,296,4,《སྣར་》,འདོར།,
,,297,5,《པེ་》《སྣར་》,པ།,
,,298,6,《པེ་》,གིས།,
,,299,7,《པེ་》《སྣར་》,བསྟེན།,
,,300,8,《པེ་》《སྣར་》,mཔའི།,
,50,301,1,《པེ་》《སྣར་》,པས་ཏེ།,
,,302,2,《པེ་》《སྣར་》,པ།,
,,303,3,《པེ་》《སྣར་》,སྐྱེ་བའི།,
,,304,4,《པེ་》《སྣར་》,བལྟོས།,
,,305,5,《པེ་》《སྣར་》,པོ།,
,,306,6,《པེ་》,འདོག,
,,307,7,《པེ་》《སྣར་》,བལྟོས།,
,,308,8,《པེ་》《སྣར་》,གྲོལ།,
,,309,9,《པེ་》《སྣར་》,པའི།,
,,310,10,《པེ་》《སྣར་》,གནོད།,
,,311,11,《པེ་》《སྣར་》,དག,
,,312,12,《པེ་》《སྣར་》,པ།,
,51,313,1,《པེ་》《སྣར་》,བར།,
,52,314,1,《པེ་》,པས།,
,,315,2,《པེ་》,མདོར།,《སྣར་》,འདོར།
,,316,3,《པེ་》《སྣར་》,pབ།,
,,317,4,《པེ་》《སྣར་》,ཅིའི།,
,,318,5,《པེ་》,ནི།,
,,319,6,《པེ་》《སྣར་》,འཐོབ།,
,,320,7,《པེ་》《སྣར་》,དེ།,
,53,321,1,《སྣར་》,གིས།,
,,322,2,《པེ་》《སྣར་》,mས།,
,,323,3,《པེ་》《སྣར་》,ལྱང་།,
,,324,4,《པེ་》《སྣར་》,mནི།,
,,325,5,《པེ་》《སྣར་》,ལ།,
,,326,6,《པེ་》《སྣར་》,pཏུ།,
,54,327,1,《པེ་》《སྣར་》,mཞེས་བཤད་དོ།,
,,328,2,《པེ་》《སྣར་》,pམེད།,
,,329,3,《པེ་》《སྣར་》,mརྣམ་གྲངས།,
,,330,4,《པེ་》《སྣར་》,ཏེ།,
,,331,5,《པེ་》《སྣར་》,པ།,
,,332,6,《པེ་》《སྣར་》,mལྟ་བུ།,
,,333,7,《པེ་》《སྣར་》,ཚུར།,
,,334,8,《པེ་》《སྣར་》,mཔ།,
,,335,9,《སྣར་》,གཏང་།,
,,336,10,《པེ་》《སྣར་》,དེ།,
,55,337,1,《པེ་》《སྣར་》,mཔ།,
,,338,2,《པེ་》《སྣར་》,བསྟེན།,
,,339,3,《པེ་》《སྣར་》,བསྟེན།,
,,340,4,《པེ་》《སྣར་》,དེ་ཉིད།,
,,341,5,《པེ་》《སྣར་》,ཀྱིས།,
,,342,6,《པེ་》《སྣར་》,mལས།,
,,343,7,《པེ་》《སྣར་》,ཀྱི།,
,56,344,1,《པེ་》,པའི།,
,,345,2,《པེ་》《སྣར་》,གཡེལ་བར།,
,,346,3,《པེ་》《སྣར་》,པ།,
,,347,4,《པེ་》《སྣར་》,གྱི།,
,,348,5,《སྣར་》,ནི།,
,,349,6,《པེ་》《སྣར་》,ནི།,
,57,350,1,《པེ་》《སྣར་》,mནི།,
,,351,2,《པེ་》《སྣར་》,mམེད།,
,,352,3,《སྣར་》,སྐྱེད།,
,,353,4,《པེ་》《སྣར་》,གྱི།,
,,354,5,《པེ་》《སྣར་》,ཏེ།,
,58,355,1,《པེ་》《སྣར་》,ནི་འགྲོ།,
,,356,2,《པེ་》《སྣར་》,ཀྱི།,
,,357,3,《པེ་》《སྣར་》,mའདི།,
,,358,4,《པེ་》《སྣར་》,བརྡའ་འཕྲད།,
,,359,5,《པེ་》《སྣར་》,འཚམས།,
,,360,6,《པེ་》《སྣར་》,གྲོལ།,
,,361,7,《པེ་》,ནི།,
,,362,8,《པེ་》,གྱུར་ཅེ།,
,,363,9,《སྣར་》,པས་དེ་ཕྱིར།,《སྣར་》,བས་དེ་ཕྱིར་དེ།
,59,364,1,《པེ་》,གྱི།,
,,365,2,《སྣར་》,བསྟེན།,
,,366,3,《པེ་》《སྣར་》,བསྟེན།,
,,367,4,《པེ་》《སྣར་》,བསྟེན།,
,,368,5,《པེ་》,དེ།,
,,369,6,《པེ་》,སློབ།,《སྣར་》,སླབ།
,,370,7,《པེ་》《སྣར་》,mཔ།,
,,371,8,《པེ་》《སྣར་》,ལྱང་།,
,60,372,1,《པེ་》《སྣར་》,འབྲང་བའི།,
,,373,2,《པེ་》《སྣར་》,འབྲང་བའི།,
,,374,3,《པེ་》《སྣར་》,འབྲང་བའི།,
,,375,4,《པེ་》《སྣར་》,འབྲང་བའི།,
,,376,5,《པེ་》《སྣར་》,འབྲང་བའི།,
,,377,6,《པེ་》《སྣར་》,འབྲང་བའི།,
,,378,7,《པེ་》《སྣར་》,གྲོལ།,
,,379,8,《པེ་》《སྣར་》,mཀྱིས།,
,,380,9,《པེ་》《སྣར་》,mནི།,
,61,381,1,《པེ་》《སྣར་》,mཔ།,
,,382,2,《སྣར་》,ལས།,
,,383,3,《སྣར་》,བཞིན།,
,,384,4,《པེ་》《སྣར་》,པས།,
,62,385,1,《པེ་》《སྣར་》,mཞེས་འབྱུང་ངོ་།,
,,386,2,《པེ་》,ལ,《སྣར་》,ཡ།
,,387,3,《པེ་》《སྣར་》,mདྲུག་པོ།,
,,388,4,《པེ་》《སྣར་》,པར།,
,,389,5,《པེ་》《སྣར་》,གྱི།,
,,390,6,《པེ་》《སྣར་》,ཀྱི།,
,,391,7,《པེ་》《སྣར་》,དེ།,
,,392,8,《པེ་》《སྣར་》,གྱི་བསྡུ་ན།,
,,393,9,《པེ་》,བཙམས།,
,63,394,1,《སྣར་》,mསོ།,
,,395,2,《པེ་》《སྣར་》,ནས།,
,,396,3,《པེ་》《སྣར་》,གི།,
,,397,4,《པེ་》《སྣར་》,mདུ།,
,,398,5,《པེ་》《སྣར་》《ཅོ་》,སྲུང་།,
,,399,6,《པེ་》,བགྱི་བའི་གཞི།,《སྣར་》,བགྱི་བའི་བཞི།
,,400,7,《པེ་》《སྣར་》,ཆད།,
,,401,8,《པེ་》《སྣར་》,ཏེ།,
,64,402,1,《པེ་》《སྣར་》,པ།,
,,403,2,《པེ་》《སྣར་》,mདང་།,
,,404,3,《པེ་》《སྣར་》,pཔས།,
,,405,4,《པེ་》《སྣར་》,pའདི།,
,,406,5,《པེ་》《སྣར་》,བསྟེན།,
,,407,6,《སྣར་》,ཆོད།,
,,408,7,《པེ་》《སྣར་》,སྒོམ།,
,,409,8,《པེ་》《སྣར་》,mཀྱི།,
,,410,9,《པེ་》《སྣར་》,བསྟེན།,
,,411,10,《པེ་》,སྒོམ།,
,65,412,1,《པེ་》《སྣར་》,པ་བྱིན།,
,,413,2,《པེ་》《སྣར་》,སྟེན།,
,,414,3,《པེ་》,སྒོམ།,《སྣར་》,བསྒོམས།
,,415,4,《པེ་》《སྣར་》,རྣམ་པ།,
,,416,5,《པེ་》,ལྱང་།,
,,417,6,《པེ་》《སྣར་》,ལྱང་།,
,66,418,1,《པེ་》,འདི།,
,,419,2,《པེ་》,འདིར།,
,,420,3,《པེ་》《སྣར་》,བ།,
,,421,4,《པེ་》《སྣར་》,ན།,
,67,422,1,《པེ་》《སྣར་》,བལྟོས།,
,,423,2,《པེ་》《སྣར་》,བལྟོས།,
,,424,3,《པེ་》《སྣར་》,སྡོམ།,
,68,425,1,《པེ་》《སྣར་》,དེ།,
,,426,2,《པེ་》《སྣར་》,གྲོལ།,
,,427,3,《པེ་》《སྣར་》,mམདོ།,
,,428,4,《སྣར་》,mས།,
,,429,5,《པེ་》《སྣར་》,ལྱང་།,
,,430,6,《པེ་》《སྣར་》,སྐྱེད།,
,,431,7,《པེ་》《སྣར་》,ནི།,
,69,432,1,《པེ་》《སྣར་》,བཅུ་པའི་བར།,
,,433,2,《པེ་》《སྣར་》,ཀྱི།,
,,434,3,《སྣར་》,པའི།,
,,435,4,《པེ་》《སྣར་》,མདོ།,
,,436,5,《པེ་》《སྣར་》,བསྒོམ།,
,,437,6,《པེ་》《སྣར་》,བསྒོམ།,
,70,438,1,《པེ་》《སྣར་》,pདེ།,
,,439,2,《པེ་》《སྣར་》,པ།,
,,440,3,《པེ་》《སྣར་》,དཔའ།,
,,441,4,《པེ་》《སྣར་》,pདུ།,
,,442,5,《པེ་》《སྣར་》,mའདི་ནི།,
,,443,6,《པེ་》《སྣར་》,pཡང་།,
,,444,7,《པེ་》《སྣར་》,བསྒོམས།,
,,445,8,《པེ་》《སྣར་》,པར།,
,71,446,1,《པེ་》《སྣར་》,སྟེ།,
,,447,2,《པེ་》《སྣར་》,ལ།,
,,448,3,《པེ་》《སྣར་》,pདང་།,
,,449,4,《པེ་》《སྣར་》,mཔ།,
,,450,5,《པེ་》《སྣར་》,བསྒོམས།,
,72,451,1,《པེ་》《སྣར་》,བཅུའི།,
,,452,2,《པེ་》《སྣར་》,གྱུར།,
,,453,3,《པེ་》《སྣར་》,སྒོམ།,
,,454,4,《པེ་》《སྣར་》,དག,
,,455,5,《པེ་》《སྣར་》,དུ།,
,,456,6,《པེ་》,སྒོམ།,
,73,457,1,《པེ་》《སྣར་》,བསྲུང་།,
,,458,2,《པེ་》,སེམས་བསྲུང་།,《པེ་》《སྣར་》,ཀྱི་སེམས་བཟུང་།
,,459,3,《པེ་》《སྣར་》,བསྲུང་།,
,,460,4,《པེ་》《སྣར་》,བསྲུང་།,
,,461,5,《སྣར་》,ཆེ་བ།,
,,462,6,《པེ་》《སྣར་》,mསེམས།,
,,463,7,《པེ་》《སྣར་》,བསྟེན།,
,,464,8,《པེ་》《སྣར་》,བསྟེན།,
,,465,9,《པེ་》《སྣར་》,དཔའི།,
,,466,10,《པེ་》《སྣར་》,བསྒོམ།,
,,467,11,《པེ་》,ལྡན་པས།,《སྣར་》,དང་ལྡན་པས།
,,468,12,《པེ་》《སྣར་》,pགི་དོན།,
,,469,13,《པེ་》《སྣར་》,mལ།,
,,470,14,《པེ་》《སྣར་》,ནི།,
,,471,15,《པེ་》《སྣར་》,mཏེ།,
,,472,16,《པེ་》《སྣར་》,ནད།,
,74,473,1,《པེ་》,གིས།,
,,474,2,《པེ་》,སྦྱོར་བ་དང་།  མདུད།,
,,475,3,《པེ་》《སྣར་》,mབྱ་བ།,
,,476,4,《པེ་》《སྣར་》,པ།,
,,477,5,《པེ་》《སྣར་》,པའི།,
,75,478,1,《པེ་》《སྣར་》,སྨོས།,
,,479,2,《པེ་》,སྟེན།,《སྣར་》,བསྟེན།
,,480,3,《པེ་》《སྣར་》,བསྐྱེད།,
,,481,4,《པེ་》《སྣར་》,བལྟོས།,
,,482,5,《པེ་》《སྣར་》,བསྒོམས།,
,,483,6,《པེ་》《སྣར་》,པ།,
,,484,7,《པེ་》《སྣར་》,པ།,
,,485,8,《པེ་》,སྒྲུབ་པ།,《སྣར་》,བསྒྲུབ་པ།
,,486,9,《པེ་》《སྣར་》,ལ།,
,,487,10,《པེ་》《སྣར་》,རྟེན།,
,,488,11,《པེ་》《སྣར་》,བརྟེན།,
,76,489,1,《པེ་》《སྣར་》,ཀྱི།,
,,490,2,《པེ་》《སྣར་》,གིས།,
,,491,3,《པེ་》《སྣར་》,གིས།,
,,492,4,《པེ་》《སྣར་》,mལ།,
,,493,5,《པེ་》《སྣར་》,pདུ།,
,,494,6,《པེ་》《སྣར་》,mདག་པར།,
,77,495,1,《པེ་》,ལན་འདོར།,《སྣར་》,ལན་མདོར།
,,496,2,《པེ་》《སྣར་》,སོ།,
,,497,3,《སྣར་》,བསྒྲུབ།,
,,498,4,《པེ་》《སྣར་》,mརྣམས།,
,,499,5,《པེ་》《སྣར་》,མཐོ་འཚམ།,
,,500,6,《པེ་》,འཚམ་པ།,《སྣར་》,འཚམས་པ།
,,501,7,《པེ་》《སྣར་》,འདོགས།,
,78,502,1,《པེ་》,གི།,
,,503,2,《པེ་》《སྣར་》,mབ།,
,,504,3,《པེ་》《སྣར་》,གི།,
,,505,4,《པེ་》《སྣར་》,བ་ལས་སྐྱེད།,
,,506,5,《པེ་》《སྣར་》,mནི།,
,,507,6,《པེ་》《སྣར་》,mནི།,
,,508,7,《པེ་》《སྣར་》,པ།,
,79,509,1,《པེ་》《སྣར་》,mབ།,
,,510,2,《པེ་》《སྣར་》,གྱི།,
,,511,3,《པེ་》《སྣར་》,བསྐྱོད།,
,,512,4,《པེ་》《སྣར་》,གྱི།,
,,513,5,《པེ་》,mཆོས།,
,,514,6,《པེ་》《སྣར་》,སྙེད།,
,,515,7,《པེ་》《སྣར་》,བྱུང་།,
,80,516,1,《པེ་》《སྣར་》,པར།,
,,517,2,《པེ་》《སྣར་》,རེ།,
,,518,3,《པེ་》《སྣར་》,pབ།,
,,519,4,《པེ་》《སྣར་》,སྐྱེད།,
,,520,5,《པེ་》,གིས།,
,,521,6,《པེ་》《སྣར་》,བཞག,
,,522,7,《པེ་》《སྣར་》,ལས།,
,,523,8,《པེ་》《སྣར་》,ཀྱི།,
,81,524,1,《པེ་》《སྣར་》,ལྱང་།,
,,525,2,《པེ་》《སྣར་》,བཞག,
,,526,3,《སྣར་》,ནི།,
,,527,4,《པེ་》《སྣར་》,mརོ།,
,82,528,1,《པེ་》《སྣར་》,བསྡུད།,
,,529,2,《པེ་》,mཔ།,
,,530,3,《པེ་》《སྣར་》,mརྣམ།,
,,531,4,《པེ་》《སྣར་》,རྒྱུ་ནི།,
,,532,5,《པེ་》《སྣར་》,གྱི།,
,,533,6,《པེ་》《སྣར་》,རིམ་གྱི།,
,,534,7,《པེ་》《སྣར་》,པོས།,
,83,535,1,《པེ་》《སྣར་》,mབ།,
,,536,2,《པེ་》《སྣར་》,བསྟན།,
,,537,3,《པེ་》《སྣར་》,ལོག་ཤིན།,
,,538,4,《པེ་》《སྣར་》,རྟགས།,
,,539,5,《པེ་》《སྣར་》,བབས།,
,,540,6,《པེ་》《སྣར་》,བཞག,
,,541,7,《པེ་》,ཏོ།,
,,542,8,《སྣར་》,བཞི།,
,,543,9,《སྣར་》,ཉིད།,
,84,544,1,《པེ་》《སྣར་》,mནི།,
,,545,2,《པེ་》,གིས།,
,,546,3,《པེ་》《སྣར་》,དེ།,
,,547,4,《པེ་》《སྣར་》,འདི།,
,,548,5,《པེ་》《སྣར་》,ཏེ།,
,,549,6,《པེ་》《སྣར་》,མང་མི་ཉུང་།,
,,550,7,《པེ་》《སྣར་》,mའདི་ནི་དང་པོར་གྲངས་བཞིར་ངེས་པའི་གཏན་ཚིགས་མདོར་བསྟན་པའོ། །,
,85,551,1,《པེ་》《སྣར་》,མང་མི་ཉུང་།,
,,552,2,《པེ་》《སྣར་》,གྱི།,
,,553,3,《པེ་》,པ།,
,,554,4,《པེ་》《སྣར་》,གྱིས།,
,,555,5,《པེ་》,འཇུག,
,,556,6,《པེ་》《སྣར་》,གྱི།,
,,557,7,《ཅོ་》,བསྡུས།,
,,558,8,《པེ་》《སྣར་》,ཀྱི།,
,,559,9,《པེ་》《སྣར་》,གྲོལ།,
,86,560,1,《པེ་》《སྣར་》,ལྱང་།,
,,561,2,《པེ་》《སྣར་》,གྱི།,
,,562,3,《པེ་》《སྣར་》,འཕྲད།,
,,563,4,《སྣར་》,མེད།,
,,564,5,《པེ་》《སྣར་》,བསྒོམ།,
,,565,6,《པེ་》《སྣར་》,པ་མ་བསྒོམ།,
,,566,7,《པེ་》《སྣར་》,གྱི།,
,,567,8,《པེ་》《སྣར་》,སྒྲུབ།,
,,568,9,《པེ་》《སྣར་》,གྱུར་པ།,
,,569,10,《པེ་》《སྣར་》,སྒོམ།,
,,570,11,《པེ་》《སྣར་》,པ་སྟེ།,
,87,571,1,《པེ་》《སྣར་》,གྲོལ།,
,,572,2,《པེ་》《སྣར་》,།།  །།,
,,573,3,《པེ་》《སྣར་》,ཀྱིས།,
,,574,4,《པེ་》《སྣར་》,ཀྱི།,
,,575,5,《པེ་》,འབྲེལ་བ་ལ་ཡང་གང་གི།,《སྣར་》,འབྲེལ་བ་ལྱང་།
,,576,6,《སྣར་》,སྨན།,
,,577,7,《པེ་》,ཏུ་སྒོམ།,
,,578,8,《པེ་》《སྣར་》,གང་།,
,,579,9,《པེ་》《སྣར་》,mལ།,
,,580,10,《པེ་》《སྣར་》,ཀྱི།,
,,581,11,《པེ་》《སྣར་》,ཡང་།,
,,582,12,《པེ་》《སྣར་》,བསྟེན།,
,,583,13,《པེ་》,ལྱང་གི་ཚེ།,《སྣར་》,ལྱང་གི་ཚེས།
,88,584,1,《པེ་》《སྣར་》,དེའི།,
,,585,2,《པེ་》《སྣར་》,ཀྱི་བརྡ་འཕྲད།,
,,586,3,《པེ་》,པའོ།,
,,587,4,《པེ་》,པས།,
,,588,5,《སྣར་》,mཏེ།,
,,589,6,《པེ་》《སྣར་》,གྱུར་པ།,
,89,590,1,《པེ་》《སྣར་》,བཟློག,
,,591,2,《པེ་》《སྣར་》,པའི།,
,,592,3,《པེ་》,mཔར།,
,,593,4,《པེ་》《སྣར་》,mཞེས།,
,,594,5,《པེ་》《སྣར་》,བཟློག,
,,595,6,《པེ་》《སྣར་》,བལྟོས།,
,,596,7,《པེ་》《སྣར་》,བལྟོས།,
,,597,8,《པེ་》,ལ་བཟློག,《སྣར་》,ལས་བཟློག
,,598,9,《པེ་》《སྣར་》,བལྟོས།,
,,599,10,《པེ་》《སྣར་》,བལྟོས།,
,,600,11,《པེ་》,གྲོལ།,
,,601,12,《པེ་》《སྣར་》,བཟློག,
,,602,13,《པེ་》《སྣར་》,བཟློག,
,,603,14,《པེ་》《སྣར་》,mབ།,
,,604,15,《པེ་》《སྣར་》,བྱའོ།,
,,605,16,《པེ་》《སྣར་》,ལྱང་གི་ཚེས།,
,,606,17,《སྣར་》,བརྒྱ་ལ།,
,,607,18,《པེ་》《སྣར་》,mནི།,
,,608,19,《པེ་》《སྣར་》,ཏོ།,
,90,609,1,《པེ་》《སྣར་》,པ།,
,,610,2,《པེ་》《སྣར་》,mཕ་རོལ་ཏུ་ཕྱིན་པའི།,
,,611,3,《པེ་》,འཇུག,
,,612,4,《པེ་》,ཀྱི་བརྡའ།,《སྣར་》,ཀྱི་བརྡ།
,,613,5,《པེ་》《སྣར་》,བསྒོམ།,
,,614,6,《པེ་》《སྣར་》,གི།,
,91,615,1,《པེ་》《སྣར་》,བསྒོམས།,
,,616,2,《པེ་》《སྣར་》,ལྱང་།,
,,617,3,《སྣར་》,བཞིར།,
,,618,4,《པེ་》《སྣར་》,ཀྱིས།,
,,619,5,《པེ་》《སྣར་》,བསམས་པ་དང་།  བསྒོམས་པ་ལས་བྱུང་བའི་ཤེས་རབ་དང་།,
,,620,6,《པེ་》,ཏུ་ཕྱིན་པའི།,《སྣར་》,པའི།
,,621,7,《པེ་》《སྣར་》,ཡིན་ཏེ།,
,,622,8,《པེ་》《སྣར་》,mཕ་རོལ་ཏུ་ཕྱིན་པ་ནི་ཤེས་རབ་ཀྱི།,
,,623,9,《པེ་》《སྣར་》,pནི།,
,,624,10,《པེ་》《སྣར་》,སྒྲུབ།,
,,625,11,《པེ་》《སྣར་》,ཀྱི་བརྡའ།,
,,626,12,《སྣར་》,ཞེ་ན།,
,,627,13,《པེ་》《སྣར་》,ཀྱི།,
,,628,14,《སྣར་》,དགྲོལ།,
,,629,15,《པེ་》《སྣར་》,ལས།,
,,630,16,《པེ་》《སྣར་》,བཞིའི།,
,,631,17,《པེ་》《སྣར་》《ཅོ་》,mས།,
,92,632,1,《པེ་》《སྣར་》,mབྱ་བ།,
,,633,2,《པེ་》《སྣར་》,mཀྱི།,
,,634,3,《པེ་》《སྣར་》,mཕྱི་མ།,
,,635,4,《པེ་》《སྣར་》,སྟེན།,
,,636,5,《པེ་》《སྣར་》,mདོན་གྱི།,
,,637,6,《པེ་》《སྣར་》,པའི།,
,93,638,1,《པེ་》《སྣར་》,བསྒོམ།,
,,639,2,《སྣར་》,བསྒོམ།,
,,640,3,《པེ་》《སྣར་》,བརྩོམ།,
,,641,4,《པེ་》《སྣར་》,ལས།,
,,642,5,《པེ་》《སྣར་》,བསྐྱེད།,
,,643,6,《སྣར་》,བསྐྱེད།,
,,644,7,《པེ་》《སྣར་》,ཀྱི།,
,,645,8,《པེ་》,འཐུན།,
,,646,9,《པེ་》《སྣར་》,སྲུང་།,
,,647,10,《ཅོ་》,ནི།,
,,648,11,《པེ་》《སྣར་》,ན།,
,,649,12,《པེ་》《སྣར་》,བཞག,
,94,650,1,《པེ་》《སྣར་》,pགི།,
,,651,2,《སྣར་》,ལས།,
,,652,3,《པེ་》,འཇུག,
,,653,4,《སྣར་》,པའི།,
,,654,5,《པེ་》《སྣར་》,དགྲོལ།,
,,655,6,《པེ་》《སྣར་》,ཀྱི།,
,,656,7,《པེ་》《སྣར་》,ལྱང་།,
,,657,8,《པེ་》《སྣར་》,མོ།,
,,658,9,《པེ་》《སྣར་》,ལ།,
,,659,10,《པེ་》《སྣར་》,mནི།,
,,660,11,《པེ་》《སྣར་》,པོའི།,
,95,661,1,《པེ་》,pརྣམ་པ་དག་དང་།,《སྣར་》,pརྣམ་པར་དག་དང་།
,,662,2,《སྣར་》,ནི།,
,,663,3,《པེ་》《སྣར་》,བཞག,
,,664,4,《པེ་》《སྣར་》,བཞག,
,,665,5,《པེ་》《སྣར་》,pཕྱེ།,
,,666,6,《པེ་》《སྣར་》,བཞག,
,,667,7,《པེ་》《སྣར་》,ཏེ།,
,,668,8,《ཅོ་》,pཏུ།,
,,669,9,《པེ་》《སྣར་》,འཁྲུངས།,
,,670,10,《པེ་》《སྣར་》,བཞི།,
,,671,11,《པེ་》《སྣར་》,བསླ།,
,96,672,1,《པེ་》《སྣར་》,པ།,
,,673,2,《པེ་》《སྣར་》,པར།,
,,674,3,《ཅོ་》,ནུས།,
,,675,4,《པེ་》《སྣར་》,pདུ།,
,,676,5,《པེ་》《སྣར་》,པ།,
,,677,6,《པེ་》《སྣར་》,བ།,
,,678,7,《པེ་》《སྣར་》,གྲོལ།,
,97,679,1,《པེ་》,ཀྱི།,
,,680,2,《པེ་》《སྣར་》,ལྱང་།,
,,681,3,《པེ་》《སྣར་》,mཔ་ལས་མཁས།,
,,682,4,《པེ་》《སྣར་》,དོ།,
,98,683,1,《པེ་》,ཏོ།,
,,684,2,《པེ་》《སྣར་》,གསོག,
,,685,3,《པེ་》,pབ།,
,,686,4,《པེ་》,pསྨིན།,
,,687,5,《པེ་》《སྣར་》,རིག,
,,688,6,《པེ་》,པའི།,
,,689,7,《སྣར་》,ཀྱི།,
,99,690,1,《པེ་》《སྣར་》,གི།,
,,691,2,《པེ་》《སྣར་》,ལྱང་།,
,,692,3,《པེ་》《སྣར་》,པ་སྦྱིན་པ།,
,,693,4,《པེ་》《སྣར་》,pནི་ཉེས་པར་སྤྱོད་པ་དག,
,,694,5,《པེ་》《སྣར་》,བསྡུད།,
,,695,6,《པེ་》《སྣར་》,mལ་སོགས་པ།,
,,696,7,《པེ་》,བསྡུས།,《སྣར་》,བསྡུད།
,100,697,1,《པེ་》,བཞག,
,,698,2,《པེ་》,གིས་སོ་སོ།,《སྣར་》,གི་སོ་སོ།
,,699,3,《པེ་》《སྣར་》,པའི།,
,,700,4,《པེ་》《སྣར་》,བསྡུད།,
,,701,5,《པེ་》《སྣར་》,བླང་བའི།,
,,702,6,《པེ་》《སྣར་》,བསྡུད།,
,,703,7,《པེ་》《སྣར་》,ཞེས།,
,,704,8,《པེ་》《སྣར་》,ཀྱི།,
,,705,9,《པེ་》,བརྟེན།,
,,706,10,《པེ་》,བཞག,
,,707,11,《པེ་》,བསྒྲུབ།,
,,708,12,《པེ་》《སྣར་》,mཔར་བྱེད།,
,,709,13,《པེ་》《སྣར་》,བསྡོམ།,
,101,710,1,《པེ་》《སྣར་》,བསམ།,
,,711,2,《པེ་》《སྣར་》,ཀྱིས།,
,,712,3,《པེ་》《སྣར་》,ཡེ་ཤེས།,
,,713,4,《པེ་》《སྣར་》,རྒྱུུར།,
,,714,5,《པེ་》《སྣར་》,mབ།,
,,715,6,《པེ་》《སྣར་》,སའི་ནང་ནས།,
,,716,7,《པེ་》《སྣར་》,བཟོད།,
,,717,8,《པེ་》《སྣར་》,གི།,
,102,718,1,《པེ་》,འཆོལ།,《སྣར་》,འཚོལ།
,,719,2,《པེ་》《སྣར་》,pབ།,
,,720,3,《པེ་》《སྣར་》,གི།,
,,721,4,《པེ་》《སྣར་》,སྒྲུབ།,
,,722,5,《པེ་》《སྣར་》,པ་ཚོར་བ།,
,,723,6,《པེ་》《སྣར་》,བླངས་ཤིང་།,
,,724,7,《པེ་》《སྣར་》,བླངས་པ།,
,,725,8,《སྣར་》,mདུ།,
,,726,9,《པེ་》,ལ།,
,,727,10,《པེ་》,mལ།,
,,728,11,《པེ་》《སྣར་》,ལ།,
,103,729,1,《སྣར་》,ཀྱི།,
,,730,2,《སྣར་》,ཅི།,
,,731,3,《པེ་》,དེ།,
,,732,4,《པེ་》《སྣར་》,ལྱང་།,
,,733,5,《པེ་》《སྣར་》,བསྡུས།,
,,734,6,《པེ་》《སྣར་》,གྱི།,
,,735,7,《པེ་》《སྣར་》,སྐྱེད།,
,104,736,1,《པེ་》《སྣར་》,བརྩོམ།,
,,737,2,《པེ་》《སྣར་》,mགནས།,
,,738,3,《པེ་》《སྣར་》,གིས།,
,,739,4,《པེ་》《སྣར་》,དག,
,,740,5,《པེ་》《སྣར་》,དཔའ།,
,,741,6,《པེ་》《སྣར་》,mགྱི།,
,105,742,1,《པེ་》《སྣར་》,pནི།,
,,743,2,《པེ་》,དང་།,
,,744,3,《པེ་》《སྣར་》,དེ།,
,,745,4,《པེ་》《སྣར་》,mགང་།,
,,746,5,《པེ་》《སྣར་》,mཔ།,
,,747,6,《པེ་》《སྣར་》,ལྱང་།,
,106,748,1,《པེ་》《སྣར་》,pཔ།,
,,749,2,《པེ་》,པའི།,
,,750,3,《པེ་》《སྣར་》,mའདིར།,
,,751,4,《པེ་》《སྣར་》,mཀྱང་།,
,,752,5,《པེ་》《སྣར་》,ཀྱི།,
,,753,6,《པེ་》《སྣར་》,འབྲེལ།,
,,754,7,《པེ་》《སྣར་》,པའི།,
,107,755,1,《པེ་》《སྣར་》,ལྱང་།,
,,756,2,《པེ་》《སྣར་》,བོ་ཞེས།,
,,757,3,《སྣར་》,འབྲེལ།,
,,758,4,《པེ་》,གསུམ།,
,,759,5,《པེ་》,བརྡའ།,
,,760,6,《པེ་》《སྣར་》,མྱོང་།,
,,761,7,《པེ་》《སྣར་》,བར་བར།,
,,762,8,《པེ་》《སྣར་》,pཔ།,
,,763,9,《པེ་》《སྣར་》,བསྒྲུབ།,
,108,764,1,《པེ་》《སྣར་》,མདུན།,
,,765,2,《པེ་》《སྣར་》,བསྒྲུབ།,
,,766,3,《པེ་》《སྣར་》,ཀྱི།,
,,767,4,《པེ་》《སྣར་》,བསྒྲུབ།,
,109,768,1,《པེ་》《སྣར་》,བསྒྲུབ།,
,,769,2,《པེ་》《སྣར་》,ལྱང་།,
,,770,3,《པེ་》《སྣར་》,ཀྱི།,
,,771,4,《པེ་》《སྣར་》,ཞེས།,
,,772,5,《པེ་》《སྣར་》,རྟོག,
,110,773,1,《པེ་》《སྣར་》,རྟོག,
,,774,2,《པེ་》《སྣར་》,རྣམ།,
,,775,3,《པེ་》《སྣར་》,pམངོན་པ།,
,,776,4,《པེ་》《སྣར་》,པའི་བསྒྲུབ།,
,111,777,1,《པེ་》,འགྲེལ་པ་ལྱང་།,《སྣར་》,བགྲེལ་པ་ལྱང་།
,,778,2,《པེ་》《སྣར་》,ཀྱི།,
,,779,3,《པེ་》《སྣར་》,pལས།,
,,780,4,《པེ་》《སྣར་》,གྱི།,
,,781,5,《པེ་》《སྣར་》,སོ།,
,,782,6,《པེ་》《སྣར་》,བཅུ།,
,,783,7,《པེ་》《སྣར་》,pཡང་།,
,112,784,1,《པེ་》《སྣར་》,mཏེ།,
,,785,2,《པེ་》《སྣར་》,ཏོ།,《སྣར་》,ཞིན།
,a,786,༣,,,
,113,787,1,《པེ་》《སྣར་》,དེ་ཅིའི་ཕྱིར་ཞེ་ན།,
,114,788,1,《སྣར་》,mབ།,
,,789,2,《པེ་》,གྱུར་པའི།,《སྣར་》,འགྱུར་བའི།
,,790,3,《པེ་》《སྣར་》,pམེད་པ།,
,,791,4,《ཅོ་》,mལ།,
,,792,5,《པེ་》《སྣར་》,ལྱང་།,
,,793,6,《པེ་》《སྣར་》,འགྲེལ།,
,115,794,1,《པེ་》《སྣར་》,mགང་།,
,,795,2,《སྣར་》,དགྲོལ།,
,,796,3,《པེ་》,ཀྱི།,
,,797,4,《པེ་》《སྣར་》,པ་ལ།,
,,798,5,《པེ་》《སྣར་》,ཀྱི།,
,116,799,1,《པེ་》《སྣར་》,གྱི།,
,,800,2,《པེ་》《སྣར་》,pནི།,
,117,801,1,《པེ་》《སྣར་》,mཡང་།,
,,802,2,《པེ་》《སྣར་》,pལས།,
,,803,3,《པེ་》《སྣར་》,ལས།,
,,804,4,《པེ་》《སྣར་》,རིག,
,,805,5,《པེ་》《སྣར་》,ལས།,
,,806,6,《པེ་》《སྣར་》,པས།,
,,807,7,《སྣར་》,mངོ་།,
,,808,8,《པེ་》《སྣར་》,གྲོལ།,
,,809,9,《པེ་》《སྣར་》,ལྱང་།,
,,810,10,《པེ་》《སྣར་》,ཉིད་ཀྱི།,
,118,811,1,《པེ་》《སྣར་》,ལྱང་།,
,,812,2,《པེ་》《སྣར་》,གྲོལ།,
,,813,3,《པེ་》《སྣར་》,ལྱང་།,
,,814,4,《སྣར་》,mཇི།,
,119,815,1,《པེ་》《སྣར་》,གྲོལ།,
,,816,2,《པེ་》《སྣར་》,ལྱང་།,
,,817,3,《སྣར་》,པོ།,
,,818,4,《པེ་》《སྣར་》,རམ།,
,,819,5,《པེ་》《སྣར་》,ལྱང་།,
,120,820,1,《པེ་》《སྣར་》,བྱ།,
,,821,2,《པེ་》《སྣར་》,mནི།,
,,822,3,《པེ་》《སྣར་》,mཔ།,
,,823,4,《པེ་》《སྣར་》,གི།,
,,824,5,《པེ་》《སྣར་》,ཏེ།,
,,825,6,《པེ་》,ཀྱིས།,
,,826,7,《པེ་》《སྣར་》,རུང་བརྟག,
,,827,8,《སྣར་》,དེང་།,
,,828,9,《པེ་》《སྣར་》,ལྱང་།,
,121,829,1,《པེ་》《སྣར་》,གི།,
,,830,2,《པེ་》《སྣར་》,གི།,
,,831,3,《པེ་》,བསྡུས།,《སྣར་》,བསྡུད།
,,832,4,《པེ་》《སྣར་》,བཞག,
,,833,5,《པེ་》《སྣར་》,mནི།,
,,834,6,《པེ་》《སྣར་》,བསྟན།,
,122,835,1,《པེ་》《སྣར་》,གི།,
,,836,2,《པེ་》《སྣར་》,བདག,
,,837,3,《པེ་》《སྣར་》,པ་བླ།,
,,838,4,《པེ་》《སྣར་》,པ།,
,,839,5,《པེ་》《སྣར་》,འདོར།,
,123,840,1,《པེ་》《སྣར་》,གི།,
,,841,2,《པེ་》《སྣར་》,pཔ།,
,,842,3,《པེ་》《སྣར་》,mལ།,
,,843,4,《པེ་》,ཉམས།,
,,844,5,《པེ་》《སྣར་》,ཞེའོ།,
,,845,6,《པེ་》《སྣར་》,mལ།,
,124,846,1,《པེ་》《སྣར་》,གྲོལ།,
,,847,2,《པེ་》,ལྱང་།,《སྣར་》,
,125,848,1,《པེ་》《སྣར་》,སྐྱེས་པར།,
,,849,2,《པེ་》《སྣར་》,ལྱང་གང་།,
,,850,3,《པེ་》《སྣར་》,པ་ནི།,
,,851,4,《པེ་》《སྣར་》,བྱེད་དོ་ཞེས་འབྱུང་ངོ་།,
,,852,5,《པེ་》《སྣར་》,mདུ།,
,,853,6,《པེ་》《སྣར་》,ལྱང་གང་།,
,,854,7,《པེ་》《སྣར་》,mཞེས་བཤད་དོ།,
,,855,8,《པེ་》《སྣར་》,ལྱང་།,
,,856,9,《པེ་》《སྣར་》,ཀྱི།,
,126,857,1,《སྣར་》,mཔོ།,
,,858,2,《པེ་》《སྣར་》,ལྱང་།,
,,859,3,《པེ་》《སྣར་》,པའི།,
,,860,4,《པེ་》《སྣར་》,དང་།,
,,861,5,《པེ་》《སྣར་》,པོས།,
,,862,6,《པེ་》《སྣར་》,mཔ།,
,,863,7,《པེ་》《སྣར་》,mནི།,
,,864,8,《པེ་》《སྣར་》,གི།,
,,865,9,《པེ་》《སྣར་》,གཏོགས།,
,,866,10,《པེ་》《སྣར་》,ལྱང་།,
,127,867,1,《པེ་》《སྣར་》,mསྒྲ།,
,,868,2,《ཅོ་》,ཡིན་ནོ།,
,,869,3,《པེ་》《སྣར་》,གི།,
,,870,4,《པེ་》《སྣར་》,པས།,
,,871,5,《པེ་》《སྣར་》,pདེ།,
,,872,6,《པེ་》《སྣར་》,པས།,
,,873,7,《པེ་》《སྣར་》,འགྲོ།,
,,874,8,《པེ་》,ཡང་བ།,《སྣར་》,
,,875,9,《པེ་》《སྣར་》,ཀྱི།,
,,876,10,《པེ་》《སྣར་》,བསྲུངས་པའི།,
,128,877,1,《པེ་》《སྣར་》,གྱུར་པ།,
,,878,2,《པེ་》《སྣར་》,བཀུར།,
,,879,3,《སྣར་》,དགྲོལ།,
,,880,4,《པེ་》,mནི།,
,,881,5,《པེ་》《སྣར་》,མང་བའི།,
,,882,6,《སྣར་》,mལ།,
,,883,7,《པེ་》《སྣར་》,གྲོལ།,
,,884,8,《པེ་》《སྣར་》,གྲོལ།,
,,885,9,《པེ་》《སྣར་》,གིས།,
,,886,10,《པེ་》《སྣར་》,ཏོ།,
,,887,11,《པེ་》《སྣར་》,pདེ།,
,129,888,1,《པེ་》,པ།,
,,889,2,《པེ་》《སྣར་》,ཏེ།,
,,890,3,《པེ་》《སྣར་》,mལས།,
,130,891,1,《པེ་》《སྣར་》,འདོར།,
,,892,2,《པེ་》《སྣར་》,སྒོམ།,
,,893,3,《པེ་》《སྣར་》,mཔ།,
,,894,4,《པེ་》《སྣར་》,སྒོམ།,
,,895,5,《པེ་》《སྣར་》,ཀྱི།,
,131,896,1,《པེ་》《སྣར་》,བསྐོལ།,
,,897,2,《པེ་》《སྣར་》,mདོ།,
,,898,3,《པེ་》《སྣར་》,སྒྲུབ།,
,,899,4,《པེ་》《སྣར་》,mཔ།,
,,900,5,《པེ་》《སྣར་》,པས་སྐྱེད།,
,132,901,1,《པེ་》《སྣར་》,གོང་དུ།,
,,902,2,《པེ་》《སྣར་》,བདག,
,,903,3,《པེ་》《སྣར་》,གིས།,
,,904,4,《ཅོ་》,པས།,
,,905,5,《པེ་》《སྣར་》,གིས།,
,133,906,1,《པེ་》,དེ།,
,,907,2,《པེ་》《སྣར་》,ལ།,
,,908,3,《སྣར་》,mབ།,
,,909,4,《པེ་》《སྣར་》,པོར།,
,,910,5,《པེ་》《སྣར་》,mརྣམས།,
,134,911,1,《པེ་》《སྣར་》,སྦྱར།,
,,912,2,《པེ་》,གྱི།,
,,913,3,《པེ་》,གིས།,
,,914,4,《པེ་》《སྣར་》,པ།,
,,915,5,《པེ་》《སྣར་》,ནམ་ཡང་།,
,135,916,1,《པེ་》,བདུན་གྱིས།,《སྣར་》,
,,917,2,《པེ་》《སྣར་》,ཀྱིས།,
,,918,3,《པེ་》《སྣར་》,mབ།,
,,919,4,《པེ་》《སྣར་》,mབ།,
,136,920,1,《པེ་》,གིས།,
,,921,2,《པེ་》《སྣར་》,ལྱང་།,
,,922,3,《པེ་》《སྣར་》,འཐོབ་པར་འགྱུར་བ།,
,137,923,1,《སྣར་》,རྣམ།,
,,924,2,《པེ་》《སྣར་》,mདག,
,,925,3,《སྣར་》,ཕྱེད།,
,,926,4,《པེ་》,གིས།,
,,927,5,《པེ་》《སྣར་》,གི།,
,,928,6,《པེ་》《སྣར་》,སྟོན།,
,,929,7,《པེ་》《སྣར་》,སྟོན།,
,138,930,1,《སྣར་》,པས།,
,,931,2,《ཅོ་》,pལ།,
,,932,3,《སྣར་》,རབ།,
,,933,4,《པེ་》《སྣར་》,བརྟག,
,,934,5,《པེ་》《སྣར་》,བྱ་སྟེ།,
,139,935,1,《པེ་》《སྣར་》,ན།,
,,936,2,《པེ་》《སྣར་》,འགྱུར།,
,,937,3,《པེ་》《སྣར་》,ལ།,
,,938,4,《པེ་》《སྣར་》,དཔའ།,
,,939,5,《པེ་》《སྣར་》,བྱིན།,
,,940,6,《སྣར་》,མཚམས།,
,,941,7,《པེ་》《སྣར་》,mནི།,
,140,942,1,《པེ་》《སྣར་》,རིམས་ཀྱིས།,
,,943,2,《པེ་》《སྣར་》,འཆད།,
,,944,3,《སྣར་》,pཔར།,
,,945,4,《པེ་》《སྣར་》,ཀྱིས།,
,,946,5,《པེ་》《སྣར་》,གྲོལ།,
,,947,6,《པེ་》《སྣར་》,གྲོལ།,
,141,948,1,《པེ་》《སྣར་》,བསྟན།,
,,949,2,《པེ་》《སྣར་》,mབརྟན་པའི་ཚུལ་ཁྲིམས་ཅན་དང་།,
,,950,3,《པེ་》《སྣར་》,བྱེད།,
,,951,4,《པེ་》,པ་གཞི།,
,,952,5,《པེ་》,པ་གཞི།,《སྣར་》,
,,953,6,《པེ་》《སྣར་》,mཇི་སྐད་དུ།,
,,954,7,《པེ་》《སྣར་》,བསྟན།,
,,955,8,《པེ་》《སྣར་》,ཀྱི།,
,,956,9,《པེ་》《སྣར་》,mཡིན།,
,,957,10,《པེ་》《སྣར་》,mཁྲིམས།,
,142,958,1,《པེ་》《སྣར་》,mདྲུག,
,,959,2,《པེ་》《སྣར་》,བསྟན།,
,,960,3,《པེ་》《སྣར་》,ཏེ།,
,,961,4,《པེ་》《སྣར་》,ཀྱི།,
,,962,5,《པེ་》《སྣར་》,བསྡུད།,
,,963,6,《པེ་》《སྣར་》,དེ་ནི།,
,,964,7,《པེ་》《སྣར་》,pཀྱི།,
,143,965,1,《པེ་》《སྣར་》,པོ།,
,,966,2,《པེ་》,གིས།,
,,967,3,《པེ་》《སྣར་》,སྤྱོད་པ།,
,,968,4,《པེ་》《སྣར་》,འཚང་།,
,,969,5,《པེ་》《སྣར་》,སྟོན།,
,,970,6,《པེ་》《སྣར་》,རྟོག་པ་སྤྱོད་པ།,
,,971,7,《ཅོ་》,pདང་།,
,144,972,1,《པེ་》《སྣར་》,གྱུར་པའི།,
,,973,2,《པེ་》《སྣར་》,འཚང་།,
,,974,3,《པེ་》《སྣར་》,བརྡེག,
,,975,4,《པེ་》《སྣར་》,དེ།,
,145,976,1,《པེ་》《སྣར་》,བསྒོམ།,
,,977,2,《པེ་》《སྣར་》,mགདོན།,
,,978,3,《སྣར་》,གི།,
,,979,4,《པེ་》《སྣར་》,འཁྲུག,
,,980,5,《པེ་》《སྣར་》,པ།,
,,981,6,《པེ་》《སྣར་》,གདགས།,
,,982,7,《པེ་》《སྣར་》,ཆགས།,
,,983,8,《པེ་》《སྣར་》,འོང་།,
,,984,9,《སྣར་》,པ།,
,,985,10,《པེ་》《སྣར་》,སྐྱེ་བ།,
,,986,11,《པེ་》《སྣར་》,ཀྱི།,
,146,987,1,《སྣར་》,pབོ།,《ཅོ་》,
,,988,2,《པེ་》《སྣར་》,བརྡད།,
,,989,3,《པེ་》《སྣར་》,པའོ།,
,,990,4,《པེ་》《སྣར་》,གྲོལ།,
,,991,5,《པེ་》《སྣར་》,ཀྱི།,
,,992,6,《པེ་》《སྣར་》,གྲོལ།,
,,993,7,《པེ་》,གྲོལ།,
,,994,8,《པེ་》《སྣར་》,mདང་།,
,147,995,1,《པེ་》《སྣར་》,གྲོལ།,
,,996,2,《པེ་》《སྣར་》,བ།,
,,997,3,《པེ་》《སྣར་》,གི།,
,,998,4,《པེ་》《སྣར་》,སྟོན།,
,,999,5,《པེ་》《སྣར་》,pརྣམ་པར་བཤད་པ་ཡང་མཚན་ཉིད་རྣམ་པ་བདུན་བཤད་པ་དང་།  མཇུག་བསྡུ་བའོ། །,
,,1000,6,《པེ་》《སྣར་》,ཀྱི།,
,,1001,7,《པེ་》《སྣར་》,pཡང་།,
,,1002,8,《པེ་》《སྣར་》,པར།,
,,1003,9,《པེ་》《སྣར་》,བརྩོམ།,
,,1004,10,《པེ་》《སྣར་》,མཛགས།,
,148,1005,1,《སྣར་》,དེ།,
,,1006,2,《པེ་》《སྣར་》《ཅོ་》,གཅག,
,,1007,3,《སྣར་》,ཀྱི།,
,,1008,4,《པེ་》《སྣར་》,མང་།,
,,1009,5,《པེ་》《སྣར་》,pཡང་།,
,,1010,6,《པེ་》《སྣར་》,མ་གྱུར།,
,,1011,7,《པེ་》《སྣར་》,པ།,
,,1012,8,《པེ་》《སྣར་》,བྱང་།,
,149,1013,1,《པེ་》《སྣར་》,pལ་སོགས་པ།,
,,1014,2,《སྣར་》,བ།,
,,1015,3,《པེ་》《སྣར་》,བསྟན།,
,,1016,4,《པེ་》《སྣར་》,བསྟན།,
,,1017,5,《སྣར་》,བཞག,
,150,1018,1,《པེ་》《སྣར་》,གྱི།,
,,1019,2,《པེ་》《སྣར་》,mཔར་བཤད།,
,,1020,3,《པེ་》《སྣར་》,གྱི།,
,,1021,4,《པེ་》《སྣར་》,ཡོད་པས།,
,,1022,5,《པེ་》《སྣར་》,pམེད།,
,,1023,6,《པེ་》《སྣར་》,བསྟན།,
,,1024,7,《པེ་》《སྣར་》,mབཞིན།,
,,1025,8,《པེ་》《སྣར་》,ཀྱི།,
,,1026,9,《པེ་》《སྣར་》,གྱིས།,
,151,1027,1,《སྣར་》,པར།,
,,1028,2,《པེ་》《སྣར་》,བསྟན།,
,,1029,3,《པེ་》《སྣར་》,mནི།,
,,1030,4,《པེ་》《སྣར་》,mརོ།,
,,1031,5,《པེ་》《སྣར་》,དོ།,
,,1032,6,《པེ་》《སྣར་》,པའོ།,
,,1033,7,《པེ་》《སྣར་》,གི།,
,,1034,8,《པེ་》,རྟོག,
,152,1035,1,《པེ་》《སྣར་》,རྟོག,
,,1036,2,《སྣར་》,ལས།,
,,1037,3,《པེ་》,ཀྱི།,
,,1038,4,《པེ་》《སྣར་》,པའི།,
,,1039,5,《པེ་》《སྣར་》,ཡིན།,
,,1040,6,《སྣར་》,ཀྱིས།,
,153,1041,1,《པེ་》《སྣར་》,གྱི།,
,,1042,2,《པེ་》《སྣར་》,བསྒོམས།,
,,1043,3,《པེ་》《སྣར་》,རྟོག,
,,1044,4,《པེ་》《སྣར་》,རྫོགས།,
,,1045,5,《སྣར་》,རྟོགས།,
,,1046,6,《པེ་》,ཆད་ལྷག,《སྣར་》,
,154,1047,1,《པེ་》《སྣར་》,སྒོམ།,
,,1048,2,《པེ་》《སྣར་》,བསྒོམས།,
,,1049,3,《པེ་》《སྣར་》,mཞེས་བྱའོ།,
,,1050,4,《པེ་》《སྣར་》,བས།,
,,1051,5,《པེ་》《སྣར་》,གི།,
,,1052,6,《པེ་》《སྣར་》,གྱི།,
,,1053,7,《པེ་》《སྣར་》,བསྟན།,
,,1054,8,《པེ་》《སྣར་》,བསྟན།,
,155,1055,1,《སྣར་》,དེ།,
,,1056,2,《པེ་》《སྣར་》,mསྐུར་བའི་ཕྱིར།,
,,1057,3,《པེ་》《སྣར་》,mཔ།,
,,1058,4,《པེ་》,རྟགས།,
,,1059,5,《པེ་》《སྣར་》,བལྟོས།,
,,1060,6,《པེ་》《སྣར་》,བྱུང་།,
,,1061,7,《པེ་》《སྣར་》,པ།,
,,1062,8,《པེ་》《སྣར་》,པས།,
,,1063,9,《པེ་》,དོ།,
,,1064,10,《པེ་》《སྣར་》,mམ།,
,,1065,11,《པེ་》《སྣར་》,mདང་།,
,156,1066,1,《པེ་》《སྣར་》,དེ།,
,,1067,2,《སྣར་》,pད།,
,,1068,3,《པེ་》《སྣར་》,པ།,
,,1069,4,《པེ་》《སྣར་》,pདུ།,
,,1070,5,《པེ་》《སྣར་》,པོ།,
,,1071,6,《པེ་》《སྣར་》,ཀྱིས།,
,,1072,7,《པེ་》《སྣར་》,ཀྱི།,
,157,1073,1,《པེ་》《སྣར་》,mལ།,
,,1074,2,《པེ་》《སྣར་》,mལ།,
,,1075,3,《པེ་》,mདུ།,
,,1076,4,《པེ་》《སྣར་》,pབ།,
,,1077,5,《པེ་》《སྣར་》,སྒོམ།,
,,1078,6,《པེ་》《སྣར་》,རིག,
,158,1079,1,《པེ་》,བསྒྲུབ།,
,,1080,2,《པེ་》,གང་།,
,,1081,3,《པེ་》《སྣར་》,བསྒོམས།,
,,1082,4,《པེ་》《སྣར་》,བསྒོམས།,
,,1083,5,《པེ་》《སྣར་》,རྟོག,
,,1084,6,《སྣར་》,བྱེད།,
,,1085,7,《པེ་》《སྣར་》,mནི།,
,,1086,8,《པེ་》《སྣར་》,mརྣམ་པ།,
,159,1087,1,《པེ་》《སྣར་》,mནི།,
,,1088,2,《པེ་》,སྨི།,
,,1089,3,《པེ་》《སྣར་》,mདུ་ཡོད།,
,,1090,4,《སྣར་》,བཞེད།,
,,1091,5,《པེ་》《སྣར་》,བསྟེན།,
,,1092,6,《པེ་》,གིས་ལམ་གྱི།,《སྣར་》,
,,1093,7,《པེ་》《སྣར་》,mལ།,
,160,1094,1,《སྣར་》,mནོ།,
,,1095,2,《པེ་》《སྣར་》,དཔའ།,
,,1096,3,《པེ་》《སྣར་》,pའདི་ལྟར་བྱང་ཆུབ་སེམས་དཔའི་ཅིའི་ཕྱིར་ཐོས་པ་དང་ཚོལ་བར་བྱེད་ཅེ་ན།,
,,1097,4,《པེ་》《སྣར་》,སྒྲུབ།,
,,1098,5,《སྣར་》,བཅད།,
,,1099,6,《པེ་》《སྣར་》,mདང་།,
,,1100,7,《པེ་》《སྣར་》,ཀྱི།,
,,1101,8,《པེ་》《སྣར་》,བཏགས།,
,161,1102,1,《པེ་》,ཚིགས།,
,,1103,2,《པེ་》,དཔའི།,《སྣར་》,
,,1104,3,《པེ་》《སྣར་》,པ།,
,,1105,4,《པེ་》,དང་།,
,162,1106,1,《པེ་》《སྣར་》,པའི།,
,,1107,2,《པེ་》《སྣར་》,བལྟོས།,
,,1108,3,《པེ་》《སྣར་》,ལས།,
,,1109,4,《པེ་》《སྣར་》,mགཤེགས་པ།,
,163,1110,1,《པེ་》《སྣར་》,pཔ།,
,,1111,2,《པེ་》,ཏེ།,
,,1112,3,《པེ་》,འཐུན།,
,,1113,4,《པེ་》《སྣར་》,pདེ།,
,,1114,5,《པེ་》《སྣར་》,འདིས།,
,,1115,6,《པེ་》,འབྱུང་།,
,164,1116,1,《པེ་》《སྣར་》,པ།,
,,1117,2,《པེ་》,བསྒོམས།,
,,1118,3,《པེ་》,གནན།,《སྣར་》,
,,1119,4,《པེ་》《སྣར་》,སྒོམ།,
,,1120,5,《པེ་》《སྣར་》,གི།,
,,1121,6,《པེ་》《སྣར་》,རྟོག,
,,1122,7,《པེ་》《སྣར་》,mརོ།,
,,1123,8,《པེ་》《སྣར་》,དེས།,
,,1124,9,《པེ་》,pའདི།,
,,1125,10,《པེ་》,བརྡའ།,
,,1126,11,《པེ་》《སྣར་》,mལྔ་པོ།,
,,1127,12,《པེ་》《སྣར་》,mབཅུ་པ།,
,,1128,13,《པེ་》,གིས།,
,165,1129,1,《སྣར་》,pཔ།,
,,1130,2,《པེ་》《སྣར་》,pགསུངས་པ།,
,,1131,3,《པེ་》《སྣར་》,པ་སྟེ།,
,,1132,4,《སྣར་》,mདབང་ཕྱུག,
,,1133,5,《པེ་》《སྣར་》,འཇུག,
,,1134,6,《པེ་》《སྣར་》,ཀྱིས།,
,,1135,7,《པེ་》《སྣར་》,བསྒོམས།,
,166,1136,1,《པེ་》《སྣར་》,mབ།,
,,1137,2,《པེ་》《སྣར་》,mགསུམ།,
,,1138,3,《པེ་》《སྣར་》,mསུ།,
,,1139,4,《སྣར་》,པ།,
,,1140,5,《པེ་》《སྣར་》,པས།,
,167,1141,1,《པེ་》《སྣར་》,བ།,
,,1142,2,《པེ་》《སྣར་》,པ།,
,,1143,3,《པེ་》《སྣར་》,ལས།,
,,1144,4,《པེ་》《སྣར་》,ཀྱི།,
,,1145,5,《སྣར་》,mནི།,
,168,1146,1,《པེ་》《སྣར་》,ལ།,
,,1147,2,《པེ་》《སྣར་》,བསྟན་པ་སྟེ།,
,,1148,3,《པེ་》《སྣར་》,གྱི།,
,,1149,4,《པེ་》《སྣར་》,ཀྱི།,
,169,1150,1,《པེ་》,སོ་རྟོག,《སྣར་》,
,,1151,2,《པེ་》《སྣར་》,ལ།,
,,1152,3,《པེ་》《སྣར་》,རྟག,
,,1153,4,《པེ་》《སྣར་》,རྟོག,
,,1154,5,《པེ་》《སྣར་》,དག,
,,1155,6,《པེ་》,རྒྱུད།,
,170,1156,1,《པེ་》,བསལ།,
,,1157,2,《པེ་》《སྣར་》,mཔར།,
,171,1158,1,《པེ་》,mམ།,
,,1159,2,《པེ་》《སྣར་》,mནས།,
,,1160,3,《སྣར་》,སྐྱེད།,
,,1161,4,《པེ་》《སྣར་》,གྲོལ།,
,,1162,5,《པེ་》《སྣར་》,མཆིས།,
,,1163,6,《པེ་》《སྣར་》,pམ།,
,,1164,7,《པེ་》《སྣར་》,པས་སྤངས་པའི།,
,,1165,8,《པེ་》《སྣར་》,pཐ།,
,172,1166,1,《པེ་》《སྣར་》,པས།,
,,1167,2,《པེ་》《སྣར་》,mབའི།,
,,1168,3,《པེ་》《སྣར་》,mའདི།,
,,1169,4,《པེ་》《སྣར་》,གྲོལ།,
,,1170,5,《པེ་》《སྣར་》,ཞུ།,
,,1171,6,《པེ་》《སྣར་》,གྲོལ།,
,,1172,7,《པེ་》《སྣར་》,པ།,
,173,1173,1,《པེ་》《སྣར་》,mམ།,
,,1174,2,《པེ་》《སྣར་》,བས།,
,,1175,3,《པེ་》《སྣར་》,འདི།,
,,1176,4,《པེ་》《སྣར་》,གསོལ།,
,,1177,5,《པེ་》《སྣར་》,གྲོལ།,
,,1178,6,《པེ་》《སྣར་》,mནི།,
,,1179,7,《པེ་》《སྣར་》,གིས།,
,174,1180,1,《པེ་》《སྣར་》,mལ།,
,,1181,2,《པེ་》《སྣར་》,པ།,
,,1182,3,《སྣར་》,པོ།,
,,1183,4,《པེ་》《སྣར་》,mཆོས།,
,,1184,5,《པེ་》《སྣར་》,ཀྱི་སྤངས་པར།,
,,1185,6,《པེ་》《སྣར་》,mདེ་དག,
,,1186,7,《པེ་》,གིས།,
,175,1187,1,《སྣར་》,པ།,
,,1188,2,《པེ་》《སྣར་》,སྡུས།,
,,1189,3,《པེ་》《སྣར་》,འཐོབ།,
,,1190,4,《པེ་》《སྣར་》,pབ།,
,,1191,5,《སྣར་》,mཅེས།,
,,1192,6,《སྣར་》,ཏེ།,
,176,1193,1,《སྣར་》,pསོ།,
,,1194,2,《པེ་》《སྣར་》,པོ།,
,,1195,3,《པེ་》《སྣར་》,པོ།,
,,1196,4,《པེ་》《སྣར་》,ལ།,
,,1197,5,《པེ་》,དོ།,
,,1198,6,《པེ་》《སྣར་》,གྱུར་པས།,
,177,1199,1,《པེ་》《སྣར་》,mཔར།,
,,1200,2,《པེ་》《སྣར་》,ཀྱི།,
,,1201,3,《པེ་》《སྣར་》,mམ།,
,178,1202,1,《པེ་》《སྣར་》,བསྐལ་པ།,
,,1203,2,《པེ་》,ནམས་བསླང་བ།,《སྣར་》,
,,1204,3,《པེ་》《སྣར་》,པར།,
,,1205,4,《པེ་》《སྣར་》,འཕྲོགས།,
,,1206,5,《པེ་》《སྣར་》,མོའུ་དགལ།,
,,1207,6,《པེ་》《སྣར་》,སྲུངས།,
,,1208,7,《པེ་》《སྣར་》,མོའུ་དགལ་གྱིས།,
,,1209,8,《པེ་》《སྣར་》,བསླངས།,
,179,1210,1,《པེ་》《སྣར་》,ཀྱི།,
,,1211,2,《པེ་》《སྣར་》,mནི།,
,,1212,3,《པེ་》《སྣར་》,mནི།,
,,1213,4,《པེ་》《སྣར་》,ཀྱི།,
,,1214,5,《པེ་》《སྣར་》,ཀྱི།,
,,1215,6,《པེ་》《སྣར་》,འདིས།,
,,1216,7,《པེ་》《སྣར་》,ཀྱི།,
,,1217,8,《པེ་》,གྱི།,《སྣར་》,
,,1218,9,《པེ་》《སྣར་》,ཀྱི།,
,180,1219,1,《པེ་》《སྣར་》,ཀྱི།,
,,1220,2,《པེ་》《སྣར་》,མཚོའི།,
,,1221,3,《པེ་》《སྣར་》,ལྔ།,
,,1222,4,《སྣར་》,mངོ་།,
,,1223,5,《པེ་》,mབཅོས།,
,,1224,6,《པེ་》《སྣར་》,འཕོངས།,
,,1225,7,《པེ་》《སྣར་》,mལ།,
,,1226,8,《པེ་》《སྣར་》,གྱི།,
,,1227,9,《པེ་》《སྣར་》,སྦྱིན།,
,,1228,10,《པེ་》,ལ།,
,,1229,11,《པེ་》《སྣར་》,pལ།,
,,1230,12,《པེ་》《སྣར་》,མནུན།,
,,1231,13,《པེ་》《སྣར་》,pཞེས།,
,181,1232,1,《པེ་》《སྣར་》,ཀླུང་གི།,
,,1233,2,《པེ་》《སྣར་》,བྱིན།,
,,1234,3,《པེ་》《སྣར་》,ཀྱི།,
,,1235,4,《པེ་》《སྣར་》,pགི།,
,,1236,5,《པེ་》《སྣར་》,པར།,
,182,1237,1,《པེ་》《སྣར་》,རིག,
,,1238,2,《པེ་》《སྣར་》,ཀྱི།,
,,1239,3,《པེ་》《སྣར་》,བདག,
,,1240,4,《པེ་》《སྣར་》,འགྱུར།,
,183,1241,1,《པེ་》《སྣར་》,ཀྱི།,
,,1242,2,《པེ་》《སྣར་》,སྦྱིན།,
,,1243,3,《པེ་》《སྣར་》,pལ་སོགས།,
,,1244,4,《པེ་》《སྣར་》,mརོ།,
,,1245,5,《པེ་》《སྣར་》,གི།,
,,1246,6,《པེ་》《སྣར་》,བྱིན།,
,,1247,7,《པེ་》《སྣར་》,ཀྱི།,
,,1248,8,《པེ་》《སྣར་》,འཕོངས།,
,,1249,9,《པེ་》《སྣར་》,mདུ།,
,,1250,10,《པེ་》《སྣར་》,འཕོངས།,
,184,1251,1,《སྣར་》,pཔ།,
,,1252,2,《པེ་》《སྣར་》,འཕོངས།,
,,1253,3,《པེ་》《སྣར་》,ལྱང་།,
,,1254,4,《པེ་》《སྣར་》,ཀྱི།,
,,1255,5,《པེ་》《སྣར་》,ཀྱི།,
,,1256,6,《པེ་》,བལྟོགས།,
,185,1257,1,《པེ་》《སྣར་》,བརྒྱ།,
,,1258,2,《པེ་》《སྣར་》,མཆོང་།,
,,1259,3,《པེ་》《སྣར་》,འཆིལ།,
,,1260,4,《པེ་》《སྣར་》,དང་།,
,,1261,5,《པེ་》,སོགས་པ།,
,,1262,6,《པེ་》《སྣར་》,pནས།,
,,1263,7,《པེ་》《སྣར་》,བླགས།,
,,1264,8,《པེ་》《སྣར་》,གི།,
,,1265,9,《པེ་》《སྣར་》,pཔ།,
,186,1266,1,《པེ་》《སྣར་》,པ་ཡོད།,
,,1267,2,《པེ་》《སྣར་》,mནི།,
,,1268,3,《པེ་》《སྣར་》,pཙམ།,
,,1269,4,《པེ་》《སྣར་》,སྦ།,
,,1270,5,《པེ་》《སྣར་》,mགང་།,
,,1271,6,《པེ་》《སྣར་》,གི།,
,,1272,7,《པེ་》,འཐུང་།,
,,1273,8,《པེ་》《སྣར་》,འཐུང་སྟེ།,
,,1274,9,《པེ་》《སྣར་》,སྨན།,
,,1275,10,《པེ་》《སྣར་》,ཟའམ།,
,,1276,11,《པེ་》《སྣར་》,དཔའ།,
,187,1277,1,《པེ་》《སྣར་》,pདུ།,
,,1278,2,《པེ་》《སྣར་》,དཔའ།,
,,1279,3,《པེ་》《སྣར་》,གི།,
,,1280,4,《པེ་》《སྣར་》,པ།,
,,1281,5,《པེ་》《སྣར་》,པས།,
,,1282,6,《སྣར་》,mཉིད།,
,,1283,7,《པེ་》,pཏེ།,
,188,1284,1,《པེ་》《སྣར་》,ཀྱིས།,
,,1285,2,《པེ་》《སྣར་》,ཀྱི།,
,,1286,3,《པེ་》《སྣར་》,ཟློག,
,189,1287,1,《པེ་》《སྣར་》,གི།,
,,1288,2,《པེ་》《སྣར་》,དེ།,
,,1289,3,《པེ་》《སྣར་》,གི།,
,,1290,4,《པེ་》《སྣར་》,mདུ།,
,,1291,5,《པེ་》《སྣར་》,པ།,
,,1292,6,《པེ་》《སྣར་》,རང་།,
,,1293,7,《པེ་》《སྣར་》,སོར།,
,,1294,8,《པེ་》《སྣར་》,དེ།,
,,1295,9,《པེ་》《སྣར་》,ཀྱིས།,
,,1296,10,《པེ་》《སྣར་》,རྟོག,
,,1297,11,《པེ་》《སྣར་》,འམ།,
,,1298,12,《པེ་》《སྣར་》,pནི།,
,,1299,13,《པེ་》《སྣར་》,འདི།,
,190,1300,1,《པེ་》《སྣར་》,pལས།,
,,1301,2,《པེ་》《སྣར་》,དུ།,
,,1302,3,《པེ་》《སྣར་》,རྟོག,
,,1303,4,《པེ་》《སྣར་》,pང་།,
,,1304,5,《པེ་》《སྣར་》,ཀྱི།,
,191,1305,1,《པེ་》《སྣར་》,ཞུས།,
,,1306,2,《པེ་》《སྣར་》,ཞུས།,
,,1307,3,《པེ་》《སྣར་》,གྲོལ།,
,,1308,4,《པེ་》《སྣར་》,ཞུས།,
,,1309,5,《པེ་》《སྣར་》,པ།,
,,1310,6,《པེ་》《སྣར་》,བསྒོམ།,
,,1311,7,《པེ་》《སྣར་》,པ།,
,192,1312,1,《པེ་》《སྣར་》,བསྒོམ།,
,,1313,2,《པེ་》《སྣར་》,སྒྲུབས་ན།,
,,1314,3,《པེ་》《སྣར་》,བསྒོམ།,
,,1315,4,《པེ་》《སྣར་》,སྒོམ།,
,,1316,5,《པེ་》《སྣར་》,བྱའོ།,
,,1317,6,《པེ་》《སྣར་》,ཀྱི།,
,,1318,7,《པེ་》《སྣར་》,དེ།,
,,1319,8,《པེ་》,དག,《སྣར་》,
,,1320,9,《པེ་》,ཀྱི།,
,193,1321,1,《པེ་》,ངོ་།,
,,1322,2,《པེ་》《སྣར་》,mཞེས།,
,,1323,3,《པེ་》《སྣར་》,དེ།,
,,1324,4,《སྣར་》,གི།,
,,1325,5,《པེ་》《སྣར་》,གིས།,
,,1326,6,《པེ་》《སྣར་》,mམི།,
,,1327,7,《པེ་》,ན་ཉོན་མོངས།,《སྣར་》,
,,1328,8,《པེ་》《སྣར་》,བ།,
,,1329,9,《པེ་》《སྣར་》,ཀྱི།,
,194,1330,1,《པེ་》,ཆོས།,
,,1331,2,《སྣར་》,བཏན།,
,,1332,3,《སྣར་》,mདང་།,
,,1333,4,《པེ་》《སྣར་》,mཔ།,
,,1334,5,《སྣར་》,འབྲི་བ།,
,,1335,6,《སྣར་》,ལན།,
,,1336,7,《པེ་》《སྣར་》,བས།,
,,1337,8,《པེ་》《སྣར་》,གི།,
,195,1338,1,《སྣར་》,ང་།,
,,1339,2,《པེ་》,ཏོ།,《སྣར་》,
,,1340,3,《པེ་》《སྣར་》,བ་དང་།,
,,1341,4,《སྣར་》,པས།,
,,1342,5,《པེ་》《སྣར་》,རིག,
,196,1343,1,《པེ་》《སྣར་》,mབཤད་དོ།,
,,1344,2,《པེ་》《སྣར་》,ཀྱི།,
,,1345,3,《པེ་》《སྣར་》,དབྱེ།,
,,1346,4,《པེ་》《སྣར་》,བརྟག,
,,1347,5,《པེ་》,pདེ།,
,197,1348,1,《པེ་》《སྣར་》,བརྟག,
,,1349,2,《པེ་》《སྣར་》,བསྒོམས།,
,,1350,3,《པེ་》《སྣར་》,mདུ།,
,,1351,4,《པེ་》《སྣར་》《ཅོ་》,བསྒོམ།,
,,1352,5,《པེ་》《སྣར་》,བལྟོས།,
,,1353,6,《སྣར་》,ཀྱི།,
,,1354,7,《པེ་》《སྣར་》,བལྟོས།,
,,1355,8,《པེ་》《སྣར་》,རྟོག,
,198,1356,1,《པེ་》《སྣར་》,སྒོམ།,
,,1357,2,《པེ་》《སྣར་》,རིག་པ་ལ་བལྟོས།,
,199,1358,1,《པེ་》《སྣར་》,བསྒོམས།,
,,1359,2,《པེ་》《སྣར་》,འབྱུང་།,
,,1360,3,《པེ་》《སྣར་》,ཉམས།,
,,1361,4,《པེ་》《སྣར་》,pན།,
,,1362,5,《པེ་》《སྣར་》,ནོན།,
,,1363,6,《པེ་》,བསྒོམས།,
,,1364,7,《པེ་》,བ་ནི་གསུམ།,《སྣར་》,
,,1365,8,《པེ་》《སྣར་》,པ་ནི།,
,,1366,9,《པེ་》《སྣར་》,བརྟག,
,200,1367,1,《པེ་》《སྣར་》,རིག,
,,1368,2,《པེ་》《སྣར་》,mན།,
,,1369,3,《པེ་》《སྣར་》,mཐམས་ཅད་དུས།,
,,1370,4,《པེ་》《སྣར་》,pན།,
,,1371,5,《པེ་》《སྣར་》,གི།,
,,1372,6,《པེ་》《སྣར་》,སྡེའི།,
,,1373,7,《པེ་》,པས།,
,,1374,8,《པེ་》《སྣར་》,mཞེའོ།,
,201,1375,1,《པེ་》《སྣར་》,mའདི།,
,,1376,2,《སྣར་》,མས་སྡུས།,
,,1377,3,《པེ་》《སྣར་》,ལ།,
,,1378,4,《པེ་》《སྣར་》,mནི།,
,,1379,5,《པེ་》《སྣར་》,གསུངས་པས།,
,,1380,6,《པེ་》《སྣར་》,pགི།,
,202,1381,1,《པེ་》,བསྒོམས།,
,,1382,2,《པེ་》《སྣར་》,སྤོང་།,
,,1383,3,《པེ་》,དུས།,
,,1384,4,《སྣར་》,mལེན།,
,,1385,5,《སྣར་》,དོགས།,
,,1386,6,《པེ་》《སྣར་》,ཞེས།,
,203,1387,1,《པེ་》《སྣར་》,ཞེས།,
,,1388,2,《པེ་》《སྣར་》,འདི།,
,,1389,3,《པེ་》《སྣར་》,པའི་པགས།,
,,1390,4,《པེ་》《སྣར་》,ལྱང་།,
,,1391,5,《པེ་》《སྣར་》,པགས།(ཆོས་ཚན་འདིའི་ནང་དུ་ལྤགས་ཞེས་པ་རྣམས་《པེ་》《སྣར་》ལ་པགས་ཞེས་འཁོད་ཀྱང་བསྡུར་མཆན་དུ་བཀོད་མེད།),
,204,1392,1,《པེ་》《སྣར་》,བསྟེན།,
,,1393,2,《ཅོ་》,བས།,
,,1394,3,《པེ་》《སྣར་》,mཔ།,
,,1395,4,《པེ་》《སྣར་》,pནི།,
,,1396,5,《པེ་》《སྣར་》,པར།,
,,1397,6,《པེ་》《སྣར་》,ཀྱི།,
,205,1398,1,《པེ་》《སྣར་》,mམ།,
,,1399,2,《པེ་》《སྣར་》,སྒོམ།,
,,1400,3,《པེ་》《སྣར་》,སྐབས་ན།,
,,1401,4,《པེ་》《སྣར་》,ན།,
,,1402,5,《པེ་》《སྣར་》,རིག,
,,1403,6,《སྣར་》,པྲི།,
,,1404,7,《པེ་》《སྣར་》,བས།,
,,1405,8,《པེ་》《སྣར་》,བཞག,
,,1406,9,《པེ་》《སྣར་》,ལྱང་།,
,206,1407,1,《པེ་》《སྣར་》,མི།,
,,1408,2,《པེ་》《སྣར་》,ཀྱི།,
,,1409,3,《པེ་》《སྣར་》,འབྱེད་དོ།,《ཅོ་》,
,,1410,4,《པེ་》《སྣར་》,pས།,
,,1411,5,《སྣར་》,ལ།,
,,1412,6,《པེ་》《སྣར་》,པ།,
,,1413,7,《སྣར་》,བྱ་སྟེ།,
,,1414,8,《སྣར་》,སྤྱད།,
,207,1415,1,《པེ་》《སྣར་》,བ་ནི།,
,,1416,2,《པེ་》《སྣར་》,ལས།,
,,1417,3,《པེ་》《སྣར་》,ལས།,
,,1418,4,《པེ་》,ཡང་ཡོད་དེ།,《སྣར་》,
,,1419,5,《པེ་》《སྣར་》,སྒོམ།,
,,1420,6,《པེ་》《སྣར་》,mསུ།,
,,1421,7,《པེ་》《སྣར་》,གྱི།,
,208,1422,1,《སྣར་》,མ།,
,,1423,2,《པེ་》,mལེན།,
,,1424,3,《པེ་》《སྣར་》,ཀྱི།,
,,1425,4,《པེ་》《སྣར་》,པ།,
,,1426,5,《པེ་》《སྣར་》《ཅོ་》,བུའོ། །སྤང་བས།,
,,1427,6,《པེ་》《སྣར་》,སྦྱོར།,
,,1428,7,《པེ་》《སྣར་》,འཇོམ།,
,,1429,8,《པེ་》《སྣར་》,སྤང་བས།,《སྣར་》,
,,1430,9,《པེ་》,འཇོམ་ཞིང་།,《སྣར་》,
,,1431,10,《པེ་》《སྣར་》,སྤང་བ།,
,209,1432,1,《པེ་》《སྣར་》,སྤང་བ།,
,,1433,2,《པེ་》《སྣར་》,ལྱང་།,
,,1434,3,《སྣར་》,གི།,
,,1435,4,《པེ་》《སྣར་》,mབ།,
,,1436,5,《སྣར་》,mརབ་ཏུ།,
,,1437,6,《པེ་》《སྣར་》,གི།,
,,1438,7,《པེ་》《སྣར་》,གྱི།,
,,1439,8,《པེ་》《སྣར་》,mནི།,
,,1440,9,《པེ་》《སྣར་》,སྤང་བས།,
,,1441,10,《པེ་》《སྣར་》,གྲོལ།,
,,1442,11,《པེ་》《སྣར་》,སྤང་བས།,
,,1443,12,《པེ་》《སྣར་》,སྤང་བ།,
,,1444,13,《པེ་》《སྣར་》,སྤང་བ།,
,210,1445,1,《པེ་》《སྣར་》,གྲོལ།,
,,1446,2,《པེ་》《སྣར་》,ཀྱི་སྟེ།,
,,1447,3,《པེ་》《སྣར་》,གི།,
,,1448,4,《པེ་》《སྣར་》,pགསུམ།,
,211,1449,1,《པེ་》《སྣར་》,pདུ།,
,,1450,2,《པེ་》,གྱི།,
,,1451,3,《པེ་》《སྣར་》,སྤང་།,
,,1452,4,《པེ་》,པྲད།,《སྣར་》,
,,1453,5,《པེ་》《སྣར་》,པ།,
,,1454,6,《སྣར་》,པ།,
,,1455,7,《པེ་》《སྣར་》,བུས།,
,,1456,8,《པེ་》《སྣར་》,mམ།,
,,1457,9,《པེ་》《སྣར་》,བུའི་སྤང་བའི།,
,212,1458,1,《པེ་》《སྣར་》,ཕྱེ།  ,
,,1459,2,《པེ་》《སྣར་》,pགཉིས་པ་ནི་ས་བརྒྱད་པ་ལ་སྤྲི་ལ་ཡོད་པ་ལྟ་བུའི་གནས་ངན་ལེན་སྤངས་པས་ཤིན་ཏུ་ཕྲ་བའི་དོན་གསལ་བར་འགྱུར་བའི་ཕྱིར་སྤྲི་ལ་ཡོད་པ་ལྟ་བུ་སྤངས་པའི་ཕྱིར་ནི་གསུམ་པ་དེ་རབ་ཏུ་དབྱེ་བ་ཡིན་ནོ་ཞེས་བྱ་བ་གསུངས་པ་ཡིན་ནོ།  །,
,,1460,3,《པེ་》《སྣར་》,pཔ།  ,
,,1461,4,《པེ་》《སྣར་》,སྤང་བའི།,
,,1462,5,《པེ་》《སྣར་》,pཔ།,
,,1463,6,《སྣར་》,པ།,
,,1464,7,《པེ་》《སྣར་》,pཚེ།,
,,1465,8,《པེ་》《སྣར་》,གྲོལ།,
,,1466,9,《པེ་》《སྣར་》,pབཅོམ་ལྡན་འདས་ཀྱིས་སྤྱན་རས་གཟིགས་དབང་ཕྱུག་ལ་བཀའ་སྩལ་པ།  རྣམ་པ་གསུམ་གྱི་སྟེ་དང་པོ་ནི་པགས་ཤུན་ལ་བསྟན་ཏོ་ཞེས་བསྟན་པར་འགྱུར་རོ།  །མཚམས་རྣམ་པར་གྲོལ་བའི་མདོ་ལས་ནི།   སྐྱོན་རྣམ་པ་དུ་ཞིག་སྤངས་པ་ཉོན་མོངས་པ་དེ་དག་སྤངས་པ་ཞེས་བགྱི་ལགས། ་,
,,1467,10,《སྣར་》,mཔ།,
,,1468,11,《པེ་》《སྣར་》,སྤང་བ།,
,213,1469,1,《པེ་》《སྣར་》,mདང་པོ།,
,,1470,2,《པེ་》《སྣར་》,སྤང་བས།,
,,1471,3,《པེ་》《སྣར་》,mཔ།,
,,1472,4,《པེ་》《སྣར་》,mས།,
,,1473,5,《པེ་》,སོ་སོ།,《སྣར་》,
,,1474,6,《པེ་》《སྣར་》,ལ།,
,,1475,7,《སྣར་》,གཟུང་།,
,214,1476,1,《སྣར་》,གི།,
,,1477,2,《པེ་》《སྣར་》,pལ།,
,,1478,3,《སྣར་》,mལེན།,
,,1479,4,《པེ་》《སྣར་》,pགནས་ངན་ལེན།,
,,1480,5,《པེ་》《སྣར་》,གི།,
,,1481,6,《པེ་》《སྣར་》,།།  །།,
,,1482,7,《པེ་》《སྣར་》,པས།,
,215,1483,1,《པེ་》,གིས་ཚད་ཀྱི།,《སྣར་》,
,,1484,2,《པེ་》《སྣར་》,ནི།,
,,1485,3,《པེ་》《སྣར་》,pསོ།,
,,1486,4,《པེ་》《སྣར་》,ལྱང་།,
,,1487,5,《པེ་》《སྣར་》,བཞག་པ།,
,,1488,6,《པེ་》《སྣར་》,ཀྱི།,
,,1489,7,《པེ་》《སྣར་》,སྤང་བའི།,
,216,1490,1,《པེ་》《སྣར་》,pལ།,
,,1491,2,《སྣར་》,བཞུགས།,
,,1492,3,《པེ་》《སྣར་》,བགྲངས་པར།,
,,1493,4,《སྣར་》,བྱེད།,
,,1494,5,《པེ་》《སྣར་》,སྐལ།,
,,1495,6,《པེ་》《སྣར་》,mཚོད།,
,,1496,7,《པེ་》《སྣར་》,པས།,
,,1497,8,《པེ་》《སྣར་》,པ།,
,217,1498,1,《པེ་》《སྣར་》,གྱི།,
,,1499,2,《པེ་》《སྣར་》,བྱ་བ།,
,,1500,3,《པེ་》《སྣར་》,སྙོད།,
,218,1501,1,《པེ་》《སྣར་》,སྙོད།,
,,1502,2,《པེ་》《སྣར་》,པ།,
,,1503,3,《པེ་》《སྣར་》,བསལ།,
,,1504,4,《པེ་》《སྣར་》,གི།,
,,1505,5,《པེ་》《སྣར་》,pམ།,
,,1506,6,《པེ་》《སྣར་》,དེར།,
,,1507,7,《པེ་》《སྣར་》,ཀྱི།,
,,1508,8,《པེ་》《སྣར་》,དེས།,
,219,1509,1,《པེ་》《སྣར་》,ཞིག,
,,1510,2,《པེ་》《སྣར་》,གྱིས་མྱུར་བ།,
,,1511,3,《པེ་》《སྣར་》,ཀྱིས།,
,,1512,4,《སྣར་》,ལྟ།,
,,1513,5,《པེ་》,mམི།,
,,1514,6,《པེ་》《སྣར་》,ལ།,
,220,1515,1,《པེ་》《སྣར་》,དགོས།,
,,1516,2,《པེ་》《སྣར་》,pཔར།,
,,1517,3,《པེ་》《སྣར་》,འཚུམ།,
,,1518,4,《པེ་》《སྣར་》,དབུག,
,,1519,5,《པེ་》《སྣར་》,དེ།,
,,1520,6,《པེ་》《སྣར་》,mནི།,
,,1521,7,《པེ་》《སྣར་》,pནི།,
,,1522,8,《པེ་》《སྣར་》,ཁྲིག,
,,1523,9,《པེ་》《སྣར་》,pདུས།,
,,1524,10,《པེ་》《སྣར་》,འདི།,
,221,1525,1,《པེ་》《སྣར་》,pདེ།,
,,1526,2,《པེ་》,འགྲང་།,
,,1527,3,《པེ་》《སྣར་》,དེའི།,
,,1528,4,《པེ་》《སྣར་》,mཅིག,
,,1529,5,《པེ་》《སྣར་》,mབཞི།,
,,1530,6,《སྣར་》,pབ།,
,222,1531,1,《པེ་》《སྣར་》,འགྲེལ་པ།,
,,1532,2,《པེ་》《སྣར་》,མིན།,
,,1533,3,《པེ་》《སྣར་》,འགྲིབ།,
,223,1534,1,《པེ་》《སྣར་》,སྟོངས།,
,,1535,2,《སྣར་》,སྐལ་བ།,
,,1536,3,《སྣར་》,pཔ།,
,,1537,4,《པེ་》,གིས།,
,,1538,5,《པེ་》《སྣར་》,pན།,
,,1539,6,《པེ་》《སྣར་》,ཅུ་པའི།,
,224,1540,1,《པེ་》《སྣར་》,ཀྱི།,
,,1541,2,《པེ་》《སྣར་》,བྱའོ།,
,,1542,3,《ཅོ་》,པོའི།,
,,1543,4,《པེ་》《སྣར་》,སྒྲུབ།,
,,1544,5,《པེ་》《སྣར་》,ཀྱི།,
,,1545,6,《པེ་》《སྣར་》,པ།,
,,1546,7,《པེ་》《སྣར་》,གྲུབ།,
,,1547,8,《པེ་》《སྣར་》,དོན།,
,225,1548,1,《པེ་》《སྣར་》,mནི།,
,,1549,2,《པེ་》《སྣར་》,mཔ།,
,,1550,3,《པེ་》《སྣར་》,mཞེས་བྱ་བ་ལ་སོགས་པས་ནི།,
,,1551,4,《པེ་》《སྣར་》,ཞུས་པ།,
,,1552,5,《པེ་》《སྣར་》,བ།,
,,1553,6,《པེ་》《སྣར་》,mཀྱི།,
,,1554,7,《སྣར་》,རྟོག,
,,1555,8,《པེ་》《སྣར་》,སྐྱེད།,
,226,1556,1,《པེ་》《སྣར་》,ལས།,
,,1557,2,《པེ་》《སྣར་》,སྐྱེད།,
,,1558,3,《སྣར་》,མི་ནོན།,
,,1559,4,《པེ་》《སྣར་》,སྐྱེད།,
,,1560,5,《པེ་》《སྣར་》,ཀྱི།,
,,1561,6,《པེ་》《སྣར་》,གསད།,
,,1562,7,《པེ་》《སྣར་》,སྐྱེ་སྟེ།,
,227,1563,1,《པེ་》《སྣར་》,བསྐྱེད།,
,,1564,2,《པེ་》《སྣར་》,དོ།,
,,1565,3,《པེ་》,ཀྱི།,
,,1566,4,《པེ་》《སྣར་》,ཀྱི།,
,,1567,5,《པེ་》《སྣར་》,མེད།,
,,1568,6,《པེ་》,ཀྱིས་གསད།,《སྣར་》,
,,1569,7,《པེ་》《སྣར་》,གསད།,
,,1570,8,《པེ་》《སྣར་》,ཀྱི།,
,228,1571,1,《པེ་》《སྣར་》,རླག,
,,1572,2,《པེ་》《སྣར་》,mཔ།,
,,1573,3,《པེ་》《སྣར་》,mས།,
,,1574,4,《པེ་》《སྣར་》,བའི།,
,,1575,5,《པེ་》《སྣར་》,ཀྱི།,
,,1576,6,《པེ་》《སྣར་》,mདེ།,
,,1577,7,《པེ་》《སྣར་》,སྐྱེད།,
,,1578,8,《པེ་》《སྣར་》,དེ།,
,229,1579,1,《པེ་》《སྣར་》,ཀྱི།,
,,1580,2,《སྣར་》,བསྐྱེད།,
,,1581,3,《པེ་》,པའི།,
,,1582,4,《སྣར་》,གཏེར།,
,230,1583,1,《པེ་》《སྣར་》,གིས།,
,,1584,2,《པེ་》《སྣར་》,mདང་།,
,,1585,3,《པེ་》,mདེ།,
,,1586,4,《པེ་》《སྣར་》,ལ།,
,,1587,5,《པེ་》《སྣར་》,pལྟ།,
,,1588,6,《པེ་》,བསྒྱུར།,
,,1589,7,《སྣར་》,པོའི།,
,,1590,8,《པེ་》《སྣར་》,pཔ།,
,,1591,9,《པེ་》《སྣར་》,བའི།,
,231,1592,1,《པེ་》,ཟླ་བའི་ཕྱེད།,《སྣར་》,
,,1593,2,《སྣར་》,pཔས།,
,,1594,3,《པེ་》《སྣར་》,གི།,
,,1595,4,《པེ་》《སྣར་》,གི།,
,,1596,5,《པེ་》《སྣར་》,བསམ།,
,,1597,6,《སྣར་》,སཱར།,
,,1598,7,《པེ་》《སྣར་》,ན།,
,,1599,8,《པེ་》《སྣར་》,བླང་།,
,,1600,9,《སྣར་》,གྱི།,
,,1601,10,《པེ་》《སྣར་》,pརང་།,
,,1602,11,《སྣར་》,ལྔ།,
,232,1603,1,《པེ་》《སྣར་》,ཀྱང་།,
,,1604,2,《པེ་》《སྣར་》,mདུ།,
,,1605,3,《པེ་》《སྣར་》,གི།,
,,1606,4,《པེ་》《སྣར་》,རྟག,
,,1607,5,《པེ་》《སྣར་》,སྐྱེད།,
,,1608,6,《པེ་》《སྣར་》,mཕྱིར།,
,,1609,7,《པེ་》《སྣར་》,pལྡན།,
,233,1610,1,《པེ་》《སྣར་》,ཀྱིས།,
,,1611,2,《པེ་》《སྣར་》,mདག,
,234,1612,1,《པེ་》《སྣར་》,ན།,
,,1613,2,《པེ་》《སྣར་》,mཔར་བསྟན།,
,,1614,3,《པེ་》《སྣར་》,སྐྱེད།,
,,1615,4,《པེ་》《སྣར་》,སྟོན།,
,,1616,5,《པེ་》《སྣར་》,pཞེས་ཟེར་བ་ནི་སྒྲོ་འདོགས་པ།,
,,1617,6,《པེ་》《སྣར་》,གི།,
,,1618,7,《སྣར་》,pདུ།,
,,1619,8,《པེ་》《སྣར་》,རིག,
,,1620,9,《སྣར་》,པར།,
,235,1621,1,《པེ་》《སྣར་》,ཀྱི།,
,,1622,2,《པེ་》《སྣར་》,རྗོད་པའི་དོན།,
,,1623,3,《པེ་》《སྣར་》,འགྱུར།,
,,1624,4,《པེ་》《སྣར་》,གྱུར།,
,,1625,5,《པེ་》《སྣར་》,pརིགས་སེམས་ཅན་གྱི།,
,,1626,6,《པེ་》《སྣར་》,ཀྱི།,
,,1627,7,《པེ་》《སྣར་》,བཞག,
,236,1628,1,《པེ་》《སྣར་》,འདིའི།,
,,1629,2,《པེ་》,ཀྱི།,
,,1630,3,《པེ་》《སྣར་》,འགྱུར།,
,,1631,4,《པེ་》《སྣར་》,པ།,
,,1632,5,《པེ་》《སྣར་》,ཀྱི།,
,,1633,6,《པེ་》《སྣར་》,སྒོམས།,
,237,1634,1,《པེ་》《སྣར་》,ཡིན་ནོ།,
,,1635,2,《པེ་》《སྣར་》,པ་ནི།,
,,1636,3,《པེ་》《སྣར་》,དང་།,
,,1637,4,《པེ་》,བཟློས།,
,,1638,5,《པེ་》《སྣར་》,པའི།,
,,1639,6,《པེ་》,བཟློས།,
,,1640,7,《པེ་》《སྣར་》,པ།,
,,1641,8,《པེ་》《སྣར་》,ཀྱི།,
,238,1642,1,《པེ་》,རྣམས་པ།,《སྣར་》,
,,1643,2,《པེ་》《སྣར་》,pདང་།,
,,1644,3,《པེ་》《སྣར་》,པ།,
,,1645,4,《སྣར་》,pཇི།,
,,1646,5,《པེ་》《སྣར་》,mདུ།,
,,1647,6,《སྣར་》,བཟུང་།,
,239,1648,1,《པེ་》《སྣར་》,པས།,
,,1649,2,《པེ་》《སྣར་》,བཟུང་།,
,,1650,3,《པེ་》《སྣར་》,བཟུང་།,
,,1651,4,《པེ་》《སྣར་》,སྐུལ།,
,,1652,5,《སྣར་》,པ་ནི།,
,,1653,6,《པེ་》《སྣར་》,བ།,
,,1654,7,《པེ་》《སྣར་》,ལྱང་།,
,240,1655,1,《པེ་》《སྣར་》,mཆེན་པོ།,
,,1656,2,《པེ་》,འཐུན།,
,,1657,3,《པེ་》《སྣར་》,ཡིན།,
,,1658,4,《པེ་》,རྟོགས།,
,,1659,5,《པེ་》《སྣར་》,པོའི།,
,,1660,6,《པེ་》《སྣར་》,འཇོམ།,
,,1661,7,《པེ་》《སྣར་》,p།   །བམ་པོ་དྲུག་ཅུ་རྩ་དྲུག་པ།,
,,1662,8,《པེ་》《སྣར་》,བསྒྲུབ།,
,,1663,9,《པེ་》《སྣར་》,mབམ་པོ་དྲུག་ཅུ་རྩ་དྲུག་པ།,
,,1664,10,《པེ་》《སྣར་》,ལེའུ།,
,,1665,11,《པེ་》《སྣར་》,པས།,
,241,1666,1,《པེ་》,ད།,
,,1667,2,《པེ་》,གནས།,
,,1668,3,《པེ་》《སྣར་》,གཏན།,
,,1669,4,《པེ་》,སྒྲུབ།,
,,1670,5,《པེ་》《སྣར་》,pཔ།,
,242,1671,1,《པེ་》《སྣར་》,བསྒྲུབ།,
,,1672,2,《པེ་》《སྣར་》,བསྒྲུབ།,
,,1673,3,《པེ་》《སྣར་》,བསྒྲུབ།,
,,1674,4,《པེ་》《སྣར་》,འཕྲིན།,
,,1675,5,《སྣར་》,mན།,
,,1676,6,《པེ་》《སྣར་》,བསྒྲུབ།,
,,1677,7,《པེ་》《སྣར་》,སུམ་ཅར།,
,243,1678,1,《པེ་》《སྣར་》,ཉིད།,
,,1679,2,《པེ་》《སྣར་》,པས།,
,,1680,3,《པེ་》《སྣར་》,འདིར།,
,,1681,4,《པེ་》《སྣར་》,པ།,
,,1682,5,《པེ་》《སྣར་》,mདོན་དང་། ་་་་་་དེ་ལ་ཡང་དག་པར་བཤད་པའི།,
,244,1683,1,《པེ་》《སྣར་》,mའདི།,
,,1684,2,《པེ་》《སྣར་》,pཔ།,
,,1685,3,《པེ་》《སྣར་》,གྱིས་བརླབས།,
,,1686,4,《པེ་》《སྣར་》,གི།,
,,1687,5,《སྣར་》,mཉིད།,
,,1688,6,《པེ་》《སྣར་》,ཀྱི།,
,245,1689,1,《པེ་》,mཔ།,
,,1690,2,《པེ་》《སྣར་》,pཕྱིར།,
,,1691,3,《པེ་》《སྣར་》,པའི།,
,,1692,4,《པེ་》《སྣར་》,ཀྱི།,
,,1693,5,《སྣར་》,གྱི།,
,,1694,6,《པེ་》《སྣར་》,འཕྲེང་།,
,,1695,7,《པེ་》《སྣར་》,གྱི།,
,,1696,8,《པེ་》《སྣར་》,ཀྱིས།,
,,1697,9,《པེ་》《སྣར་》,pདག,
,246,1698,1,《པེ་》《སྣར་》,པ་ཡིན་ཀྱང་།,
,,1699,2,《པེ་》《སྣར་》,བསྒོམ།,
,,1700,3,《པེ་》《སྣར་》,པའོ།,
,,1701,4,《པེ་》《སྣར་》,བསྒྲུབ།,
,,1702,5,《པེ་》《སྣར་》,བསྒྲུབ།,
,,1703,6,《པེ་》《སྣར་》,བལྟོས།,
,,1704,7,《པེ་》《སྣར་》,mལ།,
,247,1705,1,《པེ་》《སྣར་》,mལས།,
,,1706,2,《པེ་》《སྣར་》,པ།,
,,1707,3,《པེ་》《སྣར་》,པར།,
,248,1708,1,《པེ་》《སྣར་》,བཞིན་དུ།,
,,1709,2,《པེ་》《སྣར་》,བཞག,
,,1710,3,《པེ་》,བསྟན།,
,,1711,4,《པེ་》《སྣར་》,བསྒོམ།,
,,1712,5,《པེ་》《སྣར་》,ལྱང་།,
,,1713,6,《པེ་》《སྣར་》,བསྒོམ།,
,,1714,7,《པེ་》《སྣར་》,mདོ།,
,,1715,8,《པེ་》《སྣར་》,རྒྱ།,
,,1716,9,《པེ་》《སྣར་》,པོའི།,
,,1717,10,《པེ་》《སྣར་》,ལྱང་།,
,249,1718,1,《པེ་》《སྣར་》,པས།,
,,1719,2,《པེ་》,བཟུང་བར།,《སྣར་》,
,,1720,3,《པེ་》《སྣར་》,དང་།,
,,1721,4,《པེ་》《སྣར་》,གྲོལ།,
,,1722,5,《པེ་》《སྣར་》,གྲོལ།,
,,1723,6,《པེ་》《སྣར་》,པ།,
,,1724,7,《པེ་》《སྣར་》,དོ།།,
,250,1725,1,《པེ་》《སྣར་》,mརོ་ཞེས།,
,,1726,2,《པེ་》,གྱི།,
,,1727,3,《པེ་》《སྣར་》,གི།,
,,1728,4,《པེ་》《སྣར་》,ཀྱི།,
,,1729,5,《པེ་》,དཔའ།,
,,1730,6,《པེ་》《སྣར་》,དཔེ།,
,,1731,7,《པེ་》《སྣར་》,བ།,
,251,1732,1,《པེ་》《སྣར་》,pརོ།,
,,1733,2,《པེ་》《སྣར་》,དུ།,
,,1734,3,《པེ་》《སྣར་》,mས།,
,,1735,4,《པེ་》《སྣར་》,ལགས།,
,,1736,5,《པེ་》《སྣར་》,བྲལ།,
,,1737,6,《པེ་》《སྣར་》,འཐབ།,
,,1738,7,《པེ་》《སྣར་》,mའདི།,
,,1739,8,《པེ་》《སྣར་》,པས།,
,,1740,9,《པེ་》《སྣར་》,ཇིའི་ལུས་ལགས།,
,,1741,10,《པེ་》《སྣར་》,འགྲོལ།,
,,1742,11,《པེ་》《སྣར་》,དགྲོལ།,
,252,1743,1,《པེ་》《སྣར་》,mཀྱི།,
,,1744,2,《པེ་》《སྣར་》,པོ་སྟེ།,
,,1745,3,《པེ་》《སྣར་》,བརྟག,
,,1746,4,《པེ་》《སྣར་》,བརྟག,
,,1747,5,《པེ་》,pཅན།,
,,1748,6,《པེ་》《སྣར་》,བརྟག,
,,1749,7,《པེ་》《སྣར་》,འགྱུར།,
,,1750,8,《པེ་》《སྣར་》,འཐོབ།,
,253,1751,1,《པེ་》《སྣར་》,དགྲོལ།,
,,1752,2,《པེ་》《སྣར་》,བའི།,
,,1753,3,《པེ་》《སྣར་》,བརྟག,
,,1754,4,《པེ་》《སྣར་》,mཔ།,
,,1755,5,《པེ་》《སྣར་》,བ་འཐོབ།,
,,1756,6,《པེ་》《སྣར་》,བལྟོས།,
,,1757,7,《པེ་》《སྣར་》,སོ།,
,,1758,8,《པེ་》《སྣར་》,mཡིན།,
,,1759,9,《པེ་》《སྣར་》,འཐོབ།,
,,1760,10,《པེ་》,དོ།,
,,1761,11,《པེ་》《སྣར་》,བཏགས།,
,,1762,12,《པེ་》《སྣར་》,གི།,
,,1763,13,《སྣར་》,བཏགས།,
,254,1764,1,《པེ་》《སྣར་》,བཞག,
,,1765,2,《པེ་》《སྣར་》,mདང་།,
,,1766,3,《པེ་》《སྣར་》,སྟོན།,
,,1767,4,《པེ་》,བསྟན།,
,,1768,5,《པེ་》《སྣར་》,བ།,
,,1769,6,《སྣར་》,མི།,
,255,1770,1,《པེ་》《སྣར་》,ཇི།,
,,1771,2,《པེ་》《སྣར་》,བུའི།,
,,1772,3,《པེ་》《སྣར་》,ལྱང་།,
,,1773,4,《པེ་》,དོ།,
,,1774,5,《པེ་》《སྣར་》,mཔ།,
,,1775,6,《པེ་》《སྣར་》,mདུ།,
,,1776,7,《པེ་》《སྣར་》,ཧྭང་།,
,,1777,8,《པེ་》,འགོགས།,
,,1778,9,《པེ་》《སྣར་》,མངོན་དུ།,
,256,1779,1,《པེ་》《སྣར་》,ཀྱི།,
,,1780,2,《པེ་》《སྣར་》,ཕྱེ།,
,,1781,3,《པེ་》《སྣར་》,mའདི།,
,,1782,4,《པེ་》《སྣར་》,བརླབ།,
,257,1783,1,《པེ་》《སྣར་》,བྱ་སྟེ།,
,,1784,2,《པེ་》《སྣར་》,དེ།,
,,1785,3,《པེ་》,དཔའི།,
,,1786,4,《པེ་》,ཀྱིས།,
,,1787,5,《པེ་》《སྣར་》,བལྟོས།,
,,1788,6,《པེ་》《སྣར་》,བསྡུད།,
,258,1789,1,《པེ་》《སྣར་》,mམེད་པ།,
,,1790,2,《སྣར་》,བྱུང་།,
,,1791,3,《པེ་》《སྣར་》,སྟོན།,
,,1792,4,《པེ་》《སྣར་》,mདང་།,
,,1793,5,《པེ་》,པའི་བསྟན་ཏེ།,《སྣར་》,
,,1794,6,《པེ་》《སྣར་》,པའི།,
,,1795,7,《པེ་》《སྣར་》,བསྒྲུབ།,
,,1796,8,《པེ་》《སྣར་》,འབྱུང་།,
,,1797,9,《པེ་》《སྣར་》,མཚམས།,
,,1798,10,《པེ་》《སྣར་》,གྱི།,
,259,1799,1,《པེ་》《སྣར་》,mཡང་རྣམ་པ།,
,,1800,2,《པེ་》,པ་ཏེ།,《སྣར་》,
,,1801,3,《སྣར་》,མི།,
,,1802,4,《པེ་》《སྣར་》,འབྱུང་།,
,,1803,5,《སྣར་》,པོ།,
,,1804,6,《པེ་》《སྣར་》,བཅས།,
,,1805,7,《སྣར་》,བལྟམ།,
,260,1806,1,《པེ་》《སྣར་》,གྲོལ།,
,,1807,2,《པེ་》《སྣར་》,ཀྱི།,
,,1808,3,《པེ་》《སྣར་》,བསྣན།,
,261,1809,1,《པེ་》《སྣར་》,ཞུགས།,
,,1810,2,《པེ་》《སྣར་》,པར།,
,,1811,3,《པེ་》《སྣར་》,pལ།,
,,1812,4,《པེ་》《སྣར་》,དེ།,
,,1813,5,《པེ་》《སྣར་》,ནས།,
,,1814,6,《པེ་》《སྣར་》,ལ།,
,262,1815,1,《པེ་》,དེས།,
,,1816,2,《པེ་》《སྣར་》,གཉིས།,
,,1817,3,《པེ་》《སྣར་》,བུའི།,
,,1818,4,《པེ་》《སྣར་》,གི།,
,,1819,5,《པེ་》《སྣར་》,མའི།,
,,1820,6,《པེ་》,དྲུག་ཅུ།,
,,1821,7,《པེ་》《སྣར་》,mདགེ་བའི།,
,,1822,8,《པེ་》《སྣར་》,mགནས།,
,,1823,9,《པེ་》《སྣར་》,ནུང་།,
,263,1824,1,《པེ་》《སྣར་》,mནི།,
,,1825,2,《པེ་》《སྣར་》,གནོད།,
,,1826,3,《སྣར་》,རྣམ་པ།,
,,1827,4,《པེ་》《སྣར་》,དེས་ན།,
,,1828,5,《པེ་》《སྣར་》,ལྱང་།,
,,1829,6,《སྣར་》,བཅུ་པའི།,
,,1830,7,《པེ་》《སྣར་》,ཀྱི།,
,,1831,8,《པེ་》《སྣར་》,དཔའ།,
,,1832,9,《སྣར་》,མ།,
,,1833,10,《པེ་》《སྣར་》,ཀྱི།,
,,1834,11,《པེ་》《སྣར་》,པ།,
,,1835,12,《པེ་》《སྣར་》,ལ།,
,,1836,13,《སྣར་》,སྦྱིན།,
,264,1837,1,《པེ་》《སྣར་》,བ་རྣམས་བཏགས།,
,,1838,2,《པེ་》《སྣར་》,ཡུམ།,
,,1839,3,《པེ་》《སྣར་》,ཆེན།,
,,1840,4,《པེ་》《སྣར་》,བཞིན།,
,,1841,5,《པེ་》《སྣར་》,དེ།,
,,1842,6,《པེ་》《སྣར་》,ཆེ་བ་ཡང་མའི།,
,,1843,7,《པེ་》,pནི།,
,265,1844,1,《པེ་》《སྣར་》,པར།,
,,1845,2,《པེ་》,pསོ།,
,266,1846,1,《པེ་》《སྣར་》,mཡུམ་གྱི།,
,,1847,2,《པེ་》《སྣར་》,pབཞི།,
,,1848,3,《སྣར་》,སྦྱིན།,
,,1849,4,《པེ་》《སྣར་》,mཡང་།,
,,1850,5,《པེ་》《སྣར་》,མཉན།,
,,1851,6,《པེ་》,དཔའི།,
,,1852,7,《པེ་》《སྣར་》,mཔར་བྱེད།,
,,1853,8,《པེ་》,བལྟམ་པ་བལྟམ།,《སྣར་》,
,,1854,9,《པེ་》《སྣར་》,ནས།,
,,1855,10,《པེ་》《སྣར་》,མོ།,
,,1856,11,《པེ་》《སྣར་》,བལྟམ།,
,267,1857,1,《པེ་》《སྣར་》,བརྩིགས།,
,,1858,2,《པེ་》《སྣར་》,གྱི།,
,,1859,3,《སྣར་》,མཚན།,
,,1860,4,《པེ་》《སྣར་》,བརྟེན།,
,,1861,5,《པེ་》《སྣར་》,pཡང་།,
,,1862,6,《པེ་》《སྣར་》,mན།,
,,1863,7,《པེ་》《སྣར་》,དེ།,
,,1864,8,《པེ་》《སྣར་》,pནི།,
,,1865,9,《པེ་》《སྣར་》,ཉེར།,
,,1866,10,《པེ་》《སྣར་》,mདུ།,
,,1867,11,《པེ་》《སྣར་》,mབདུན།,
,,1868,12,《སྣར་》,གི།,
,268,1869,1,《པེ་》《སྣར་》,ནས།,
,,1870,2,《པེ་》《སྣར་》,pགང་།,
,,1871,3,《པེ་》《སྣར་》,ཞུགས།,
,,1872,4,《པེ་》《སྣར་》,འཕོངས།,
,,1873,5,《པེ་》,ལས།,
,269,1874,1,《པེ་》《སྣར་》,ཏེ།,
,,1875,2,《སྣར་》,མོ།,
,,1876,3,《པེ་》《སྣར་》,བུའི།,
,,1877,4,《པེ་》《སྣར་》,mཏུ།,
,,1878,5,《པེ་》《སྣར་》,འབྱུང་།,
,270,1879,1,《པེ་》《སྣར་》,ཆིབས་སྒ་གཏོད་ཅིག,
,,1880,2,《པེ་》《སྣར་》,གི།,
,,1881,3,《པེ་》《སྣར་》,ཆིབས་སྒ།,
,,1882,4,《པེ་》《སྣར་》,ལས།,
,,1883,5,《པེ་》,བཏེགས་ཏེ།,
,,1884,6,《པེ་》《སྣར་》,ལ།,
,,1885,7,《པེ་》《སྣར་》,སྟེང་།,
,,1886,8,《པེ་》《སྣར་》,ལགས།,
,,1887,9,《པེ་》《སྣར་》,གྲི།,
,,1888,10,《པེ་》《སྣར་》,གྲི།,
,,1889,11,《པེ་》《སྣར་》,མནབས།,
,,1890,12,《པེ་》《སྣར་》,ཀྱིས།,
,,1891,13,《པེ་》《སྣར་》,mདང་།,
,271,1892,1,《པེ་》《སྣར་》,ཟག,
,,1893,2,《པེ་》《སྣར་》,mམི།,
,272,1894,1,《པེ་》《སྣར་》,གི།,
,,1895,2,《སྣར་》,འོག,
,,1896,3,《པེ་》《སྣར་》,བཞུ།,
,,1897,4,《ཅོ་》,ནམ།,
,,1898,5,《པེ་》《སྣར་》,དེ།,
,,1899,6,《ཅོ་》,ཐུག,
,,1900,7,《པེ་》《སྣར་》,རྟགས།,
,,1901,8,《སྣར་》,ངེས།,
,,1902,9,《ཅོ་》,མའི།,
,,1903,10,《པེ་》《སྣར་》,བྲངས།,
,273,1904,1,《པེ་》,གཞེད།,
,,1905,2,《པེ་》《སྣར་》,ལོ།,
,,1906,3,《པེ་》《སྣར་》,mཡོངས་སུ།,
,,1907,4,《པེ་》《སྣར་》,པའི།,
,,1908,5,《པེ་》,བཤོམས།,《སྣར་》,
,,1909,6,《པེ་》《སྣར་》,ཅེ།,
,,1910,7,《པེ་》《སྣར་》,mསུ།,
,274,1911,1,《སྣར་》,གིས།,
,,1912,2,《པེ་》《སྣར་》,mལས།,
,,1913,3,《པེ་》《སྣར་》,རྩིབས།,
,,1914,4,《པེ་》《སྣར་》,གཟིགས།,
,,1915,5,《པེ་》《སྣར་》,བབས་ཏེ།,
,275,1916,1,《པེ་》《སྣར་》,པར།,
,,1917,2,《སྣར་》,ལྟ།,
,,1918,3,《པེ་》《སྣར་》,སྦུབ།,
,,1919,4,《པེ་》《སྣར་》,རྒྱུ།,
,,1920,5,《སྣར་》,རྩོག,
,,1921,6,《པེ་》《སྣར་》,ཞུགས།,
,276,1922,1,《པེ་》,བརྙེད།,
,,1923,2,《སྣར་》,ལས།,
,,1924,3,《པེ་》《སྣར་》,འདས་པ།,
,,1925,4,《སྣར་》,རྒྱས།,
,,1926,5,《པེ་》《སྣར་》,mསུ།,
,,1927,6,《པེ་》《སྣར་》,བཞུགས།,
,277,1928,1,《པེ་》《སྣར་》,mདང་འདྲ་བས་མི་བརྟན་པ།,
,,1929,2,《པེ་》《སྣར་》,mམ་ཡིན་པ།,
,,1930,3,《པེ་》《སྣར་》,རྣམས།,
,,1931,4,《པེ་》《སྣར་》,pདེ།,
,,1932,5,《སྣར་》,པའི།,
,278,1933,1,《པེ་》《སྣར་》,པའི།,
,,1934,2,《པེ་》《སྣར་》,བརླབ།,
,,1935,3,《པེ་》《སྣར་》,བར།,
,,1936,4,《པེ་》《སྣར་》,བསླང་བའོ།,
,,1937,5,《པེ་》《སྣར་》,mསུ།,
,,1938,6,《པེ་》《སྣར་》,རྣམས།,
,,1939,7,《པེ་》《སྣར་》,སྨིན་པ་ནི།,
,,1940,8,《པེ་》《སྣར་》,མ་སྨིན་པ།,《ཅོ་》,
,,1941,9,《པེ་》《སྣར་》,པའི།,
,,1942,10,《པེ་》《སྣར་》,པ།,
,279,1943,1,《པེ་》《སྣར་》,བྱ་བའི།,
,,1944,2,《པེ་》《སྣར་》,སྐྱེད།,
,,1945,3,《པེ་》《སྣར་》,བའི།,
,,1946,4,《པེ་》《སྣར་》,པའི།,
,,1947,5,《པེ་》《སྣར་》,པའི།,
,,1948,6,《པེ་》《སྣར་》,ཚིགས།,
,,1949,7,《པེ་》,བཟུང་།,
,,1950,8,《པེ་》《སྣར་》,དགྲོལ།,
,,1951,9,《པེ་》《སྣར་》,ཀྱི།,
,,1952,10,《པེ་》,ཚིགས།,
,,1953,11,《པེ་》《སྣར་》,pབ།,
,,1954,12,《པེ་》《སྣར་》,རྣམ།,
,280,1955,1,《པེ་》《སྣར་》,ཀྱི།,
,,1956,2,《པེ་》《སྣར་》,pས།,
,,1957,3,《ཅོ་》,འགྲོལ།,
,,1958,4,《པེ་》《སྣར་》,mདེ།,
,,1959,5,《པེ་》《སྣར་》,mབ།,
,,1960,6,《པེ་》《སྣར་》,སྐྱེ་བར།,
,,1961,7,《པེ་》,བཟུང་།,
,,1962,8,《པེ་》《སྣར་》,mཆོས།,
,,1963,9,《པེ་》《སྣར་》,ལྱང་།,
,,1964,10,《པེ་》《སྣར་》,ཀྱི།,
,281,1965,1,《པེ་》《སྣར་》,རིག,
,,1966,2,《སྣར་》《ཅོ་》,གྱུར་པའི།,
,,1967,3,《པེ་》《སྣར་》,mསྡེ།,
,,1968,4,《པེ་》《སྣར་》,དོན།,
,,1969,5,《པེ་》,བསྡུད།,
,,1970,6,《པེ་》《སྣར་》,mཀྱི།,
,,1971,7,《སྣར་》,དེ།,
,,1972,8,《པེ་》,བརྒྱུད།,
,282,1973,1,《པེ་》《སྣར་》,ལྱང་།,
,,1974,2,《པེ་》《སྣར་》,mའདི།,
,,1975,3,《པེ་》《སྣར་》,ཀྱི།,
,,1976,4,《པེ་》《སྣར་》,གྱི།,
,,1977,5,《པེ་》《སྣར་》,རིག,
,,1978,6,《པེ་》《སྣར་》,གདུངས་པ།,
,,1979,7,《པེ་》《སྣར་》,mན།,
,,1980,8,《པེ་》《སྣར་》,mལ།,
,283,1981,1,《སྣར་》,mཕྱིན་པར།,
,,1982,2,《པེ་》《སྣར་》,པར།,
,,1983,3,《པེ་》《སྣར་》,སྟོང་།,
,,1984,4,《པེ་》《སྣར་》,པའི།,
,,1985,5,《པེ་》《སྣར་》,ཀྱིས།,
,,1986,6,《པེ་》《སྣར་》,འདི།,
,,1987,7,《པེ་》《སྣར་》,pགི།,
,284,1988,1,《སྣར་》,བྱ་བའོ།,
,,1989,2,《པེ་》,རིག,
,,1990,3,《པེ་》,mནི།,
,,1991,4,《པེ་》《སྣར་》,པ།,
,,1992,5,《སྣར་》,ནི།,
,,1993,6,《པེ་》《སྣར་》,pཆོས།,
,,1994,7,《སྣར་》,ལྟག,
,285,1995,1,《པེ་》《སྣར་》,མོ།,
,,1996,2,《པེ་》,བསལ།,
,,1997,3,《པེ་》《སྣར་》,གཏན།,
,,1998,4,《པེ་》《སྣར་》,ཀྱི།,
,,1999,5,《པེ་》,རིག་པ།,
,,2000,6,《པེ་》《སྣར་》,བཞག,
,,2001,7,《ཅོ་》,pདང་།,
,286,2002,1,《པེ་》《སྣར་》,གིས།,
,,2003,2,《པེ་》《སྣར་》,mཆོས།,
,,2004,3,《པེ་》《སྣར་》,pཡང་།,
,,2005,4,《པེ་》《སྣར་》,གིས།,
,,2006,5,《པེ་》《སྣར་》,གི།,
,,2007,6,《པེ་》《སྣར་》,རྟོག,
,,2008,7,《པེ་》《སྣར་》,ལྱང་།,
,287,2009,1,《སྣར་》,བྱའི།,
,,2010,2,《པེ་》,མོངས།,
,,2011,3,《པེ་》《སྣར་》,mབསྟན།,
,,2012,4,《པེ་》,mཞེས།,
,,2013,5,《པེ་》《སྣར་》,རྟོག,
,,2014,6,《པེ་》《སྣར་》,ཀྱི།,
,,2015,7,《པེ་》《སྣར་》,བསྟེན།,
,288,2016,1,《པེ་》《སྣར་》,pདུ།,
,,2017,2,《པེ་》,mལས།,《སྣར་》,
,289,2018,1,《པེ་》《སྣར་》,mཉིད།,
,,2019,2,《པེ་》《སྣར་》,pརྣམས།,
,,2020,3,《པེ་》《སྣར་》,རྣམས།,
,,2021,4,《པེ་》《སྣར་》,ཀྱི།,
,290,2022,1,《པེ་》《སྣར་》,བྱུང་།,
,,2023,2,《པེ་》《སྣར་》,mལས།,
,,2024,3,《པེ་》《སྣར་》,mསྣ་ཚོགས་ཀྱི་དངོས་པོ་ནི་ཁམས་ཚད་མེད་པ་རྣམས་སོ།།,
,,2025,4,《སྣར་》,mཔོ།,
,291,2026,1,《པེ་》《སྣར་》,བཞི་བའི།,
,,2027,2,《པེ་》《སྣར་》,འཁོར་རོ།,
,,2028,3,《པེ་》《སྣར་》,དང་།,
,,2029,4,《པེ་》《སྣར་》,གྲོལ།,
,,2030,5,《པེ་》《སྣར་》,གྲོལ།,
,,2031,6,《པེ་》《སྣར་》,བཞག,
,,2032,7,《པེ་》,ཀྱིས་འཁོར་བཞིར།,《སྣར་》,
,,2033,8,《པེ་》《སྣར་》,བཞག,
,,2034,9,《པེ་》《སྣར་》,ཀྱིས།,
,,2035,10,《པེ་》《སྣར་》,བཞག,
,,2036,11,《པེ་》,གང་།,
,,2037,12,《པེ་》《སྣར་》,བཞག,
,292,2038,1,《པེ་》《སྣར་》,ཀྱི།,
,,2039,2,《པེ་》《སྣར་》,mགསོལ་པ།,
,,2040,3,《སྣར་》,རྣམས།,
,293,2041,1,《པེ་》《སྣར་》,ཡང་།,
,,2042,2,《སྣར་》,ཏུ།,
,,2043,3,《པེ་》《སྣར་》,ཞེས།,
,,2044,4,《པེ་》,བསྡུ་བའོ།,
,,2045,5,《པེ་》,རྟོགས།,
,,2046,6,《པེ་》,pལན།,
,,2047,7,《སྣར་》,ན།,
,,2048,8,《པེ་》《སྣར་》,mདུ།,
,294,2049,1,《ཅོ་》,གཞག,
,,2050,2,《པེ་》《སྣར་》,འཇུག,
,,2051,3,《པེ་》《སྣར་》,mའདུ།,
,,2052,4,《པེ་》《སྣར་》,mརབ།,
,,2053,5,《པེ་》《སྣར་》,དངོས།,
,,2054,6,《པེ་》,འཐོབ།,
,295,2055,1,《སྣར་》,mཔོ།,
,,2056,2,《པེ་》《སྣར་》,mནི།,
,,2057,3,《པེ་》《སྣར་》,ཏོ།,
,296,2058,1,《པེ་》《སྣར་》,ཀྱི།,
,,2059,2,《པེ་》《སྣར་》,mའདི།,
,,2060,3,《པེ་》,ཀྱིས།,
,,2061,4,《པེ་》《སྣར་》,པ།,
,,2062,5,《པེ་》《སྣར་》,pསུ།,
,,2063,6,《པེ་》《སྣར་》,སྐྱེད།,
,297,2064,1,《པེ་》,pཡོངས་སུ་ཤེས་པས།,《སྣར་》,
,,2065,2,《པེ་》《སྣར་》,གིས།,
,,2066,3,《སྣར་》,ངེས།,
,,2067,4,《པེ་》《སྣར་》,mའདུ།,
,,2068,5,《པེ་》《སྣར་》,བསྒྲུབ།,
,,2069,6,《པེ་》《སྣར་》,mདུ།,
,,2070,7,《པེ་》《སྣར་》,གནས།,
,,2071,8,《པེ་》《སྣར་》,བས།,
,298,2072,1,《པེ་》《སྣར་》,བསྒྲུབ།,
,,2073,2,《པེ་》《སྣར་》,བྱུང་།,
,,2074,3,《ཅོ་》,ཞེའོ།,
,,2075,4,《པེ་》《སྣར་》,ཧྭང་ཚང་།,
,,2076,5,《པེ་》《སྣར་》,སྒོམ།,
,,2077,6,《པེ་》《སྣར་》,སྒོམ།,
,,2078,7,《པེ་》《སྣར་》,mབ།,
,,2079,8,《པེ་》,སྒོམ།,
,,2080,9,《པེ་》《སྣར་》,སྒོམ།,
,299,2081,1,《པེ་》,སྒོམ།,
,,2082,2,《པེ་》《སྣར་》,རྣམས།,
,,2083,3,《ཅོ་》,སྤངས་པར།,
,,2084,4,《པེ་》《སྣར་》,པའོ།,
,,2085,5,《པེ་》《སྣར་》,སྒོམ།,
,300,2086,1,《པེ་》《སྣར་》,པོའོ།,
,,2087,2,《སྣར་》,བསྒོམས།,
,,2088,3,《པེ་》《སྣར་》《ཅོ་》,སྒོམ།,
,,2089,4,《པེ་》,དེ་ནི།,《སྣར་》,
,,2090,5,《པེ་》《སྣར་》,ལཾ།,
,,2091,6,《ཅོ་》,པར།,
,,2092,7,《སྣར་》,pས།,
,,2093,8,《པེ་》《སྣར་》,སྒོམ།,
,,2094,9,《པེ་》《སྣར་》,སྒོམ།,
,,2095,10,《པེ་》《སྣར་》,ལྔ་པ།,
,301,2096,1,《པེ་》《སྣར་》,པ།,
,,2097,2,《པེ་》,སྒོམ།,
,,2098,3,《པེ་》《སྣར་》,སྒོམ་པ་སྤྱད་པར།,
,,2099,4,《སྣར་》,པས།,
,,2100,5,《པེ་》《སྣར་》,པའི།,
,,2101,6,《པེ་》《སྣར་》,བསྟན།,
,,2102,7,《པེ་》《སྣར་》,གཞག,
,,2103,8,《སྣར་》,པར།,
,,2104,9,《པེ་》《སྣར་》,སྒོམ།,
,,2105,10,《པེ་》《སྣར་》,སྒོམ།,
,,2106,11,《པེ་》《སྣར་》,བསྒོམས།,
,,2107,12,《པེ་》《སྣར་》,སྒོམ།,
,,2108,13,《པེ་》《སྣར་》,སྒོམ།,
,,2109,14,《སྣར་》,མ།,
,,2110,15,《པེ་》《སྣར་》,ཅེ།,
,302,2111,1,《པེ་》《སྣར་》,ཆར།,
,,2112,2,《པེ་》《སྣར་》,གྲོལ།,
,,2113,3,《པེ་》,བྱུང་།,
,,2114,4,《པེ་》,པ་ནི།,《སྣར་》,
,,2115,5,《སྣར་》,ཏོགས།,
,,2116,6,《པེ་》《སྣར་》,འཐོབ།,
,,2117,7,《པེ་》《སྣར་》,mཔ།,
,,2118,8,《སྣར་》,ཀྱི།,
,,2119,9,《པེ་》《སྣར་》,རྟོག,
,,2120,10,《པེ་》《སྣར་》《ཅོ་》,མཇུག,
,,2121,11,《པེ་》《སྣར་》,བར།,
,,2122,12,《པེ་》《སྣར་》,mནི།,
,,2123,13,《ཅོ་》,མཇུག,
,,2124,14,《པེ་》,སྙོམས་པར་འཇུག་པས་འགོག་པ།,《སྣར་》,
,,2125,15,《པེ་》《སྣར་》,པས།,
,,2126,16,《པེ་》《སྣར་》,ཀྱི།,
,303,2127,1,《པེ་》《སྣར་》,རིག,
,,2128,2,《པེ་》《སྣར་》,པ།,
,,2129,3,《སྣར་》,པར།,
,,2130,4,《པེ་》《སྣར་》,གི།,
,304,2131,1,《པེ་》,བྱ་བའོ།,
,,2132,2,《པེ་》,སྒོམ་ཤིང་།,《སྣར་》,
,,2133,3,《པེ་》,ནོ།,
,,2134,4,《པེ་》,བསྒོམས།,
,,2135,5,《པེ་》《སྣར་》,བལྟ།,
,,2136,6,《པེ་》《སྣར་》,འདི།,
,,2137,7,《པེ་》《སྣར་》《ཅོ་》,བསྒོམ།,
,,2138,8,《སྣར་》,ཀྱི།,
,,2139,9,《སྣར་》,པའི།,
,,2140,10,《སྣར་》,mནི།,
,306,2141,1,《སྣར་》,pཔ།,
,,2142,2,《པེ་》《སྣར་》,བྱ་སྟེ།,
,,2143,3,《པེ་》《ཅོ་》,ཀྱི་བསྔགས།,《སྣར་》,
,,2144,4,《པེ་》《སྣར་》,mགི།,
,,2145,5,《པེ་》《སྣར་》,པོའི།,
,,2146,6,《པེ་》《སྣར་》,སོ།,
,,2147,7,《པེ་》《སྣར་》,mརྣམ་པར།,
,307,2148,1,《པེ་》《སྣར་》,པར།,
,,2149,2,《པེ་》《སྣར་》,འདི་གཉིས་ཀའི།,
,,2150,3,《པེ་》,མིན།,
,,2151,4,《པེ་》《སྣར་》,pཐ།,
,,2152,5,《པེ་》《སྣར་》,རིག,
,308,2153,1,《པེ་》《སྣར་》,pགཞན་ཡང་བསྟན་བཅོས་ཡང་དག་པའི་རིག་པ་དང་རྗེས་སུ་འཐུན་པ་དང་། གཞུང་རབ་ཏུ་བསྟན་པ་ལས་ཀྱང་མཛོད་ཀྱི་བསྟན་བཅོས་ལས་བཤད་པ་དང་མཐུན་པར་འབྱུང་ངོ་།།,
,,2154,2,《པེ་》《སྣར་》,རིག,
,a,2155,,,,
,,2156,,,,
,,2157,,,,
,,2158,,,,
,309,2159,1,《པེ་》《སྣར་》,པའི།,
,,2160,2,《སྣར་》,པ་དང་བྲས།,
,,2161,3,《པེ་》《སྣར་》,སོ།,
,,2162,4,《སྣར་》《ཅོ་》,སོར།,
,,2163,5,《པེ་》《སྣར་》,རྟོག,
,a,,6,《པེ་》《སྣར་》,རིག,
,,,7,《པེ་》《སྣར་》,pཔ།,
,,,8,《པེ་》《སྣར་》,mཞེས་བྱའོ།,
,,,9,《པེ་》《སྣར་》,ཀྱི།,
,310,2164,1,《པེ་》《སྣར་》,བླངས་པའི།,
,,2165,2,《པེ་》《སྣར་》,པའི།,
,,2166,3,《པེ་》《སྣར་》,གྲོལ།,
,,2167,4,《ཅོ་》,དགྲོངས།,
,,2168,5,《པེ་》《སྣར་》,གྲོལ།,
,,2169,6,《པེ་》《སྣར་》,pདུ།,
,,2170,7,《སྣར་》,ཕྲལ།,
,,2171,8,《པེ་》《སྣར་》,བསྟན།,
,311,2172,1,《པེ་》《སྣར་》,བསྟོད།,
,,2173,2,《སྣར་》,སྟེར།,
,,2174,3,《པེ་》《སྣར་》,གཏེར།,
,,2175,4,《པེ་》《སྣར་》,mཞེས།,
,,2176,5,《པེ་》《སྣར་》,ལྟུང་།,
,,2177,6,《པེ་》《སྣར་》《ཅོ་》,ལྟུང་།,
,,2178,7,《པེ་》《སྣར་》,པོ།,
,,2179,8,《པེ་》《སྣར་》,པ།,
,312,2180,1,《པེ་》《སྣར་》,mཔ་བཞིན།,
,,2181,2,《པེ་》《སྣར་》,ལྟུང་།,
,,2182,3,《པེ་》《སྣར་》,བར།,
,,2183,4,《པེ་》《སྣར་》,ཀྱི།,
,,2184,5,《པེ་》《སྣར་》,པ།,
,,2185,6,《པེ་》《སྣར་》,ཚིགས་སུ།,
,,2186,7,《པེ་》《སྣར་》,pབ་མེད་པའི།,
,,2187,8,《པེ་》《སྣར་》,mམེད་པ།,
,,2188,9,《པེ་》《སྣར་》,འཁྲུག,
,,2189,10,《ཅོ་》,pབསྟན་བཅོས།,
,,2190,12,《པེ་》,pཔ།,
,,2191,13,《པེ་》《སྣར་》,pན།,
,313,2192,1,《སྣར་》,pཔ།,
,,2193,2,《པེ་》《སྣར་》,གིས།,
,,2194,3,《པེ་》《སྣར་》,བུ།,
,,2195,4,《པེ་》《སྣར་》,གིས།,
,,2196,5,《པེ་》,གིས།,
,,2197,6,《པེ་》《སྣར་》,བྱ་བར།,
,,2198,7,《ཅོ་》,mཀྱང་།,
,,2199,8,《པེ་》《སྣར་》,བཏང་།,
,,2200,9,《པེ་》《སྣར་》,བཏང་།,
,,2201,10,《པེ་》《ཅོ་》,མི་འཆད།,《སྣར་》,
,,2202,11,《པེ་》《སྣར་》,སྐྱེད།,
,314,2203,1,《པེ་》《སྣར་》,གི།,
,,2204,2,《པེ་》《སྣར་》,བཏང་།,
,,2205,3,《པེ་》《སྣར་》,mནི།,
,,2206,4,《པེ་》《སྣར་》,བཏང་།,
,,2207,5,《པེ་》《སྣར་》,གནོད།,
,,2208,6,《པེ་》《སྣར་》,བསྐལ།,
,,2209,7,《པེ་》《སྣར་》,བཏང་།,
,,2210,8,《པེ་》《སྣར་》,དཔའི།,
,,2211,9,《པེ་》《སྣར་》,རྗེས།,
,,2212,10,《པེ་》《སྣར་》《ཅོ་》,mབྱང་ཆུབ་སེམས་དཔའ།,
,,2213,11,《པེ་》《སྣར་》,བཏང་།,
,,2214,12,《ཅོ་》,བརྟེན།,
,315,2215,1,《པེ་》《སྣར་》,བཏང་།,
,,2216,2,《པེ་》,དཔའ་ས།,
,,2217,3,《པེ་》《སྣར་》《ཅོ་》,བླངས་པའི།,
,,2218,4,《པེ་》《སྣར་》,བླངས་པར།,
,,2219,5,《སྣར་》,གཏང་།,
,,2220,6,《པེ་》《སྣར་》,pབསྟན་པར།,
,316,2221,1,《པེ་》《སྣར་》,གཉིས་ཅིག་ཆར།,
,,2222,2,《པེ་》《སྣར་》,རིག,
,,2223,3,《པེ་》《སྣར་》,mཡིན་གྱི་བཏང་བ་མ།,
,,2224,4,《སྣར་》,སྤང་བྲས།,
,,2225,5,《པེ་》《སྣར་》,གྱུར།,
,,2226,6,《སྣར་》,ཚོགས།,
,,2227,7,《པེ་》《སྣར་》,བཙལ།,
,,2228,8,《པེ་》《སྣར་》,ལ།,
,317,2229,1,《པེ་》,བཏང་།,
,,2230,2,《ཅོ་》,གིས།,
,,2231,3,《པེ་》《སྣར་》,mདེ།,
,,2232,4,《པེ་》,བྱུང་བས་བསྣན།,《སྣར་》,
,,2233,5,《ཅོ་》,སྤངས་པའི།,
,,2234,6,《སྣར་》,སའི།,
,218,2235,1,《པེ་》《སྣར་》,mནི།,
,,2236,2,《པེ་》《སྣར་》,གིས།,
,,2237,3,《པེ་》《སྣར་》,གསུང་བ།,
,,2238,4,《སྣར་》,དགོད།,
,,2239,5,《པེ་》《སྣར་》,གྲོལ་བ།,
,319,2240,1,《པེ་》《སྣར་》,གྲོལ།,
,,2241,2,《སྣར་》,མི།,
,,2242,3,《པེ་》《སྣར་》,ཀྱི།,
,,2243,4,《ཅོ་》,ཕྱེ།,
,,2244,5,《པེ་》《སྣར་》,བསྟེན།,
,,2245,6,《པེ་》《སྣར་》,པས།,
,,2246,7,《པེ་》《སྣར་》,pསུ།,
,,2247,8,《པེ་》《སྣར་》,ལས་བདག་བསྟེན།,
,320,2248,1,《སྣར་》,གིས།,
,,2249,2,《པེ་》《སྣར་》,སུ་མཐུན།,
,,2250,3,《པེ་》《སྣར་》,mདང་།,
,,2251,4,《པེ་》《སྣར་》,mའདི།,
,321,2252,1,《པེ་》《སྣར་》,གོང་།,
,,2253,2,《པེ་》《སྣར་》,pསུ།,
,322,2254,1,《སྣར་》,mཔ།,
,,2255,2,《པེ་》《སྣར་》,བསྟེན།,
,,2256,3,《པེ་》《སྣར་》,བཞག,
,,2257,4,《པེ་》《སྣར་》,སྡུས།,
,,2258,5,《པེ་》《སྣར་》,བརྟག,
,,2259,6,《པེ་》《སྣར་》,པ།,
,323,2260,1,《པེ་》《སྣར་》,mཔའི།,
,,2261,2,《པེ་》《སྣར་》,བཞག (ཆོས་ཚན་འདིའི་ནང་དུ་གཞག་ཅེས་པ་རྣམས་《པེ་》《སྣར་》ལ་བཞག་ཅེས་འཁོད་ཀྱང་བསྡུར་མཆན་དུ་བཀོད་མེད།),
,,2262,3,《པེ་》《སྣར་》,mསྟེ།,
,,2263,4,《པེ་》《སྣར་》,ཀྱི།,
,,2264,5,《པེ་》《སྣར་》,བརྟག,
,,2265,6,《པེ་》《སྣར་》,pརྣམ་པར་བཞག་པ་ཞེས་བྱ་བ་ནི་གཉིས་པ་ནི་ལུང་བསྟན་པ།,
,324,2266,1,《སྣར་》,མྲི་སྣ།,
,,2267,2,《པེ་》《སྣར་》,པར།,
,,2268,3,《པེ་》,འཕགས།,《སྣར་》,
,,2269,4,《པེ་》《སྣར་》,བལྟོས།,
,,2270,5,《སྣར་》,པ།,
,,2271,6,《པེ་》,བཤམ།,
,,2272,7,《པེ་》《སྣར་》,mམོ།,
,325,2273,1,《ཅོ་》,བཅུའི།,
,,2274,2,《པེ་》《སྣར་》,རིག,
,,2275,3,《པེ་》,གིས།,
,,2276,4,《པེ་》《སྣར་》,pབྱ་བ།,
,,2277,5,《པེ་》《སྣར་》,mབ།,
,,2278,6,《པེ་》《སྣར་》,བུ།,
,326,2279,1,《ཅོ་》,mན།,
,,2280,2,《པེ་》《སྣར་》,ཚིག་བཤད།,
,,2281,3,《པེ་》《སྣར་》,བཅོམ་པ།,
,,2282,4,《པེ་》,mན།,
,327,2283,1,《པེ་》《སྣར་》,བསད།,
,,2284,2,《པེ་》《སྣར་》,ལས།,
,,2285,3,《པེ་》《སྣར་》,mཞེས་བྱའོ།,
,,2286,4,《སྣར་》,རྣམས།,
,,2287,5,《པེ་》《སྣར་》,ཀྱི།,
,,2288,6,《པེ་》《སྣར་》,ཀྱི།,
,,2289,7,《པེ་》《སྣར་》,བྱ་སྟེ།,
,328,2290,1,《པེ་》《སྣར་》,mདུ།,
,,2291,2,《པེ་》《སྣར་》,གྲོལ།,
,,2292,3,《པེ་》《སྣར་》,རྟོགས།,
,,2293,4,《པེ་》《སྣར་》,གྲོལ།,
,,2294,5,《པེ་》,དགྲོལ་བའི།,《སྣར་》,
,,2295,6,《པེ་》《སྣར་》,དེ།,
,,2296,7,《པེ་》《སྣར་》,སྤང་བའི།,
,,2297,8,《པེ་》《སྣར་》,mདེ།,
,,2298,9,《པེ་》《སྣར་》,ཅེས།,
,,2299,10,《པེ་》《སྣར་》,པས།,
,,2300,11,《ཅོ་》,དེ།,
,329,2301,1,《པེ་》《སྣར་》,བརྟན།,
,,2302,2,《པེ་》《སྣར་》,ཀྱི།,
,,2303,3,《པེ་》《སྣར་》,ལྱང་།,
,,2304,4,《པེ་》,ཀྱི།,
,,2305,5,《པེ་》《སྣར་》,བའི།,
,,2306,6,《པེ་》《སྣར་》,mདེ་ནི་ཚུལ་གྱི་དོན་ཡིན་པས།,
,,2307,7,《པེ་》,གྱིས།,
,,2308,8,《པེ་》《སྣར་》,དེ།,
,,2309,9,《པེ་》《སྣར་》,ཏེ།,
,330,2310,1,《པེ་》《སྣར་》,ཀྱི།,
,,2311,2,《པེ་》《སྣར་》,བསམ་མ་སྤྱད།,
,,2312,3,《པེ་》《སྣར་》,རིག,
,,2313,4,《པེ་》《སྣར་》,ཀྱི།,
,,2314,5,《པེ་》《སྣར་》,འགྲུབ།,
,331,2315,1,《སྣར་》,གྱི།,
,,2316,2,《སྣར་》,ནག,
,,2317,3,《པེ་》《སྣར་》,ཏེ།,
,,2318,4,《པེ་》《སྣར་》,ནོ།,
,,2319,5,《པེ་》,དགོད།,
,,2320,6,《པེ་》《སྣར་》,ཀྱིས།,
,332,2321,1,《པེ་》《སྣར་》,ནས།,
,,2322,2,《པེ་》,ཐེག་པ།,《སྣར་》,
,,2323,3,《པེ་》《སྣར་》,པ།,
,,2324,4,《པེ་》《སྣར་》,འགྲུབ།,
,,2325,5,《པེ་》《སྣར་》,བྱིན།,
,,2326,6,《པེ་》,འགྲུབ།,
,,2327,7,《པེ་》《སྣར་》,འགྲུབ།,
,,2328,8,《པེ་》《སྣར་》,mཐོབ་པ།,
,333,2329,1,《པེ་》《སྣར་》,mཐོབ་པ།,
,,2330,2,《པེ་》《སྣར་》,རྟོག,
,,2331,3,《པེ་》《སྣར་》,གིས།,
,,2332,4,《པེ་》,འཐུན།,
,,2333,5,《པེ་》,ཀྱིས་བསྟན་པ།,《སྣར་》,
,334,2334,1,《པེ་》《སྣར་》,རིམས་ཀྱི།,
,,2335,2,《སྣར་》,རུས།,
,,2336,3,《སྣར་》,ལས་སོ།,
,,2337,4,《པེ་》《སྣར་》,pདུ།,
,335,2338,1,《པེ་》《སྣར་》,པའི།,
,,2339,2,《པེ་》《སྣར་》,pདང་།,
,,2340,3,《ཅོ་》,པར།,
,,2341,4,《པེ་》《སྣར་》,རྟག,
,,2342,5,《པེ་》《སྣར་》,mདུ།,
,,2343,6,《པེ་》《སྣར་》,བརྟགས།,
,,2344,7,《པེ་》,རིག,
,,2345,8,《པེ་》《སྣར་》,བསྟན།,
,,2346,9,《པེ་》《སྣར་》,ཚར།,
,,2347,10,《ཅོ་》,རིགས།,
,,2348,11,《པེ་》,པའི་སྡེ།,《སྣར་》,
,336,2349,1,《པེ་》《སྣར་》,དང་།,
,,2350,2,《པེ་》《སྣར་》,pནི།,
,,2351,3,《པེ་》《སྣར་》,འདྲིས་པ།,
,,2352,4,《པེ་》,ཤིམ།,《སྣར་》,
,,2353,5,《པེ་》《སྣར་》,pདཔེའི།,
,,2354,6,《པེ་》《སྣར་》,རྟོག,
,337,2355,1,《སྣར་》,བ།,
,,2356,2,《པེ་》《སྣར་》,ཞེའམ།,
,,2357,3,《པེ་》《སྣར་》,mདང་།,
,,2358,4,《པེ་》《སྣར་》,སྤང་བའི།,
,,2359,5,《པེ་》《སྣར་》,པོ།,
,,2360,6,《པེ་》《སྣར་》,པས།,
,,2361,7,《སྣར་》,pརྣམས།,
,,2362,8,《པེ་》《སྣར་》,pཔར་ཡོད།,
,,2363,9,《སྣར་》,རྟགས།,
,,2364,10,《པེ་》《སྣར་》,ནམས།,
,338,2365,1,《པེ་》《སྣར་》,pགཞན་དབང་དང་ཡོངས་སུ་གྲུབ་པ་ཡང་། མེད་པར་འཛིན་པ་ནི་སྐུར་པ་འདེབས་པ་མཐའ་ཞེས་བྱའོ།།,
,,2366,2,《ཅོ་》,པར།,
,,2367,3,《སྣར་》,བརྟབ།,
,,2368,4,《པེ་》《སྣར་》,བའི།,
,,2369,5,《སྣར་》,ཆོད།,
,,2370,6,《པེ་》《སྣར་》《ཅོ་》,mགང་ཡིན་པ་དེ།,
,,2371,7,《པེ་》《སྣར་》,བལྟོས།,
,,2372,8,《པེ་》《སྣར་》,mལ།,
,,2373,9,《པེ་》《སྣར་》,པ།,
,339,2374,1,《པེ་》《སྣར་》,ཀྱིས།,
,,2375,2,《སྣར་》,དེས།,
,,2376,3,《པེ་》《སྣར་》,འབྱུང་།,
,,2377,4,《པེ་》《སྣར་》,འབྱུང་།,
,,2378,5,《པེ་》,ནི།,
,,2379,6,《པེ་》《སྣར་》,བལྟ།,
,,2380,7,《ཅོ་》,པས།,
,340,2381,1,《སྣར་》,པར།,
,,2382,2,《པེ་》《སྣར་》,mཔ།,
,,2383,3,《པེ་》《སྣར་》,སྒྱུར།,
,,2384,4,《པེ་》《སྣར་》,བསྒྲུབ།,
,,2385,5,《པེ་》《སྣར་》,mདེ།,
,,2386,6,《པེ་》《སྣར་》,mཔར།,
,,2387,7,《པེ་》《སྣར་》,mལ།,
,,2388,8,《པེ་》《སྣར་》,བསྐྱེད།,
,,2389,9,《པེ་》《སྣར་》,བསྐྱེད།,
,341,2390,1,《པེ་》《སྣར་》,པའི་ཟློག,
,,2391,2,《པེ་》《སྣར་》,གཟེང་།,
,,2392,3,《པེ་》《སྣར་》,གཅད།,
,,2393,4,《པེ་》《སྣར་》,mརྣམས།,
,,2394,5,《པེ་》《སྣར་》,ཕྱིས།,
,,2395,6,《པེ་》,གིས།,
,342,2396,1,《པེ་》,འགྱུར་རོ།,《སྣར་》,
,,2397,2,《སྣར་》,གྱིས།,
,343,2398,1,《པེ་》《སྣར་》,བརྩམས་ལ།,
,,2399,2,《པེ་》《སྣར་》,གི།,
,,2400,3,《པེ་》《སྣར་》,པའི།,
,,2401,4,《པེ་》《སྣར་》,རྟོག,
,,2402,5,《པེ་》《སྣར་》,mརྫོགས་པར།,
,,2403,6,《པེ་》《སྣར་》,པའི།,
,,2404,7,《པེ་》《སྣར་》,mདུ།,
,344,2405,1,《པེ་》《སྣར་》,འགྱུར་བའི།,
,,2406,2,《པེ་》《སྣར་》,དོ།།,
,,2407,3,《པེ་》《སྣར་》,pཔ།,
,,2408,4,《པེ་》《སྣར་》,གྲོལ།,
,,2409,5,《པེ་》《སྣར་》,pཔ།,
,,2410,6,《པེ་》《སྣར་》,གྲོལ།,
,,2411,7,《པེ་》《སྣར་》,pའདི།,
,,2412,8,《པེ་》《སྣར་》,རིག,
,,2413,9,《པེ་》,བལྟོས་པའི་རིགས།,《སྣར་》,བལྟོས་པའི་རིགས།
,,2414,10,《པེ་》,རིག,
,345,2415,1,《པེ་》《སྣར་》,གྲོལ།,
,,2416,2,《པེ་》《སྣར་》,ཀྱི།,
,,2417,3,《པེ་》《སྣར་》,གྲོལ།,
,,2418,4,《པེ་》《སྣར་》,བལྟོས། (ཆོས་ཚན་འདིའི་ནང་དུ་ལྟོས་ཞེས་པ་རྣམས 72 ལ་བལྟོས་ཞེས་འཁོད་ཀྱང་བསྡུར་མཆན་དུ་བཀོད་མེད།),
,,2419,5,《པེ་》《སྣར་》,པའི་རིག,
,,2420,6,《པེ་》《སྣར་》,སྐྱེས་པ།,
,,2421,7,《པེ་》《སྣར་》,mཞེས་བྱའོ།,
,346,2422,1,《པེ་》《སྣར་》,གྲོལ།,
,,2423,2,《པེ་》《སྣར་》,གྲོལ།,
,,2424,3,《པེ་》《སྣར་》,pདེ།,
,,2425,4,《པེ་》《སྣར་》,pདག,
,,2426,5,《པེ་》《སྣར་》,སོ།,
,,2427,6,《པེ་》,ལྟ་བ་ན།,《སྣར་》,
,,2428,7,《པེ་》,པ་འགྲུབ།,《སྣར་》,
,347,2429,1,《སྣར་》,ཀྱི།,
,,2430,2,《སྣར་》,འཐུན།,
,,2431,3,《པེ་》《སྣར་》,གི།,
,,2432,4,《པེ་》《སྣར་》,རིག,
,,2433,5,《པེ་》,རིག,
,,2434,6,《པེ་》,བསྒྲུབ་པའི་རིག་པ།,《སྣར་》,
,,2435,7,《པེ་》《སྣར་》,བསྒྲུབ།,
,,2436,8,《པེ་》,གྱུར་པ།,
,,2437,9,《པེ་》,རིག,
,,2438,10,《པེ་》《སྣར་》,ཤེས།,
,,2439,11,《པེ་》《སྣར་》,བལྟོས། (ཆོས་ཚན་འདིའི་ནང་དུ་ལྟོས་ཞེས་པ་རྣམས 72 ལ་བལྟོས་ཞེས་འཁོད་ཀྱང་བསྡུར་མཆན་དུ་བཀོད་མེད།),
,,2440,12,《པེ་》《སྣར་》,བསྒྲུབ།,
,348,2441,1,《པེ་》《སྣར་》,ཅེས།,
,,2442,2,《པེ་》《སྣར་》,པས།,
,,2443,3,《པེ་》《སྣར་》,བལྟོས།   ,
,,2444,4,《པེ་》《སྣར་》,བལྟོས།,
,,2445,5,《པེ་》《སྣར་》,དེ།,
,,2446,6,《པེ་》《སྣར་》,བལྟོས།,
,,2447,7,《པེ་》《སྣར་》,བསྒྲུབ།,
,,2448,8,《པེ་》《སྣར་》,mནི།,
,,2449,9,《པེ་》《སྣར་》,mནི།,
,349,2450,1,《པེ་》《སྣར་》,བརྟགས།,
,,2451,2,《སྣར་》,དཀོད།,
,,2452,3,《ཅོ་》,རྐྱེན།,
,,2453,4,《པེ་》《སྣར་》,ནི།,
,,2454,5,《སྣར་》,བདུད།,
,,2455,6,《པེ་》《སྣར་》,གི།,
,,2456,7,《པེ་》《སྣར་》,mལ།,
,,2457,8,《པེ་》,རྟག,
,,2458,9,《པེ་》《སྣར་》,པ།,
,,2459,10,《པེ་》,རིག,
,350,2460,1,《པེ་》《སྣར་》,mལ།,
,,2461,2,《པེ་》《སྣར་》《ཅོ་》,གིས།,
,,2462,3,《པེ་》《སྣར་》,mཡང་།,
,,2463,4,《པེ་》《སྣར་》,mརྣམ་པ་ལྔར།,
,,2464,5,《པེ་》《སྣར་》,བསྟན།,
,,2465,6,《སྣར་》,ཆེན།,
,,2466,7,《པེ་》《སྣར་》,mཔ་རྣམ།,
,,2467,8,《སྣར་》,mབ།,
,,2468,9,《པེ་》《སྣར་》,mམ།,
,351,2469,1,《པེ་》《སྣར་》,དོ།།,
,,2470,2,《པེ་》《སྣར་》,བྱའོ།,
,,2471,3,《པེ་》《སྣར་》,ལས།,
,,2472,4,《པེ་》,ཀྱིས།,
,,2473,5,《པེ་》《སྣར་》,mབ་མཐོང་།,
,,2474,6,《སྣར་》,ཆོས།,
,,2475,7,《པེ་》《སྣར་》,mདག,
,,2476,8,《པེ་》《སྣར་》,བསམ།,
,,2477,9,《པེ་》,ཀྱི།,
,,2478,10,《པེ་》《སྣར་》,pཔ།,
,,2479,11,《པེ་》《སྣར་》,ནི།,
,352,2480,1,《པེ་》《སྣར་》,mམཚན,
,,2481,2,《པེ་》《སྣར་》,རྒྱུས།,
,,2482,3,《པེ་》《སྣར་》《ཅོ་》,བརྟགས།,
,,2483,4,《སྣར་》,མཚན།,
,,2484,5,《པེ་》《སྣར་》,ཞེས།,
,,2485,6,《པེ་》《སྣར་》,གྱིས།,
,,2486,7,《པེ་》《སྣར་》,ཀྱིས།,
,,2487,8,《སྣར་》,ཀྱི།,
,,2488,9,《པེ་》,དེ།,
,353,2489,1,《པེ་》,མེད།,
,,2490,2,《ཅོ་》,pཅེ།,
,,2491,3,《པེ་》,pན།,
,,2492,4,《པེ་》《སྣར་》,པར།,
,,2493,5,《པེ་》,mཔའི།,
,,2494,6,《པེ་》《སྣར་》,ཅེས་བྱའོ། །ཞེས།,
,,2495,7,《སྣར་》,mདེ།,《ཅོ་》,
,,2496,8,《པེ་》《སྣར་》,ནས།,
,,2497,9,《པེ་》《སྣར་》,པར།,
,354,2498,1,《སྣར་》,ཏེ།,
,,2499,2,《ཅོ་》,གསུངས།,
,,2500,3,《པེ་》《སྣར་》,ཤེས།,
,,2501,4,《པེ་》《སྣར་》,pདང་།,
,,2502,5,《ཅོ་》,མ།,
,,2503,6,《པེ་》《སྣར་》,པ་རགས།,
,,2504,7,《པེ་》《སྣར་》,mཔ།,
,355,2505,1,《སྣར་》,གྱིས།,
,,2506,2,《པེ་》《སྣར་》,mམ།,
,,2507,3,《པེ་》《སྣར་》,པ།,
,,2508,4,《པེ་》《སྣར་》,རིག,
,,2509,5,《པེ་》《སྣར་》,བསྒྲུབས།,
,356,2510,1,《པེ་》《སྣར་》,mབ།,
,,2511,2,《པེ་》《སྣར་》,དཔེ།,
,,2512,3,《སྣར་》,བསྒྲུབས།,
,,2513,4,《པེ་》《སྣར་》,བསྒྲུབས།,
,,2514,5,《པེ་》《སྣར་》,ཀྱི།,
,,2515,6,《པེ་》《སྣར་》,གིས་དཔེ།,
,,2516,7,《པེ་》《སྣར་》,ཀྱི།,
,357,2517,1,《པེ་》《སྣར་》,གིས།,
,,2518,2,《པེ་》《སྣར་》,བསྒྲུབས་པ།,
,,2519,3,《པེ་》《སྣར་》,དཔེ།,
,,2520,4,《པེ་》《སྣར་》,གྲགས།,
,,2521,5,《པེ་》《སྣར་》,གྲགས།,
,,2522,6,《པེ་》《སྣར་》,mཡང་།,
,,2523,7,《པེ་》,བསྒྲུབས།,
,,2524,8,《པེ་》《སྣར་》,པས།,
,,2525,9,《པེ་》《སྣར་》,mཔ།,
,,2526,10,《པེ་》《སྣར་》,གྲགས།,
,,2527,11,《པེ་》《སྣར་》,གྲགས།,
,,2528,12,《པེ་》《སྣར་》,གྲགས།,
,,2529,13,《པེ་》《སྣར་》,བསྟན།,
,,2530,14,《པེ་》《སྣར་》,pལ་ཞེས་པ།,
,358,2531,1,《པེ་》《སྣར་》,པས།,
,,2532,2,《པེ་》,རྟོགས།,《སྣར་》,
,,2533,3,《པེ་》《སྣར་》,བརྟེན།,
,,2534,4,《པེ་》,mའདིར།,
,,2535,5,《པེ་》《སྣར་》,mཅི།,
,,2536,6,《པེ་》《སྣར་》,mརྣམ་པ།,
,359,2537,1,《པེ་》《སྣར་》,mགང་ཡིན་པ།,
,,2538,2,《པེ་》《སྣར་》,mརྣམ་པ།,
,,2539,3,《པེ་》《སྣར་》,དང་།,
,,2540,4,《པེ་》《སྣར་》,དང་།,
,,2541,5,《པེ་》《སྣར་》,སྐྱེད།,
,,2542,6,《པེ་》《སྣར་》,ངུ་པའི།,
,,2543,7,《པེ་》《སྣར་》,ལ།,
,360,2544,1,《པེ་》,mཀྱི།,
,,2545,2,《པེ་》《སྣར་》,mམ་ཡིན་པ།,
,,2546,3,《པེ་》《སྣར་》,pཅན།,
,,2547,4,《པེ་》《སྣར་》,དེ་ནི།,
,,2548,5,《སྣར་》,འགྱུར།,
,,2549,6,《པེ་》,ངེས།,
,,2550,7,《པེ་》《སྣར་》,གིས།,
,361,2551,1,《པེ་》《སྣར་》,གི།,
,,2552,2,《པེ་》《སྣར་》,བརྟག།,
,,2553,3,《པེ་》《སྣར་》,གསུང་བར་ཤེས།,
,,2554,4,《སྣར་》,ན།,
,,2555,5,《ཅོ་》,པོའི།,
,,2556,6,《པེ་》《སྣར་》,བདེ་བ།,
,362,2557,1,《པེ་》《སྣར་》,གི།,
,,2558,2,《པེ་》《སྣར་》,ཀྱི།,
,,2559,3,《པེ་》《སྣར་》,རྟོགས།,
,,2560,4,《པེ་》《སྣར་》,mནི།,
,,2561,5,《པེ་》《སྣར་》,mདེ།,
,,2562,6,《པེ་》《སྣར་》,འདི།,
,363,2563,1,《ཅོ་》,པར།,
,,2564,2,《པེ་》《སྣར་》,ལ།,
,,2565,3,《པེ་》《སྣར་》,ཀྱི།,
,,2566,4,《པེ་》《སྣར་》,བྱུང་།,
,,2567,5,《སྣར་》,ནི།,
,,2568,6,《པེ་》《སྣར་》,mདོ།,
,,2569,7,《པེ་》《སྣར་》,mརྣམ་པ།,
,364,2570,1,《པེ་》,པར།,
,,2571,2,《པེ་》《སྣར་》,pརྣམ་པ་ཐམས་ཅད་མཁྱེན་པ་དང་།,
,,2572,3,《པེ་》《སྣར་》,ཀྱི།,
,,2573,4,《པེ་》《སྣར་》,ཅེ།,
,,2574,5,《པེ་》《སྣར་》,སྐུར།,
,365,2575,1,《སྣར་》,བརྙེད།,
,,2576,2,《པེ་》《སྣར་》,དང་། རིམས་ཀྱི།,
,,2577,3,《པེ་》《སྣར་》,གིས།,
,,2578,4,《པེ་》《སྣར་》,ཅེ་ན།,
,,2579,5,《པེ་》《སྣར་》,mལ།,
,,2580,6,《པེ་》《སྣར་》,ཟློག,
,,2581,7,《པེ་》《སྣར་》,དོ།,
,,2582,8,《པེ་》《སྣར་》,pནི།,
,366,2583,1,《པེ་》《སྣར་》,པར།,
,,2584,2,《པེ་》《སྣར་》,ད།,
,,2585,3,《པེ་》《སྣར་》,ལང་།,
,367,2586,1,《པེ་》《སྣར་》,mཔ,
,,2587,2,《པེ་》《སྣར་》,འགྱུར་བས།,
,,2588,3,《པེ་》《སྣར་》,མངས།,
,,2589,4,《པེ་》《སྣར་》,འཁྲུག,
,,2590,5,《པེ་》《སྣར་》,སྐྱེད།,
,368,2591,1,《སྣར་》,ལོ།,
,,2592,2,《པེ་》《སྣར་》,ཐོབ།,
,,2593,3,《པེ་》《སྣར་》,ཅི།,
,,2594,4,《པེ་》《སྣར་》,དཔའ།,
,,2595,5,《པེ་》,pཔར།,
,,2596,6,《པེ་》《སྣར་》,ཀྱི།,
,,2597,7,《པེ་》《སྣར་》,ཀྱི།,
,,2598,8,《པེ་》《སྣར་》,ལྡིས།,
,,2599,9,《པེ་》《སྣར་》,ཐོར།,
,369,2600,1,《པེ་》《སྣར་》,དེ།,
,,2601,2,《པེ་》《སྣར་》,pཀྱི།,
,,2602,3,《ཅོ་》,བསྒོམ།,
,,2603,4,《པེ་》,རིགས།,
,370,2604,1,《པེ་》,སྐྱོད།,
,,2605,2,《པེ་》《སྣར་》,pནི།,
,,2606,3,《པེ་》《སྣར་》,ཅན།,
,,2607,4,《པེ་》《སྣར་》,mལ།,
,,2608,5,《པེ་》《སྣར་》,pནི།,
,,2609,6,《པེ་》《སྣར་》,བྱུང་།,
,,2610,7,《པེ་》《སྣར་》,པས།,
,,2611,8,《པེ་》《སྣར་》,པས།,
,,2612,9,《པེ་》《སྣར་》,ཀྱི།,
,,2613,10,《པེ་》《སྣར་》,བཞིའི།,
,371,2614,1,《ཅོ་》,ཡངས།,
,,2615,2,《པེ་》《སྣར་》,mཕྱིར།,
,372,2616,1,《པེ་》《སྣར་》,mདང་།,
,,2617,2,《སྣར་》,mརྣམ་པ་ལྔ་།,
,,2618,3,《སྣར་》,pར།,
,,2619,4,《པེ་》,འཇུག,
,,2620,5,《ཅོ་》,ལྟར།,
,,2621,6,《པེ་》《སྣར་》,པ་བསྒྲུབ,《ཅོ་》,
,,2622,7,《པེ་》,འཐད་པས་བསྒྲུབ།,《སྣར་》,
,373,2623,1,《པེ་》《སྣར་》,གྲོལ།,
,,2624,2,《པེ་》《སྣར་》,ད།,
,,2625,3,《པེ་》,བསྒྲུབས།,《སྣར་》,
,,2626,4,《ཅོ་》,ཡིན།,
,,2627,5,《པེ་》《སྣར་》,གྲོལ།,
,,2628,6,《པེ་》《སྣར་》,གྱི།,
,,2629,7,《པེ་》《སྣར་》,སྟོན།,
,,2630,8,《པེ་》《སྣར་》,མདོ།,
,374,2631,1,《པེ་》《སྣར་》,རིག,
,,2632,2,《པེ་》,དོ།,
,,2633,3,《པེ་》《སྣར་》,དེ།,
,,2634,4,《པེ་》《སྣར་》,རིག,
,,2635,5,《པེ་》《སྣར་》,mཏུ།,
,375,2636,1,《པེ་》《སྣར་》,mན།,
,,2637,2,《སྣར་》,pཔ།,
,,2638,3,《པེ་》《སྣར་》,pགཞན།,
,,2639,4,《པེ་》《སྣར་》,pརོ།,
,,2640,5,《པེ་》,mབ།,
,376,2641,1,《པེ་》《ཅོ་》,བསྐྱེད།,
,,2642,2,《པེ་》《སྣར་》,སྐྱེད།,
,,2643,3,《པེ་》《སྣར་》,ལྷག,
,,2644,4,《སྣར་》,mདང་བདེ་བ།,
,,2645,5,《སྣར་》,བྱམ།,
,,2646,6,《པེ་》,རིག,
,,2647,7,《པེ་》《སྣར་》,mའཇུག་པ་ལས།,
,,2648,8,《པེ་》《སྣར་》,བྱུང་།,
,377,2649,1,《པེ་》《སྣར་》,པ།,
,,2650,2,《པེ་》《སྣར་》,འབྱུང་།,
,,2651,3,《པེ་》《སྣར་》,ཀྱིས།,
,,2652,4,《པེ་》《སྣར་》,བསྒྲུབས།,
,,2653,5,《པེ་》《སྣར་》,སྒྲུབས།,
,,2654,6,《པེ་》《སྣར་》,mདོ།,
,,2655,7,《པེ་》《སྣར་》,ཀྱི།,
,,2656,8,《པེ་》《སྣར་》,བསྒྲུབ།,
,378,2657,1,《པེ་》《སྣར་》,ལས།,
,,2658,2,《པེ་》《སྣར་》,ལ།,
,379,2659,1,《པེ་》,རིག,
,,2660,2,《པེ་》《སྣར་》,དགོངས།,
,,2661,3,《པེ་》《སྣར་》,mདང་།,
,,2662,4,《པེ་》《སྣར་》,བྱ་བ།,
,,2663,5,《པེ་》《སྣར་》,mབཤད་པ།,
,,2664,6,《པེ་》《སྣར་》,pབཤད་པ།,
,,2665,7,《པེ་》《སྣར་》,པས།,
,,2666,8,《པེ་》,ཀྱི།,
,,2667,9,《སྣར་》,གྱིས།,
,,2668,10,《པེ་》《སྣར་》,དཔེས།,
,380,2669,1,《པེ་》《སྣར་》,བྱ་བ།,
,,2670,2,《པེ་》《སྣར་》,བཅའ་བའི།,
,,2671,3,《པེ་》《སྣར་》,རྟག,
,,2672,4,《པེ་》《སྣར་》,ཀྱིས།,
,,2673,5,《སྣར་》,mམི་མཐུན་པ་གང་ཡིན་པ་དེ་ནི་ཐམས་ཅད།,
,,2674,6,《པེ་》《སྣར་》,པས།,
,,2675,7,《པེ་》《སྣར་》,སྟེ།,
,,2676,8,《པེ་》《སྣར་》,བྱ་སྟེ།,
,,2677,9,《པེ་》《སྣར་》,གྲོལ།,
,381,2678,1,《པེ་》《སྣར་》,གྲོལ།,
,,2679,2,《པེ་》《སྣར་》,ནི།,
,,2680,3,《པེ་》《སྣར་》,བརྟག,
,,2681,4,《པེ་》《སྣར་》,རྟག,
,,2682,5,《པེ་》《སྣར་》,རྟག,
,,2683,6,《པེ་》《སྣར་》,གི།,
,,2684,7,《པེ་》《སྣར་》,བརྟག,
,,2685,8,《པེ་》《སྣར་》,ར།,
,,2686,9,《པེ་》《སྣར་》,བརྟགས།,
,,2687,10,《པེ་》《སྣར་》,mལས།,
,,2688,11,《པེ་》《སྣར་》,རྟག་པ།,
,,2689,12,《ཅོ་》,ལྟར།,
,,2690,13,《པེ་》《སྣར་》,པའི།,
,382,2691,1,《པེ་》《སྣར་》,ཀྱི།,
,,2692,2,《པེ་》《སྣར་》,རྩེ།,
,,2693,3,《པེ་》《སྣར་》,སྒྲོག,
,,2694,4,《པེ་》《སྣར་》《ཅོ་》,pནི།,
,,2695,5,《པེ་》《སྣར་》,སྟེ།,
,,2696,6,《པེ་》《སྣར་》,བརྟག,
,383,2697,1,《པེ་》《སྣར་》,བལྟོས།,
,,2698,2,《པེ་》《སྣར་》,དཔེ།,
,,2699,3,《པེ་》《སྣར་》,རིག,
,,2700,4,《པེ་》,ཐོབ།,
,,2701,5,《སྣར་》,དག,
,,2702,6,《པེ་》《སྣར་》,གྲགས།,
,,2703,7,《པེ་》《སྣར་》,གྲགས།,
,,2704,8,《པེ་》《སྣར་》,བརྟེན།,
,,2705,9,《པེ་》《སྣར་》,གྲེག,
,384,2706,1,《པེ་》《སྣར་》,པ།,
,,2707,2,《པེ་》《སྣར་》,གྲེག,
,,2708,3,《པེ་》《སྣར་》,གྲེག,
,,2709,4,《པེ་》《སྣར་》,mམཚན་ཉིད།,
,,2710,5,《པེ་》《སྣར་》,ལ།,
,,2711,6,《པེ་》《སྣར་》,རིག,
,,2712,7,《པེ་》《སྣར་》,ཟློག,
,,2713,8,《པེ་》《སྣར་》,གྲེག,
,,2714,9,《པེ་》《སྣར་》,གྲེག,
,,2715,10,《པེ་》《སྣར་》,གྲེག,
,385,2716,1,《པེ་》《སྣར་》,གྲེག,
,,2717,2,《པེ་》《སྣར་》,mདུ།,
,,2718,3,《པེ་》《སྣར་》,གྲེག,
,,2719,4,《པེ་》《སྣར་》,མ་གྲེག,
,,2720,5,《པེ་》《སྣར་》,གྲེག,
,,2721,6,《པེ་》《སྣར་》,པ།,
,,2722,7,《པེ་》《སྣར་》,གྲེག,
,,2723,8,《པེ་》《སྣར་》,རིག,
,,2724,9,《པེ་》《སྣར་》,གྲེག,
,,2725,10,《པེ་》《སྣར་》,བསྟན།,
,386,2726,1,《པེ་》《སྣར་》,གྲེག,
,,2727,2,《པེ་》《སྣར་》,གྲེག,
,,2728,3,《ཅོ་》,བསྡུས།,
,,2729,4,《པེ་》《སྣར་》,ཀྱི།,
,,2730,5,《པེ་》《སྣར་》,mའདི།,
,,2731,6,《སྣར་》,pཔ།,
,,2732,7,《སྣར་》,ཚུངས།,
,,2733,8,《སྣར་》,བས།,
,387,2734,1,《ཅོ་》,mཉིད།,
,,2735,2,《པེ་》《སྣར་》《ཅོ་》,mལ།,
,,2736,3,《པེ་》《སྣར་》,བཞིན།,
,,2737,4,《ཅོ་》,པར།,
,,2738,5,《པེ་》《སྣར་》,ཀྱི།,
,,2739,6,《པེ་》《སྣར་》,ཕྱིར།,
,388,2740,1,《པེ་》《སྣར་》,རྟག,
,,2741,2,《པེ་》《སྣར་》,pཏུ།,
,,2742,3,《པེ་》《སྣར་》,གྲག,
,,2743,4,《སྣར་》,གྲག,
,389,2744,1,《པེ་》《སྣར་》,ཀྱིས།,
,,2745,2,《པེ་》《སྣར་》,རིག,
,,2746,3,《པེ་》,mཀུན།,《སྣར་》,ཀུན།
,,2747,4,《པེ་》,པའི།,
,,2748,5,《པེ་》《སྣར་》,mགང་།,
,,2749,6,《པེ་》《སྣར་》,རིག,
,,2750,7,《པེ་》《སྣར་》,རིག,
,,2751,8,《པེ་》《སྣར་》,བལྟོས།,
,,2752,9,《པེ་》《སྣར་》,བསྒྲུབ།,
,,2753,10,《པེ་》《སྣར་》,བལྟོས།,
,,2754,11,《པེ་》《སྣར་》,pན།,
,,2755,12,《པེ་》《སྣར་》,བལྟོས།,
,,2756,13,《པེ་》《སྣར་》,བལྟོས།,
,390,2757,1,《པེ་》《སྣར་》,བལྟོས།,
,,2758,2,《པེ་》《སྣར་》,རིག,
,,2759,3,《པེ་》,རིགས།,
,,2760,4,《སྣར་》,གཟོ།,
,,2761,5,《པེ་》《སྣར་》,བསྒྲུབ་པའི་རིག,
,,2762,6,《སྣར་》,བསྒྲུབས།,
,,2763,7,《པེ་》《སྣར་》,གྱི།,
,,2764,8,《པེ་》,རིག,
,,2765,9,《པེ་》《སྣར་》,གནས།,
,,2766,10,《པེ་》《སྣར་》,གྱི།,
,391,2767,1,《སྣར་》,གི།,
,,2768,2,《པེ་》《སྣར་》,mགི།,
,,2769,3,《པེ་》《སྣར་》,mཉིད།,
,,2770,4,《པེ་》《སྣར་》,མ།,
,392,2771,1,《པེ་》,གིས།,
,,2772,2,《པེ་》《སྣར་》,གྱི།,
,,2773,3,《པེ་》《སྣར་》,པ།,
,393,2774,1,《པེ་》《སྣར་》,ཅེས།,
,,2775,2,《པེ་》《སྣར་》,mཞེས།,
,394,2776,1,《ཅོ་》,ཀྱི།,
,,2777,2,《པེ་》《སྣར་》,mཕྱི།,
,,2778,3,《སྣར་》,པས།,
,,2779,4,《པེ་》《སྣར་》,pབཏབ་པ།,
,395,2780,1,《པེ་》《སྣར་》,ཀྱི།,
,,2781,2,《པེ་》《སྣར་》,རྗེད།,
,,2782,3,《པེ་》《སྣར་》,pཀྱིས།,
,,2783,4,《པེ་》,བལྟས།,《སྣར་》,
,,2784,5,《པེ་》《སྣར་》,བསྡུ།,
,,2785,6,《པེ་》《སྣར་》,གིས།,
,396,2786,1,《སྣར་》,པར་རྗེས་སུ།,
,,2787,2,《སྣར་》,འདིར།,
,,2788,3,《ཅོ་》,བར།,
,,2789,4,《པེ་》《སྣར་》,ཏེ།,
,,2790,5,《པེ་》,པོར་བདག,《སྣར་》,
,,2791,6,《པེ་》《སྣར་》,pདང་།,
,397,2792,1,《པེ་》《སྣར་》,སྔོན།,
,,2793,2,《པེ་》《སྣར་》,pནི།,
,,2794,3,《པེ་》《སྣར་》,པ།,
,,2795,4,《སྣར་》,ཟག་དུ།,
,,2796,5,《པེ་》《སྣར་》,གི།,
,398,2797,1,《སྣར་》,པའི།,
,,2798,2,《པེ་》《སྣར་》《ཅོ་》,ཕྱིས།,
,,2799,3,《པེ་》《སྣར་》,pནི།,
,,2800,4,《པེ་》《སྣར་》,བརྟག,
,,2801,5,《པེ་》《སྣར་》,mབདག་དང་།,
,,2802,6,《པེ་》《སྣར་》,mདེ།,
,,2803,7,《པེ་》,སྤྱིའི།,
,399,2804,1,《ཅོ་》,པ།,
,,2805,2,《པེ་》《སྣར་》,mདང་།,
,,2806,3,《སྣར་》,འབྱུང་།,
,,2807,4,《པེ་》《སྣར་》,mཉོན་མོངས་པ་ནི།,
,,2808,5,《སྣར་》,བའི།,
,,2809,6,《པེ་》《སྣར་》,mཔ།,
,,2810,7,《པེ་》《སྣར་》,པ་དེས།,
,,2811,8,《པེ་》《སྣར་》,མནམས།,
,400,2812,1,《པེ་》《སྣར་》,སྐྱེད།,
,,2813,2,《སྣར་》,བས་ནི།,
,,2814,3,《སྣར་》,ན།,
,,2815,4,《སྣར་》,དག,
,,2816,5,《པེ་》《སྣར་》,mབག,
,,2817,6,《པེ་》《སྣར་》,བར་བྱེད་པའི།,
,,2818,7,《པེ་》《སྣར་》,དེ།,
,,2819,8,《པེ་》《སྣར་》,བལྟོས།,
,401,2820,1,《པེ་》《སྣར་》,གིས།,
,,2821,2,《པེ་》《སྣར་》,pཔ་ལོག,
,,2822,3,《པེ་》《སྣར་》,བརྩོལ།,
,,2823,4,《ཅོ་》,བར།,
,402,2824,1,《པེ་》《སྣར་》,ན།,
,,2825,2,《པེ་》《སྣར་》,གྱུར་པའི།,
,,2826,3,《ཅོ་》,དོ།,
,,2827,4,《པེ་》《སྣར་》,mཉིད།,
,,2828,5,《པེ་》《སྣར་》,mམཚན་ཉིད་དང་། ཤིན་ཏུ་རྣམ་པར་དག་པའི།,
,,2829,6,《པེ་》《སྣར་》,དེ།,
,,2830,7,《པེ་》《སྣར་》,mངང་གིས།,
,403,2831,1,《པེ་》《སྣར་》,བསྒོམ།,
,,2832,2,《པེ་》《སྣར་》,mན།,
,,2833,3,《པེ་》《སྣར་》,mཔ།,
,404,2834,1,《པེ་》《སྣར་》,ནས།,
,,2835,2,《སྣར་》,སྙམས།,
,,2836,3,《པེ་》《སྣར་》,སྨོང་།,
,405,2837,1,《ཅོ་》,བྱུང་།,
,,2838,2,《སྣར་》,mབ།,
,,2839,3,《པེ་》《སྣར་》,སྟོན།,
,,2840,4,《པེ་》,གིས།,
,,2841,5,《པེ་》《སྣར་》,གྱིས་བརླབས།,
,406,2842,1,《སྣར་》,mབ།,
,,2843,2,《པེ་》《སྣར་》,mམ།,
,,2844,3,《པེ་》《སྣར་》,བ།,
,407,2845,1,《པེ་》《སྣར་》,mདེ།,
,,2846,2,《པེ་》《སྣར་》,བསགས།,
,,2847,3,《པེ་》《སྣར་》,རགས་པར།,
,,2848,4,《པེ་》《སྣར་》,ནས།,
,,2849,5,《པེ་》《སྣར་》,རྟོག།,
,,2850,6,《སྣར་》,བརྟན།,
,408,2851,1,《པེ་》《སྣར་》,རྟོགས།,
,,2852,2,《པེ་》《སྣར་》,བྱེད་པ།,
,,2853,3,《སྣར་》,བྱ་བ་དེའི།,
,,2854,4,《པེ་》《སྣར་》,ལྱང་།,
,409,2855,1,《པེ་》《སྣར་》,ཀྱི།,
,,2856,2,《པེ་》《སྣར་》,བསྒྲུབས།,
,,2857,3,《པེ་》《སྣར་》,གྲུབ།,
,,2858,4,《པེ་》《སྣར་》,གི།,
,,2859,5,《པེ་》《སྣར་》,གི།,
,,2860,6,《པེ་》《སྣར་》,གིས།,
,,2861,7,《པེ་》《སྣར་》,བལྟོས།,
,,2862,8,《པེ་》《སྣར་》,mཞེས།,
,,2863,9,《པེ་》《སྣར་》,བསྒྲུབ།,
,,2864,10,《པེ་》《སྣར་》,ལྱང་།,
,410,2865,1,《པེ་》《སྣར་》,རྟག,
,,2866,2,《པེ་》《སྣར་》,ནི་འདི།,
,,2867,3,《སྣར་》,གི།,
,411,2868,1,《པེ་》《སྣར་》,ལ།,
,,2869,2,《པེ་》《སྣར་》,གྲོལ།,
,,2870,3,《པེ་》《སྣར་》,གྲོལ།,
,,2871,4,《པེ་》《སྣར་》,གི།,
,,2872,5,《ཅོ་》,པས།,
,,2873,6,《པེ་》《སྣར་》,pསྔོན།,
,,2874,7,《སྣར་》,གིས།,
,,2875,8,《པེ་》《སྣར་》,སྙོམས།,
,,2876,9,《པེ་》《སྣར་》,གིས།,
,412,2877,1,《སྣར་》,ཏེ་ཁམས་ཀྱི།,
,,2878,2,《པེ་》《སྣར་》,གཎྜི།,
,,2879,3,《ཅོ་》,གཎཱི།,
,,2880,4,《པེ་》《སྣར་》,གཎྜི།,
,,2881,5,《པེ་》《སྣར་》,pསློང་།,
,,2882,6,《པེ་》《སྣར་》《ཅོ་》,བབས།,
,413,2883,1,《པེ་》《སྣར་》,mགདོད།,
,,2884,2,《པེ་》《སྣར་》,གདོད་ཆད་ཅེས།,
,,2885,3,《ཅོ་》,ཡས།,
,,2886,4,《པེ་》《སྣར་》,གྲགས་ཏེ།,
,,2887,5,《པེ་》《སྣར་》,mདུས།,
,,2888,6,《པེ་》《སྣར་》,བཟུང་།,
,,2889,7,《སྣར་》,ཆེད།,
,,2890,8,《པེ་》《སྣར་》,པ།,
,,2891,9,《པེ་》《སྣར་》,mམ།,
,,2892,10,《པེ་》《སྣར་》,ལྟར།,
,414,2893,1,《པེ་》《སྣར་》,གི,
,,2894,2,《པེ་》《སྣར་》,གཎྜིའི།,
,,2895,3,《པེ་》《སྣར་》,mབྱའོ།,
,,2896,4,《ཅོ་》,ན།,
,,2897,5,《པེ་》《སྣར་》,གཎྜི།,
,,2898,6,《པེ་》《སྣར་》,གཎྜི།,
,,2899,7,《པེ་》《སྣར་》,གཎྜིའི།,
,,2900,8,《པེ་》《སྣར་》,pཡོད།,
,,2901,9,《པེ་》《སྣར་》,གཉིད།,
,,2902,10,《པེ་》《སྣར་》,གི།,
,,2903,11,《པེ་》《སྣར་》,སྒྲུབ།,
,,2904,12,《པེ་》《སྣར་》,ཀྱིས།,
,415,2905,1,《པེ་》《སྣར་》,བསྒྲུབས།,
,,2906,2,《པེ་》《སྣར་》,གི,
,,2907,3,《པེ་》《སྣར་》,མཚོ་བསྟོན།,
,,2908,4,《པེ་》《སྣར་》,གཎྜི།,
,,2909,5,《པེ་》《སྣར་》,གཎྜིའི།,
,,2910,6,《པེ་》《སྣར་》,mཀྱི།,
,,2911,7,《པེ་》《སྣར་》,མཚོ་བསྟན།,
,,2912,8,《པེ་》《སྣར་》,གཎྜི།,
,,2913,9,《པེ་》《སྣར་》,གཎྜི།,
,,2914,10,《པེ་》《སྣར་》,གཎྜི།,
,416,2915,1,《ཅོ་》,mདཔལ།,
,,2916,2,《པེ་》《སྣར་》,pའམ་མི་མངའ་བ།,
,,2917,3,《སྣར་》,འདོར།,
,,2918,4,《པེ་》《སྣར་》,བརྟགས།,
,,2919,5,《པེ་》《སྣར་》,པ།,
,,2920,6,《པེ་》,རྟེན།,
,,2921,7,《པེ་》《སྣར་》,ཀྱི།,
,,2922,8,《པེ་》《ཅོ་》,བུའི།,
,417,2923,1,《པེ་》《སྣར་》,mརྫོགས།,
,,2924,2,《པེ་》《སྣར་》,གྱིས།,
,,2925,3,《པེ་》《སྣར་》,པ།,
,,2926,4,《པེ་》《སྣར་》,སྤང་བའི།,
,,2927,5,《པེ་》《སྣར་》,པ།,
,,2928,6,《པེ་》《སྣར་》,pལ།,
,418,2929,1,《པེ་》《སྣར་》,ལས།,
,,2930,2,《པེ་》,བརྩམ།,
,,2931,3,《པེ་》《སྣར་》,སོགས།,
,,2932,4,《པེ་》《སྣར་》,གྲོལ།,
,,2933,5,《པེ་》《སྣར་》,གྲོལ།,
,,2934,6,《པེ་》《སྣར་》,བྱར།,
,,2935,7,《པེ་》《སྣར་》,བྱར།,
,,2936,8,《པེ་》《སྣར་》,གཉིས།,
,419,2937,1,《པེ་》《སྣར་》,པས།,
,,2938,2,《པེ་》,གི།,
,,2939,3,《པེ་》《སྣར་》,ན།,
,,2940,4,《པེ་》《སྣར་》,པ།,
,,2941,5,《པེ་》《སྣར་》,ལས།,
,,2942,6,《པེ་》《སྣར་》,པའི།,
,,2943,7,《སྣར་》,པ་དང་སྟན།,
,420,2944,1,《པེ་》《སྣར་》,པས།,
,,2945,2,《པེ་》,གྲགས།,
,,2946,3,《པེ་》《སྣར་》,རིས།,
,,2947,4,《པེ་》《སྣར་》,གྱི།,
,,2948,5,《པེ་》《སྣར་》,པའི།,
,,2949,6,《སྣར་》,གི།,
,421,2950,1,《སྣར་》,ཏི་ལ།,
,,2951,2,《པེ་》《སྣར་》,སྦྱོར་བས།,
,,2952,3,《སྣར་》,བདུན་ཏ།,
,,2953,4,《སྣར་》,ནི།,
,,2954,5,《པེ་》,གང་དག་བསྐལ་པ།,《སྣར་》,
,422,2955,1,《པེ་》《སྣར་》,ཅེས།,
,,2956,2,《སྣར་》,རྣམས།,
,,2957,3,《སྣར་》,མི་གསུམ་ས།,
,,2958,4,《སྣར་》,གསུམ་ས།,
,,2959,5,《སྣར་》,ཤེས།,
,,2960,6,《སྣར་》,ད་ན།,
,,2961,7,《སྣར་》,སོན་དོ།,
,423,2962,1,《སྣར་》,འདོར།,
,,2963,2,《པེ་》《སྣར་》,mཞེས།,
,,2964,3,《སྣར་》,སྐོར།,
,,2965,4,《པེ་》《སྣར་》,པར།,
,,2966,5,《པེ་》《སྣར་》,པས།,
,424,2967,1,《པེ་》《སྣར་》,གྲོལ།,
,,2968,2,《པེ་》《སྣར་》,གྲོལ།,
,,2969,3,《སྣར་》,pད།,
,,2970,4,《པེ་》《སྣར་》,དེ།,
,,2971,5,《ཅོ་》,བ།,
,,2972,6,《པེ་》《སྣར་》,mཀྱང་།,
,,2973,7,《པེ་》,pའདས།,
,,2974,8,《པེ་》《སྣར་》,འགག,
,,2975,9,《པེ་》《སྣར་》,mམངོན།,
,425,2976,1,《པེ་》《སྣར་》,པས།,
,,2977,2,《པེ་》《སྣར་》,སྐུ།,
,,2978,3,《པེ་》,པ་ཡ།,
,,2979,4,《པེ་》《སྣར་》,བསྐྱེད།,
,,2980,5,《པེ་》《སྣར་》,པ།,
,,2981,6,《པེ་》《སྣར་》,བསྐྱེད།,
,426,2982,1,《ཅོ་》,mལ།,
,,2983,2,《པེ་》《སྣར་》,བལྟོས།,
,,2984,3,《པེ་》《སྣར་》,བསྐལ།,
,,2985,4,《པེ་》《སྣར་》,mཔ།,
,,2986,5,《པེ་》《སྣར་》,སྐུས།,
,,2987,6,《པེ་》《སྣར་》,ཀྱི།,
,,2988,7,《པེ་》《སྣར་》,བརླབ།,
,,2989,8,《པེ་》《སྣར་》,mནི།,
,,2990,9,《པེ་》《སྣར་》,བལྟོས།,
,,2991,10,《པེ་》《སྣར་》,mཅན།,
,427,2992,1,《པེ་》《སྣར་》,mནི།,
,,2993,2,《པེ་》《སྣར་》,ནི།,
,,2994,3,《པེ་》《སྣར་》,པའི།,
,,2995,4,《པེ་》《སྣར་》,དེ་ནི།,
,,2996,5,《པེ་》《སྣར་》,གྱིས་བརླབས།,
,,2997,6,《པེ་》《སྣར་》,གི་སྐྱེད།,
,428,2998,1,《པེ་》《སྣར་》,སྟོན།,
,,2999,2,《པེ་》《སྣར་》,བའི།,
,,3000,3,《སྣར་》,སྔོན།,
,,3001,4,《པེ་》《སྣར་》,pདང་དེ།,
,,3002,5,《པེ་》8,mདཔེ།,
,429,3003,1,《པེ་》《སྣར་》,རིག,
,,3004,2,《པེ་》《སྣར་》,པས།,
,,3005,3,《པེ་》《སྣར་》,གྱིས་བརླབས།,
,,3006,4,《སྣར་》,ལ།,
,,3007,5,《པེ་》《སྣར་》,གི།,
,430,3008,1,《པེ་》,རྒྱ་ཆེན་པོར།,《སྣར་》,
,,3009,2,《པེ་》《སྣར་》,mཆེན་པོ།,
,,3010,3,《པེ་》《སྣར་》,ནོར།,
,431,3011,1,《སྣར་》,བྱ,
,,3012,2,《སྣར་》,པས།,
,,3013,3,《པེ་》《སྣར་》,གནང་།,
,,3014,4,《པེ་》《སྣར་》,སྟོང་།,
,,3015,5,《པེ་》《སྣར་》,གྲོལ།,
,,3016,6,《པེ་》《སྣར་》,བུའི།,
,,3017,7,《པེ་》《སྣར་》,གྲོལ།,
,,3018,8,《སྣར་》,གྲོལ་ལོ།,
,,3019,9,《པེ་》《སྣར་》,pཀྱང་།,
,,3020,10,《པེ་》《སྣར་》,ཀྱིས་བརླབས།,
,,3021,11,《པེ་》《སྣར་》,མི།,
,432,3022,1,《པེ་》《སྣར་》,pཇི།,
,,3023,2,《པེ་》《སྣར་》,གྱིས་བརླབས།,
,,3024,3,《པེ་》《སྣར་》,སྒྲུབ།,
,,3025,4,《སྣར་》,བས།,
,,3026,5,《སྣར་》,པ།,
,,3027,6,《ཅོ་》,ལུས།,
,,3028,7,《པེ་》《སྣར་》,དཔའི།,
,,3029,8,《པེ་》《སྣར་》,གྱིས་བརླབས།,
,,3030,9,《པེ་》《སྣར་》,སྒྲུབ།,
,433,3031,1,《པེ་》《སྣར་》,སྒྲུབ།,
,,3032,2,《པེ་》《སྣར་》,པ།,
,,3033,3,《པེ་》《སྣར་》,mལ།,
,,3034,4,《པེ་》《སྣར་》,གྱིས་བརླབས།,
,,3035,5,《པེ་》《སྣར་》,སྒྲུབ།,
,,3036,6,《པེ་》《སྣར་》,ཡང་།,
,,3037,7,《པེ་》《སྣར་》,སྒྲུབ།,
,,3038,8,《པེ་》《སྣར་》,སྒྲུབ།,
,,3039,9,《པེ་》《སྣར་》,སྒྲུབ།,
,,3040,10,《པེ་》《སྣར་》,སྒྲུབ།,
,434,3041,1,《པེ་》《སྣར་》,བས།,
,,3042,2,《སྣར་》,ཀྱི།,
,,3043,3,《པེ་》《སྣར་》,སྒྲུབ།,
,,3044,4,《པེ་》《སྣར་》,འཕྲེང་།,
,,3045,5,《པེ་》《སྣར་》,ཀྱིས།,
,,3046,6,《པེ་》《སྣར་》,ན།,
,,3047,7,《པེ་》《སྣར་》,གྱིས་བརླབས།,
,,3048,8,《པེ་》《སྣར་》,པ།,
,,3049,9,《པེ་》,འཇུག,
,,3050,10,《པེ་》《སྣར་》,སྒྲུབ།,
,,3051,11,《པེ་》《སྣར་》,འདི་ཉིད་ཀྱི།,
,,3052,12,《པེ་》,ནི།,
,435,3053,1,《སྣར་》,བླ།,
,,3054,2,《སྣར་》,བླ།,
,,3055,3,《སྣར་》,pཔ།,
,,3056,4,《སྣར་》,བླ།,
,436,3057,1,《སྣར་》,ཞེན་ས།,
,,3058,2,《སྣར་》,mཔ།,
,,3059,3,《པེ་》,རྙེད་དཀའ་བར་བསྟན།,《སྣར་》,
,,3060,4,《པེ་》《སྣར་》,བསྟན།,
,,3061,5,《པེ་》《སྣར་》,རྟག,
,,3062,6,《སྣར་》,དགའ།,
,,3063,7,《པེ་》《སྣར་》,mཔ་དག,
,,3064,8,《པེ་》,བཟློགས།,
,,3065,9,《སྣར་》,བླར།,
,,3066,10,《པེ་》,ཀྱི།,
,,3067,11,《པེ་》《སྣར་》,གྲོལ།,
,437,3068,1,《པེ་》《སྣར་》,པ།,
,,3069,2,《པེ་》,དུ་ཕྱིན།,《སྣར་》,
,,3070,3,《པེ་》《སྣར་》,རྙེད།,
,,3071,4,《པེ་》《སྣར་》,རྣམས།,
,438,3072,1,《པེ་》,བོ།,
,,3073,2,《པེ་》《སྣར་》,པའི།,
,439,3074,1,《པེ་》《སྣར་》,ལྱང་།,
,,3075,2,《པེ་》《སྣར་》,mདག,
,440,3076,1,《པེ་》《སྣར་》,mཔ།,
,,3077,2,《པེ་》《སྣར་》,ལྟར།,《ཅོ་》,
,,3078,3,《པེ་》《སྣར་》,བྱུང་།,
,,3079,4,《པེ་》《སྣར་》,བ།,
,,3080,5,《སྣར་》,གཅིག,
,,3081,6,《པེ་》,ལུས་དང་། རིག,《སྣར་》,
,441,3082,1,《པེ་》《སྣར་》,གི,
,,3083,2,《པེ་》《སྣར་》,བཟུང་།,
,,3084,3,《སྣར་》,mལ།,
,,3085,4,《པེ་》《སྣར་》,དེ།,
,,3086,5,《པེ་》,གི,
,,3087,6,《སྣར་》,གི།,
,,3088,7,《པེ་》《སྣར་》,སྒྲུབ།,
,442,3089,1,《པེ་》《སྣར་》,སྒྲུབ།,
,,3090,2,《པེ་》《སྣར་》,བུ།,
,,3091,3,《ཅོ་》,གིས།,
,,3092,4,《པེ་》《སྣར་》,བསྒྲུབས།,
,,3093,5,《པེ་》,རྣམས།,《སྣར་》,
,,3094,6,《པེ་》,སྒྲུབ།,
,443,3095,1,《པེ་》《སྣར་》,པར།,
,,3096,2,《པེ་》《སྣར་》,ཝེན།,
,,3097,3,《པེ་》《སྣར་》,པ།,
,,3098,4,《པེ་》,pམངྒཱལཾ།,
