མཚན་བྱང་།,ཤོག་གྲངས།,1,མཆན་གྲངས།,པར་མ།,མཆན།,,
༄༅། །ཤེས་རབ་ཀྱི་ཕ་རོལ་ཏུ་ཕྱིན་པ་སྟོང་ཕྲག་ཉི་ཤུ་ལྔ་པ།,3,2,1,,མཚན་བྱང་འདི་ཆོས་ཚན་འདིའི་མཚན་བོད་སྐད་དུ་སྨོས་པ་ལྟར་བཀོད།,,
,,3,2,《པེ་》《སྣར་》,mཤེས་རབ་ཀྱི་ཕ་རོ་ཏུ་ཕྱིན་པ་སྟོང་ཕྲག་ཉི་ཤུ་ལྔ་པ།,,
,,4,3,《པེ་》,གའི།,,
,,5,4,《པེ་》《སྣར་》,། ( འདིའི་འོག་གི་ལེའུ་དང་བམ་པོ་མ་གཏོགས་པའི་བཞི་ཤད་ཅན་ཕལ་ཆེར་ལ། 《པེ་》《སྣར་》ལ་བཞི་ཤད་མེད་ཀྱང་བསྡུར་མཆན་དུ་བཀོད་མེད།) ,,
,4,6,1,《པེ་》《སྣར་》,ནས།,,
,,7,2,《པེ་》《སྣར་》,mགི།,,
,,8,3,《པེ་》《སྣར་》,བཞག (འདིའི་འོག་གི་གཞག་རྣམས་《པེ་》《སྣར་》་ལ་བཞག་ཞེས་འཁོད་ཀྱང་བསྡུར་མཆན་དུ་བཀོད་མེད།),,
,5,9,1,《སྣར་》,མའོ།,,
,6,10,1,《པེ་》《སྣར་》,mབཞི།,,
,7,11,1,《པེ་》《སྣར་》,mཡང་དག་པར།,,
,8,12,1,《པེ་》《སྣར་》,mདེ་ནི་ཡོངས་སུ་བསྔོ་བ།,,
,,13,2,《པེ་》《སྣར་》,པ་ལ།,,
,10,14,1,《པེ་》《སྣར་》,བསླབ།,,
,,15,2,《པེ་》《སྣར་》,mཚད་མེད།,,
,11,16,1,《པེ་》《སྣར་》,སྒོམ།,,
,,17,2,《པེ་》《སྣར་》,mདུ།,,
,,18,3,《པེ་》《སྣར་》,བའོ།,,
,12,19,1,《པེ་》《སྣར་》,mཚོར་བ་དང་། འདུ་ཤེས་དང་། འདུ་བྱེད་རྣམས་དང། རྣམ་པར་ཤེས་པ་འབའ་ཞིག་སྟོང་། ,,
,,20,2,《པེ་》《སྣར་》,mཔ།,,
,13,21,1,《པེ་》《སྣར་》,pལས།,,
,,22,2,《པེ་》《སྣར་》,mནོ།,,
,,23,3,《པེ་》《སྣར་》,བརྩོད།,,
,,24,4,《པེ་》《སྣར་》,སོ།,,
,,25,5,《པེ་》《སྣར་》,pམ།,,
,,26,6,《པེ་》《སྣར་》,ཏེ།,,
,14,27,1,《སྣར་》,གཟུགས།,,
,,28,2,《པེ་》《སྣར་》,mཡོངས་སུ།,,
,15,29,1,《པེ་》《སྣར་》,སྒོམ།,,
,,30,2,《པེ་》,mམི།,,
,,31,3,《པེ་》《སྣར་》,པའོ།།,,
,17,32,1,《པེ་》《སྣར་》,རིགས།,,
,,33,2,《པེ་》《སྣར་》,mསྙིང་རྗེ་ཆེན་པོ་དང་།,,
,,34,3,《སྣར་》,pཉིད།,,
,,35,4,《པེ་》《སྣར་》,mཡང་།,,
,,36,5,《པེ་》《སྣར་》,ཡང་མེད།,,
,,37,6,《པེ་》《སྣར་》,pཡང་།,,
,18,38,1,《སྣར་》,རིགས།,,
,,39,2,《པེ་》《སྣར་》,mཡང་།,,
,,40,3,《པེ་》《སྣར་》,ཆོས་ཀྱིས།,,
,,41,4,《པེ་》《སྣར་》,འགྱུར་བ།,,
,19,42,1,《པེ་》《སྣར་》,བརྒལ།,,
,,43,2,《པེ་》《སྣར་》,pལ།,,
,,44,3,《པེ་》《སྣར་》,mདེ།,,
,,45,4,《པེ་》《སྣར་》,mདང་།,,
,20,46,1,《པེ་》《སྣར་》《ཅོ》,pམི།,,
,,47,2,《པེ་》《སྣར་》,གཟུང་།,,
,,48,3,《པེ་》《སྣར་》,སྲབས།,,
,21,49,1,《པེ་》《སྣར་》,pཡང་།,,
,22,50,1,《སྣར་》,mརྒྱ།,,
,,51,2,《སྣར་》,mརྫོགས་པར།,,
,,52,3,《པེ་》《སྣར་》,འཕགས་པའི་ཆོས།,,
,23,53,1,《པེ་》《སྣར་》,mགང་།,,
,,54,2,《པེ་》,བྱ་བ།,《སྣར་》,པ།,
,24,55,1,《པེ་》《སྣར་》,པ།,,
,,56,2,《པེ་》《སྣར་》,mདོ།,,
,25,57,1,《པེ་》《སྣར་》,བཞིག,,
,,58,2,《པེ་》《སྣར་》,mཔ།,,
,26,59,1,《པེ་》《སྣར་》,mཡང་།,,
,,60,2,《པེ་》《སྣར་》,pན།,,
,,61,3,《པེ་》《སྣར་》,སྒོམ།,,
,,62,4,《པེ་》《སྣར་》,སྒོམ།,,
,,63,5,《པེ་》《སྣར་》,པོ།,,
,27,64,1,《པེ་》《སྣར་》,mདག,,
,,65,2,《པེ་》《སྣར་》,གསུང་བ།,,
,,66,3,《པེ་》《སྣར་》,mརོ།,,
,,67,4,《པེ་》,mདང་།,,
,,68,5,《པེ་》《སྣར་》,mདེ།,,
,,69,6,《པེ་》《སྣར་》,ལེགས།,,
,,70,7,《པེ་》《སྣར་》,mཔ།,,
,28,71,1,《པེ་》《སྣར་》,དབྱེན།,,
,,72,2,《པེ་》《སྣར་》,པོ།,,
,,73,3,《པེ་》《སྣར་》,བསྒྲུབས།,,
,,74,4,《པེ་》《སྣར་》,སྔོན།,,
,29,75,1,《པེ་》《སྣར་》,mནམ།,,
,,76,2,《པེ་》《སྣར་》,mབདག་གིས་ལན་གླན་པ་དང་།,,
,,77,3,《པེ་》《སྣར་》,གིས།,,
,,78,4,《པེ་》《སྣར་》,mགང་།,,
,30,79,1,《པེ་》《སྣར་》,སྤྱད།,,
,,80,2,《པེ་》《སྣར་》,སྤྱད།,,
,,81,3,《པེ་》《སྣར་》,pལུང་བསྟན་པར་འགྱུར་བའི་ཆོས་དེ་ནི་འདིའོ།།,,
,31,82,1,《སྣར་》,mལ།,,
,,83,2,《པེ་》《སྣར་》,བདག,,
,32,84,1,《པེ་》《སྣར་》,འདུན།,,
,,85,2,《པེ་》《སྣར་》,བརྟགས།,,
,,86,3,《པེ་》《སྣར་》,བཀྱལ།,,
,,87,4,《སྣར་》,mཅན།,,
,,88,5,《སྣར་》,mཅན།,,
,33,89,1,《པེ་》《སྣར་》,འགྱུར་བ།,,
,,90,2,《པེ་》《སྣར་》,སྤྱད།,,
,,91,3,《པེ་》《སྣར་》,mབ།,,
,,92,4,《པེ་》《སྣར་》,བསོད།,,
,34,93,1,《པེ་》《སྣར་》,སྤྱད་པར་བྱ།,,
,,94,2,《སྣར་》,mརྫོགས་པར། །,,
,35,95,1,《པེ་》《སྣར་》,pགྱི།,,
,,96,2,《སྣར་》,pབ།,,
,,97,3,《ཅོ་》,སྤྱོད།,,
,,98,4,《པེ་》《སྣར་》,pསེམས་ཅན།,,
,36,99,1,《ཅོ་》,སྤྱོད།,,
,,100,2,《པེ་》《སྣར་》,པར།,,
,37,101,1,《པེ་》《སྣར་》,ནས།,,
,,102,2,《པེ་》《སྣར་》,mདེ་ལྟ།,,
,,103,3,《པེ་》《སྣར་》,སྡོམ།,,
,,104,4,《པེ་》《སྣར་》,ལུས།,,
,,105,5,《པེ་》《སྣར་》,mཐམས་ཅད་དུ།,,
,,106,6,《ཅོ་》,སྤྱོད།,,
,38,107,1,《པེ་》《སྣར་》,པར།,,
,,108,2,《ཅོ་》,སྤྱོད།,,
,,109,3,《པེ་》《སྣར་》,mབ།,,
,39,110,1,《སྣར་》,mསེམས་དཔའ།,,
,,111,2,《པེ་》《སྣར་》,རྗེའུ།,,
,,112,3,《པེ་》《སྣར་》,pནི།,,
,40,113,1,《ཅོ་》,སྤྱོད།,,
,,114,2,《པེ་》《སྣར་》,ན།,,
,,115,3,《པེ་》《སྣར་》,ལ།,,
,,116,4,《པེ་》《སྣར་》,པོའི།,,
,41,117,1,《ཅོ་》,སྤྱོད།,,
,,118,2,《པེ་》《སྣར་》,mཔ།,,
,,119,3,《པེ་》《སྣར་》,པའི།,,
,,120,4,《པེ་》,mསྟོང་པ་ཉིད་དང་།,,
,42,121,1,《ཅོ་》,སྤྱོད།,,
,,122,2,《པེ་》《སྣར་》,ནས།,,
,,123,3,《ཅོ་》,སྤྱོད།,,
,43,124,1,《པེ་》《སྣར་》,pནི།,,
,,125,2,《པེ་》《སྣར་》,mདེ་ལྟ།,,
,,126,3,《ཅོ་》,སྤྱོད།,,
,,127,,a,,,
,44,128,1,《པེ་》《སྣར་》,ལ།,,
,,129,2,《ཅོ་》,སྤྱོད།,,
,,130,3,《པེ་》《སྣར་》,pདེ་ནི།,,
,,131,4,《ཅོ་》,སྤྱོད།,,
,45,132,1,《པེ་》《སྣར་》,mཐམས་ཅད།,,
,,133,2,《ཅོ་》,སྤྱོད།,,
,,134,3,《པེ་》《སྣར་》,pནི།,,
,,135,4,《པེ་》《སྣར་》,mམ།,,
,,136,5,《ཅོ་》,སྤྱོད།,,
,,137,6,《པེ་》《སྣར་》,བྱ་སྟེ།,,
,46,138,1,《པེ་》《སྣར་》《ཅོ་》,སྤྱད།,,
,,139,2,《ཅོ་》,སྤྱོད།,,
,47,140,1,《པེ་》《སྣར་》,pཀྱང་།,,
,,141,2,《ཅོ་》,སྤྱོད།,,
,,142,a,,,,
,48,143,1,《ཅོ་》,སྤྱོད།,,
,49,144,1,《ཅོ་》,སྤྱོད།,,
,,145,2,《པེ་》《སྣར་》,གིས།,,
,,146,3,《པེ་》《སྣར་》,སངས་རྒྱས།,,
,,147,4,《སྣར་》,སྙེད་གཅིག,,
,,148,5,《ཅོ་》,སྤྱོད།,,
,,149,6,《སྣར་》,mཡང་།,,
,50,150,1,《པེ་》《སྣར་》,ཅིག་འདུག་སྟེ།,,
,,151,2,《པེ་》《སྣར་》,mདུ།,,
,51,152,1,《སྣར་》,མོངས།,,
,,153,2,《པེ་》《སྣར་》,mསོ།,,
,,154,3,《པེ་》《སྣར་》,ཕྱོགས།,,
,,155,4,《པེ་》《སྣར་》,གཙུགས།,,
,,156,5,《པེ་》,གང་ན་བ་དེ།,《སྣར་》,གང་ན་བ་དེང་།,
,52,157,1,《པེ་》《སྣར་》,mབུད་མེད།,,
,,158,2,《པེ་》《སྣར་》,mཡང་།,,
,,159,3,《པེ་》《སྣར་》,འགྱུར།,,
,53,160,1,《པེ་》《སྣར་》,འདུས་པར།,,
,,161,2,《པེ་》《སྣར་》,ཕྲག་བརྒྱ།,,
,,162,3,《པེ་》《སྣར་》,mཉན་ཐོས་བྱེ་བ་ཁྲག་ཁྲིག་ཕྲག་ནི་འདི་སྙེད་ཅིག་ཡོད་དོ།།,,
,,163,4,《པེ་》《སྣར་》,mདུ་ཐམས་ཅད།,,
,54,164,1,《སྣར་》,mཔ།,,
,,165,2,《པེ་》《སྣར་》,པར།,,
,56,166,1,《པེ་》《སྣར་》,དེ།,,
,57,167,1,《པེ་》《སྣར་》,mམི།,,
,,168,2,《པེ་》《སྣར་》,དེ།,,
,,169,3,《སྣར་》,བསྒོམ།,,
,,170,4,《པེ་》《སྣར་》,བསྒོམ།,,
,,171,5,《པེ་》《སྣར་》,བསྒོམ།,,
,,172,6,《པེ་》《སྣར་》,བསྒོམ།,,
,,173,7,《པེ་》《སྣར་》,བསྒོམ།,,
,58,174,1,《པེ་》《སྣར་》,ཏེ།,,
,,175,2,《པེ་》《སྣར་》,བ།,,
,,176,3,《པེ་》《སྣར་》,བཏང་།,,
,,177,4,《པེ་》《སྣར་》,བསྒོམ།,,
,,178,5,《པེ་》《སྣར་》,དེ་ལ།,,
,,179,6,《པེ་》《སྣར་》,བསྒོམ།,,
,,180,7,《པེ་》《སྣར་》,བསྒོམ།,,
,,181,8,《པེ་》《སྣར་》,བསྒོམ།,,
,59,182,1,《པེ་》《སྣར་》,mཉིད།,,
,,183,2,《པེ་》《སྣར་》,གཟོའི།,,
,,184,3,《པེ་》《སྣར་》,mབྱ་བ།,,
,,185,4,《པེ་》《སྣར་》,mདུ།,,
,,186,5,《པེ་》《སྣར་》,བཞིན་དུ།,,
,,187,6,《པེ་》《སྣར་》,པ།,,
,60,188,1,《པེ་》《སྣར་》,ཆེན་པོ།,,
,,189,2,《པེ་》,mམ།,,
,,190,3,《པེ་》《སྣར་》,mཔར།,,
,,191,4,《པེ་》《སྣར་》,དེ།,,
,,192,5,《པེ་》,mཕྱིར་རྒོལ་བ་དེ་དག་ལས།,《སྣར་》,ཕྱིར་རྒོལ་བ་དེ་དག་པས།,
,,193,6,《པེ་》《སྣར་》,pཐར་བར།,,
,,194,7,《པེ་》《སྣར་》,དེ།,,
,61,195,1,《པེ་》《སྣར་》,mཡོངས་སུ།,,
,,196,2,《པེ་》《སྣར་》《ཅོ་》,བྱེད་ཅིང་།,,
,,197,3,《པེ་》《སྣར་》,mམ།,,
,,198,4,《ཅོ་》,སྤྱོད།,,
,62,199,1,《པེ་》《སྣར་》,mནམ།,,
,,200,2,《པེ་》《སྣར་》,གཟུང་།,,
,,201,3,《པེ་》《སྣར་》《ཅོ་》,mདེ།,,
,,202,4,《པེ་》《སྣར་》,པ།,,
,,203,5,《པེ་》《སྣར་》,པ།,,
,,204,6,《པེ་》《སྣར་》,pའདི།,,
,63,205,1,《པེ་》《སྣར་》,བསྒྲུབ།,,
,,206,2,《པེ་》《སྣར་》,བསྒྲུབ།,,
,,207,3,《པེ་》《སྣར་》,སྟོང་པ་ཉིད་ཀྱི།,,
,,208,4,《པེ་》《སྣར་》,བསྒྲུབ།,,
,,209,5,《པེ་》《སྣར་》,pརྣམ་པར་ཐར་པའི་སྒོ་མཚན་མ་མེད་པའི་ཏིང་ངེ་འཛིན་མངོན་པར་བསྒྲུབ་པ་དང་།,,
,,210,6,《པེ་》《སྣར་》,བསྒྲུབ།,,
,64,211,1,《པེ་》《སྣར་》,mརབ་འབྱོར་དེ་ལྟར་བྱང་…...མཐའ་ཡང་མངོན་དུ་མི་བྱེད་དོ། །,,
,65,212,1,《པེ་》《སྣར་》,pརབ་འབྱོར་དེ་ལྟར་བྱང་…...མཐའ་མངོན་དུ་མི་བྱེད་དེ།,,
,,213,2,《པེ་》《སྣར་》,mབཞི།,,
,66,214,1,《པེ་》《སྣར་》,mཀྱི་ཆོས།,,
,,215,2,《པེ་》《སྣར་》,གཟུང་།,,
,,216,3,《པེ་》《སྣར་》,ཀྱིས།,,
,,217,4,《པེ་》《སྣར་》,གྱུར།,,
,,218,5,《པེ་》《སྣར་》,ཀྱི།,,
,,219,6,《པེ་》《སྣར་》,mསྤྱོད།,,
,,220,7,《པེ་》《སྣར་》,པ།,,
,67,221,1,《པེ་》《སྣར་》,pམ།,,
,,222,2,《པེ་》《སྣར་》,mབ།,,
,,223,3,《པེ་》《སྣར་》,mཀྱི་ཆོས།,,
,69,224,1,《སྣར་》,པའི།,,
,,225,2,《སྣར་》,mམ།,,
,,226,3,《པེ་》《སྣར་》,mསྒོམ་པ།,,
,,227,4,《པེ་》《སྣར་》,mདང་།,,
,,228,5,《པེ་》《སྣར་》,mདང་།,,
,,229,6,《པེ་》《སྣར་》,mརྣམས།,,
,70,230,1,《པེ་》《སྣར་》,རྣམས།,,
,,231,2,《པེ་》《སྣར་》,mསྒོམ་པ།,,
,,232,3,《པེ་》《སྣར་》,pམ།,,
,71,233,1,《ཅོ་》,སྤྱོད།,,
,,234,2,《པེ་》《སྣར་》,mནོ།,,
,,235,3,《པེ་》《སྣར་》,mལ།,,
,,236,4,《པེ་》《སྣར་》,mཡང་།,,
,72,237,1,《པེ་》《སྣར་》,བཏང་།,,
,73,238,1,《སྣར་》,བྱས།,,
,,239,2,《པེ་》《སྣར་》,སླབས།,,
,,240,3,《པེ་》《སྣར་》,པ།,,
,,241,4,《པེ་》《སྣར་》,སྦྱང་བའི།,,
,,242,5,《པེ་》《སྣར་》,སྦྱང་བ།,,
,74,243,1,《པེ་》《སྣར་》,pདེ།,,
,,244,2,《པེ་》《སྣར་》,pདག,,
,,245,3,《པེ་》《སྣར་》,འཕྲོག,,
,,246,4,《པེ་》《སྣར་》,པོ།,,
,,247,5,《པེ་》《སྣར་》,བལྟ།,,
,,248,6,《པེ་》《སྣར་》,བལྟ།,,
,75,249,1,《པེ་》《སྣར་》,pཞམ་འབྲིང་བྱེ་བ་སྟོང་ཕྲག་དུ་མ་དང་།,,
,,250,2,《པེ་》《སྣར་》,mཕྲག,,
,76,251,1,《སྣར་》,mབཞིན།,,
,,252,2,《པེ་》《སྣར་》,mཡང་།,,
,,253,3,《པེ་》《སྣར་》,mཔ།,,
,,254,4,《པེ་》《སྣར་》,ཟད།,,
,,255,5,《པེ་》《སྣར་》,དངངས་པར།,,
,,256,6,《པེ་》《སྣར་》,mབ།,,
,77,257,1,《པེ་》《སྣར་》,ཆོས།,,
,,258,2,《པེ་》《སྣར་》,པོ།,,
,,259,3,《པེ་》《སྣར་》,བའི།,,
,,260,4,《པེ་》《སྣར་》,pཐམས་ཅད།,,
,,261,5,《པེ་》《སྣར་》,བ།,,
,,262,6,《པེ་》《སྣར་》,དབྱེར།,,
,,263,7,《པེ་》《སྣར་》,ཏེ།,,
,78,264,1,《པེ་》《སྣར་》,པོས།,,
,,265,2,《པེ་》《སྣར་》,mཔ།,,
,,266,3,《པེ་》《སྣར་》,གིས།,,
,,267,4,《སྣར་》,ཡང་།,,
,79,268,1,《པེ་》《སྣར་》,པོ་དེས།,,
,,269,2,《པེ་》《སྣར་》,ཡང་།,,
,,270,3,《པེ་》《སྣར་》,mརྣམས་ཀྱིས་བླ་ན་མེད་པ་ཡང་དག་པར་རྫོགས་པའི།,,
,80,271,1,《པེ་》《སྣར་》,pལ།,,
,,272,2,《པེ་》《སྣར་》,གཟུང་།,,
,81,273,1,《པེ་》《སྣར་》,mལ།,,
,,274,2,《པེ་》《སྣར་》,དཔའི།,,
,,275,3,《པེ་》《སྣར་》,པ།,,
,,276,4,《པེ་》《སྣར་》,གྱིས་བརླབས།,,
,,277,5,《པེ་》《སྣར་》,གྱིས་བརླབས།,,
,82,278,1,《པེ་》《སྣར་》,པ་ལས།,,
,,279,2,《པེ་》《སྣར་》,དེ།,,
,,280,3,《པེ་》《སྣར་》,གྱིས་བརླབས།,,
,,281,4,《པེ་》《སྣར་》,དེ།,,
,,282,5,《པེ་》《སྣར་》,ལ།,,
,,283,6,《པེ་》《སྣར་》,pནས།,,
,,284,7,《པེ་》《སྣར་》,བསྐྱེད།,,
,,285,8,《པེ་》《སྣར་》,གྱིས་བརླབས།,,
,83,286,1,《པེ་》《སྣར་》,pམི་བསྙེན།,,
,,287,2,《ཅོ་》,སྤྱོད།,,
,,288,3,《པེ་》《སྣར་》,གཟུང་།,,
,,289,4,《ཅོ་》,སྤྱོད།,,
,,290,5,《སྣར་》《ཅོ་》,སྤྱོད།,,
,,291,6,《པེ་》《སྣར་》,གིས་བྱིན་གྱིས་བརླབས།,,
,,292,7,《སྣར་》,འོགས་པ།,,
,84,293,1,《པེ་》《སྣར་》,pཔ།,,
,,294,2,《པེ་》《སྣར་》,པ་ལས།,,
,,295,3,《པེ་》《སྣར་》,ད།,,
,85,296,1,《པེ་》《སྣར་》,ཞིང་།,,
,,297,2,《པེ་》《སྣར་》,pདེ་ལ།,,
,,298,3,《པེ་》《སྣར་》,ལ།,,
,,299,4,《པེ་》《སྣར་》,གྱིས་བླབས།,,
,86,300,1,《པེ་》《སྣར་》,གྱིས་བརླབས།,,
,,301,2,《ཅོ་》,སྤྱོད།,,
,,302,3,《པེ་》,གྱིས་བརླབས།,《སྣར་》,གྱི་བརླབས།,
,,303,4,《པེ་》《སྣར་》,mབྱ་བར་འགྱུར་རོ་ཞེས།,,
,,304,5,《པེ་》《སྣར་》,གིས།,,
,,305,6,《པེ་》《སྣར་》,pདེ།,,
,87,306,1,《པེ་》《སྣར་》,mལ།,,
,,307,2,《པེ་》《སྣར་》,གཟུང་།,,
,,308,3,《པེ་》《སྣར་》,གྲོ།,,
,,309,4,《པེ་》《སྣར་》,བསྟེན།,,
,,310,5,《པེ་》《སྣར་》,དཔས།,,
,,311,6,《པེ་》《སྣར་》,mཔ།,,
,88,312,1,《པེ་》《སྣར་》,རྩ་བའི་ལྟུང་བ།,,
,,313,2,《པེ་》《སྣར་》,འམ།,,
,,314,3,《པེ་》,པོ།,《སྣར་》,པོར།,
,89,315,1,《པེ་》《སྣར་》,པར།,,
,,316,2,《པེ་》《སྣར་》,དྲང་།,,
,,317,3,《པེ་》《སྣར་》,pདེ།,,
,,318,4,《པེ་》《སྣར་》,པས།,,
,,319,5,《སྣར་》,བཅིང་།,,
,,320,6,《པེ་》《སྣར་》,བསྙས།,,
,90,321,1,《སྣར་》,བསམས།,,
,,322,2,《པེ་》《སྣར་》《ཅོ་》,pལ།,,
,,323,3,《པེ་》《སྣར་》,ཅིག,,
,,324,4,《པེ་》《སྣར་》,pཏེ།,,
,,325,5,《པེ་》《སྣར་》,pཀྱང་།,,
,91,326,1,《པེ་》《སྣར་》,mདེས།,,
,,327,2,《པེ་》《སྣར་》,བྱ།,,
,92,328,1,《པེ་》《སྣར་》,བརྟེན།,,
,,329,2,《སྣར་》,pཔ།,,
,,330,3,《པེ་》《སྣར་》,པ།,,
,,331,4,《པེ་》《སྣར་》,གྲོར།,,
,,332,5,《པེ་》《སྣར་》,ལས།,,
,,333,6,《པེ་》《སྣར་》,ན་ཡང་།,,
,93,334,1,《པེ་》《སྣར་》,སངས།,,
,,335,2,《པེ་》《སྣར་》,གྲོར།,,
,,336,3,《པེ་》《སྣར་》《ཅོ་》,pཀྱི།,,
,95,337,1,《པེ་》《སྣར་》,པར།,,
,,338,2,《པེ་》《སྣར་》,པར།,,
,,339,3,《པེ་》《སྣར་》,པར།,,
,,340,4,《པེ་》《སྣར་》,པར།,,
,,341,5,《པེ་》《སྣར་》,པར།,,
,,342,6,《པེ་》《སྣར་》,mདཔུང་གཉེན་ནོ། །ལམ་གྱི་རྣམ་པ་ཤེས་པ་ཉིད་ནི།,,
,,343,7,《པེ་》《སྣར་》,པར།,,
,,344,8,《པེ་》《སྣར་》,པར།,,
,,345,9,《པེ་》《སྣར་》,པར།,,
,,346,10,《པེ་》《སྣར་》,mའདི།,,
,96,347,1,《པེ་》《སྣར་》,བཅད།,,
,,348,2,《པེ་》《སྣར་》,སྤྱད།,,
,,349,3,《པེ་》《སྣར་》,pའདི་སྐད་དུ།,,
,,350,4,《པེ་》《སྣར་》,བཅད།,,
,,351,5,《སྣར་》,སླབ།,,
,97,352,1,《པེ་》《སྣར་》,པ།,,
,,353,2,《པེ་》《སྣར་》,mགིས།,,
,,354,3,《པེ་》《སྣར་》,ལ།,,
,98,355,1,《པེ་》《སྣར་》,pཉིད།,,
,99,356,1,《པེ་》《སྣར་》,mཡོད་པ།,,
,,357,2,《པེ་》《སྣར་》,mདོ།,,
,,358,3,《པེ་》《སྣར་》,དང།,,
,100,359,1,《པེ་》《སྣར་》,pདོ།།,,
,,360,2,《པེ་》《སྣར་》,mཔར།,,
,,361,3,《པེ་》《སྣར་》,ནོན།,,
,,362,4,《པེ་》《སྣར་》,གིས།,,
,101,363,1,《པེ་》《སྣར་》,སྟང་།,,
,,364,2,《པེ་》《སྣར་》,གསོལ།,,
,,365,3,《པེ་》《སྣར་》,pཆེས།,,
,,366,4,《པེ་》《སྣར་》,mགང་།,,
,102,367,1,《པེ་》《སྣར་》,pཆེས།,,
,,368,2,《པེ་》《སྣར་》,pཅིག,,
,,369,3,《པེ་》,pཡང་དག་པར་སྟོན་ན་དེའི་བསོད་ནམས་ཆེས་མང་དུ་འཕེལ་ལོ། །རབ་འབྱོར་གལ་ཏེ་སྟོང་གསུམ་གྱི་སྟོང་ཆེན་པོའི་འཇིག་རྟེན་གྱི་ཁམས་ཀྱི་བར་གྱི་སེམས་ཅན་ཇི་སྙེད་པ་དེ་དག་ཐམས་ཅད་སྔ་ཕྱི་མེད་པ་མིའི་ལུས་ཐོབ་པར་གྱུར་ལ། དེ་དག་རིགས་ཀྱི་བུའམ། རིགས་ཀྱི་བུ་མོ་ལ་ལ་ཞིག་གིས་དགེ་བ་བཅུའི་ལས་ཀྱི་ལམ་ལ་རབ་ཏུ་བཀོད་པ་དང་། བསམ་གཏན་བཞི་དང་། ཚད་མེད་པ་བཞི་དང་། གཟུགས་མེད་པའི་སྙོམས་པར་འཇུག་པ་བཞི་དང་། མངོན་པར་ཤེས་པ་ལྔ་དང་། རྒྱུན་ཏུ་ཞུགས་པའི་འབྲས་བུ་དང་། ལན་ཅིག་ཕྱིར་འོང་བའི་འབྲས་བུ་དང་། ཕྱིར་མི་འོང་བའི་འབྲས་བུ་དང་། དགྲ་བཅོམ་པ་ཉིད་དང། རང་བྱང་ཆུབ་ལ་རབ་ཏུ་བཀོད་པ་དང་། བླ་ན་མེད་པ་ཡང་དག་པར་རྫོགས་པའི་བྱང་ཆུབ་ལ་རབ་ཏུ་བཀོད་དེ།  དགེ་བའི་རྩ་བ་དེ་ཡང་བླ་ན་མེད་པ་ཡང་དག་པར་རྫོགས་པའི་བྱང་ཆུབ་ཏུ་ཡོངས་སུ་བསྔོས་ན། རབ་འབྱོར་དེ་ཇི་སྙམ་དུ་སེམས། རིགས་ཀྱི་བུའམ་རིགས་ཀྱི་བུ་མོ་དེ་དེའི་རྒྱུས་བསོད་ནམས་མང་དུ་འཕེལ་ལམ། གསོལ་པ། བཅོམ་ལྡན་འདས་མང་ངོ་། །བདེ་བར་གཤེགས་པ་མང་ངོ་། །བཅོམ་ལྡན་འདས་ཀྱི་བཀའ་སྩལ་པ། རབ་འབྱོར་དེ་བས་ཀྱང་རིགས་ཀྱི་བུའམ་རིགས་ཀྱི་བུ་མོ་གང་ཤེས་རབ་ཀྱི་ཕ་རོལ་ཏུ་ཕྱིན་པ་འདི་གཞན་ལ་སྟོན་པ་དང་། འཆད་པ་དང་། རྣམ་པར་གཞོག་པ་དང་། རབ་ཏུ་གཞོག་པ་དང་། འགྲེལ་པ་དང་། རྣམ་པར་འབྱེད་པ་དང་། གསལ་བར་བྱེད་པ་དང།,《སྣར་》,pཡང་དག་པར་སྟོན་པ་དེའི་…...གསལ་བར་བྱེད་པ་དང་།,《ཅོ་》,pཡང་དག་པར་སྟོན་ན་དེའི་…...ཁམས་ཀྱི་སེམས་ཅན་གང་ཇི་སྙེད་…...རང་བྱང་ཆུབ་དང་། བླ་ན་མེད་པ་…...གསལ་བར་བྱེད་པ་དང་།
,103,370,1,《པེ་》《སྣར་》,བསྒྲུབ་སྟེ།,,
,,371,2,《པེ་》《སྣར་》,བསད།,,
,,372,3,《པེ་》《སྣར་》,ལྟ།,,
,,373,4,《པེ་》《སྣར་》,འཐོབ།,,
,,374,5,《པེ་》《སྣར་》,mདག,,
,,375,6,《པེ་》《སྣར་》,བསྒྲུབ།,,
,,376,7,《པེ་》《སྣར་》,དང་།,,
,104,377,1,《པེ་》《སྣར་》,གོ།།,,
,,378,2,《པེ་》《སྣར་》,ཁམས་ཀྱི།,,
,,379,3,《པེ་》《སྣར་》,འབྱུང་།,,
,,380,4,《པེ་》《སྣར་》,བར།,,
,,381,5,《སྣར་》,pང་།,,
,,382,6,《པེ་》,འདི་ཉིད།,《སྣར་》,ཉིད།,
,,383,7,《པེ་》《སྣར་》,དེ།,,
,,384,8,《པེ་》《སྣར་》,pམི།,,
,105,385,1,《པེ་》《སྣར་》,འགྱུར།,,
,,386,2,《པེ་》《སྣར་》,mབ།,,
,,387,3,《པེ་》《སྣར་》,གྱུར།,,
,,388,4,《པེ་》《སྣར་》,mནི།,,
,,389,5,《པེ་》《སྣར་》,mམ།,,
,106,390,1,《པེ་》《སྣར་》,ཇི།,,
,107,391,1,《པེ་》《སྣར་》,འབྱུང་།,,
,,392,2,《པེ་》《སྣར་》,pདེ།,,
,,393,3,《པེ་》《སྣར་》,རྟོགས།,,
,,394,4,《པེ་》《སྣར་》,པའི།,,
,,395,5,《པེ་》《སྣར་》,mདེ།,,
,,396,6,《པེ་》《སྣར་》,སྟོང་པ་ཉིད།,,
,109,397,1,《པེ་》《སྣར་》,དང་།,,
,110,398,1,《སྣར་》,pཔ།,,
,,399,2,《སྣར་》,བསྩལ།,,
,,400,3,《པེ་》《སྣར་》,pརབ་འབྱོར་གྱིས།,,
,111,401,1,《པེ་》《སྣར་》,ཀྱི།,,
,,402,2,《པེ་》《སྣར་》,mནི།,,
,,403,3,《པེ་》《སྣར་》,སྩོལ།,,
,112,404,1,《པེ་》《སྣར་》,pདེ།,,
,,405,2,《སྣར་》,mཔ།,,
,,406,3,《པེ་》《སྣར་》,སྟོན།,,
,114,407,1,《པེ་》《སྣར་》,ཀླགས།,,
,,408,2,《པེ་》《སྣར་》,mབར་གྱི།,,
,,409,3,《པེ་》《སྣར་》,དགྲང་།,,
,115,410,1,《པེ་》《སྣར་》,གཟུང་།,,
,,411,2,《པེ་》《སྣར་》,དེ།,,
,116,412,1,《པེ་》《སྣར་》,མནན་ཅིང་།,,
,,413,2,《པེ་》《སྣར་》,མནན།,,
,,414,3,《སྣར་》,སྤྱད།,,
,,415,4,《པེ་》《སྣར་》,པར།,,
,,416,5,《པེ་》《སྣར་》,པར།,,
,,417,6,《པེ་》《སྣར་》,པར།,,
,117,418,1,《པེ་》《སྣར་》,mདེ།,,
,,419,2,《པེ་》《སྣར་》,པར།,,
,,420,3,《པེ་》《སྣར་》,mདེ།,,
,,421,4,《པེ་》《སྣར་》,པར།,,
,,422,5,《པེ་》《སྣར་》,ཅི།,,
,,423,6,《པེ་》《སྣར་》,pགྱིས།,,
,,424,7,《པེ་》《སྣར་》,pཤེས་རབ་ཀྱི་ཕ་རོལ་ཏུ་ཕྱིན་པ་ལ་སྤྱོད་པ་དེ་དག་ནི།,,
,118,425,1,《པེ་》《སྣར་》,བཞི་དག,,
,,426,2,《པེ་》《སྣར་》,mསོ།,,
,,427,3,《པེ་》《སྣར་》,ཏོ།,,
,,428,4,《པེ་》《སྣར་》,mཆེན་པོ།,,
,,429,5,《སྣར་》,བཞི།,,
,,430,6,《པེ་》《སྣར་》,འདོང་།,,
,,431,7,《པེ་》《སྣར་》,རྒྱལ།,,
,119,432,1,《པེ་》《སྣར་》,ལྟ།,,
,,433,2,《པེ་》《སྣར་》,mདེ།,,
,,434,3,《པེ་》《སྣར་》,འགྱུར།,,
,120,435,1,《པེ་》《སྣར་》,མཐུར་རིགས།,,
,,436,2,《པེ་》《སྣར་》,པའི།,,
,,437,3,《པེ་》《སྣར་》,པའོ།,,
,,438,4,《སྣར་》,mགྱི།,,
,121,439,1,《པེ་》《སྣར་》,འཁྲུགས།,,
,,440,2,《པེ་》《སྣར་》,ཏེ།,,
,,441,3,《པེ་》《སྣར་》,པ།,,
,,442,4,《པེ་》《སྣར་》,མངོན།,,
,,443,5,《པེ་》《སྣར་》,mའདི།,,
,122,444,1,《པེ་》《སྣར་》,ཏེ།,,
,,445,2,《པེ་》《སྣར་》,སྒོམ།,,
,123,446,1,《སྣར་》,pབ།,,
,,447,2,《པེ་》《སྣར་》,བསོད།,,
,124,448,1,《པེ་》《སྣར་》,pཔ།,,
,,449,2,《པེ་》《སྣར་》,གཟུང་།,,
,,450,3,《པེ་》,གཟུང་དུ།,《སྣར་》,ཏུ།,
,125,451,1,《པེ་》《སྣར་》,འཚང་འདྲུ།,,
,,452,2,《པེ་》《སྣར་》,བའི།,,
,,453,3,《པེ་》《སྣར་》,འཚང་འདྲུ།,,
,,454,4,《པེ་》《སྣར་》,pརྣམ་པ།,,
,126,455,1,《པེ་》《སྣར་》,བརྩོད།,,
,,456,2,《པེ་》《སྣར་》,འཚང་འདྲུ།,,
,,457,3,《པེ་》《སྣར་》,བརྩོད།,,
,,458,4,《པེ་》《སྣར་》,འཚང་འདྲུ།,,
,,459,5,《པེ་》《སྣར་》,ཀྱི།,,
,,460,6,《པེ་》《སྣར་》,པར།,,
,,461,7,《པེ་》《སྣར་》,གཟུང་ནས།,,
,,462,8,《པེ་》《སྣར་》,གཏང་།,,
,,463,9,《པེ་》《སྣར་》,སྐལ་བ།,,
,,464,10,《སྣར་》,mསེམས་དཔའ།,,
,,465,11,《པེ་》《སྣར་》,འཐབས་ཤིང་།,,
,127,466,1,《པེ་》《སྣར་》,pཡང་།,,
,,467,2,《པེ་》《སྣར་》,pཡང་།,,
,,468,3,《པེ་》《སྣར་》,མོ།།,,
,,469,4,《པེ་》《སྣར་》,གླེན།,,
,,a,5,《པེ་》《སྣར་》,ལྐུག,,
,128,470,1,《སྣར་》,mསེམས་དཔའ།,,
,129,471,1,《པེ་》《སྣར་》,མཉམ།,,
,130,472,1,《པེ་》《སྣར་》,དུ།,,
,131,473,1,《པེ་》《སྣར་》,པ།,,
,132,474,1,《པེ་》《སྣར་》,དུ།,,
,134,475,1,《པེ་》《སྣར་》,པ།,,
,135,476,1,《པེ་》《སྣར་》,pདེ།,,
,136,477,1,《པེ་》《སྣར་》,སྤྱོད།,,
,,478,2,《པེ་》《སྣར་》,བཅད།,,
,,479,3,《པེ་》《སྣར་》,mནི།,,
,,480,4,《པེ་》《སྣར་》,བརྩོག,,
,,481,5,《པེ་》《སྣར་》,mརྣམས།,,
,,482,6,《པེ་》《སྣར་》,བར།,,
,,483,7,《པེ་》《སྣར་》,རོ།།,,
,,484,8,《པེ་》《སྣར་》,mརོ།,,
,,485,9,《པེ་》《སྣར་》,པ།,,
,137,486,1,《པེ་》《སྣར་》,mརོ།,,
,,487,2,《པེ་》《སྣར་》,བཀྱལ།,,
,,488,3,《པེ་》《སྣར་》,དང་ལྡན་པ།,,
,,489,4,《པེ་》《སྣར་》,pརྣམས།,,
,138,490,1,《པེ་》《སྣར་》,mདེ་དེ་བཞིན་ནོ།,,
,139,491,1,《པེ་》《སྣར་》,བསློབ།,,
,,492,2,《པེ་》《སྣར་》,བསྒྱུར།,,
,140,493,,《པེ་》《སྣར་》,pཔ།,,
,,494,3,《པེ་》《སྣར་》,mམི།,,
,,495,4,《པེ་》《སྣར་》,འཁྲུག,,
,142,496,1,《པེ་》《སྣར་》,mཟབ་མོ།,,
,,497,2,《པེ་》《སྣར་》,འགགས།,,
,,498,3,《པེ་》《སྣར་》,ཏེ།,,
,,499,4,《པེ་》《སྣར་》,mཟབ་མོ།,,
,,500,5,《པེ་》《སྣར་》,mཅིག,,
,143,501,1,《པེ་》《སྣར་》,མོས།,,
,,502,2,《པེ་》《སྣར་》,pཅི།,,
,144,503,1,《པེ་》《སྣར་》,སྐྱོབས།,,
,,504,2,《པེ་》《སྣར་》,མར།,,
,,505,3,《པེ་》《སྣར་》,སྒྲོག,,
,,506,4,《པེ་》《སྣར་》,འཐོབ།,,
,145,507,1,《སྣར་》,mཏེ།,,
,,508,2,《པེ་》《སྣར་》,mནི།,,
,,509,3,《པེ་》,བ།,,
,146,510,1,《པེ་》《སྣར་》,དོ།།,,
,,511,2,《པེ་》《སྣར་》,mཡང་།,,
,,512,3,《པེ་》《སྣར་》,pགིས།,,
,147,513,1,《སྣར་》,mཔའི་སྙོམས།,,
,,514,2,《པེ་》《སྣར་》,mའདི།,,
,148,515,1,《པེ་》《སྣར་》,གི།,,
,,516,2,《པེ་》《སྣར་》,པ།,,
,,517,3,《པེ་》《སྣར་》,pམོས།,,
,,518,4,《པེ་》《སྣར་》,pཔ།,,
,,519,5,《པེ་》《སྣར་》,རྒལ།,,
,149,520,1,《པེ་》《སྣར་》,བརྟན།,,
,,521,2,《པེ་》《སྣར་》,pདག,,
,150,522,1,《པེ་》,ཀྱི་ཚད་གཟུང་བར།,《སྣར་》,ཀྱི་ཚད་གཟུངས་པར།,
,,523,2,《པེ་》《སྣར་》,ཀྱིས།,,
,,524,3,《པེ་》《སྣར་》,གཤགས།,,
,,525,4,《པེ་》《སྣར་》,mགང་།,,
,,526,5,《པེ་》《སྣར་》,བགྱི་བ།,,
,151,527,1,《སྣར་》,མཉས།,,
,,528,2,《པེ་》《སྣར་》,pསུ།,,
,,529,3,《པེ་》《སྣར་》,པར།,,
,152,530,1,《པེ་》《སྣར་》,པའི།,,
,,531,2,《པེ་》《སྣར་》,ཀྱིས།,,
,,532,3,《པེ་》《སྣར་》,pཔ།,,
,153,533,1,《པེ་》《སྣར་》,mབ།,,
,,534,2,《པེ་》《སྣར་》,བསྟེན།,,
,,535,3,《པེ་》《སྣར་》,mམ།,,
,154,536,1,《པེ་》《སྣར་》,འོངས།,,
,155,537,1,《པེ་》《སྣར་》,གཟུང་།,,
,156,538,1,《པེ་》《སྣར་》,སྤངས་པར།,,
,,539,2,《སྣར་》,ལྟ།,,
,,540,3,《པེ་》《སྣར་》,pཉིད།,,
,,541,4,《པེ་》《སྣར་》,བརྩན།,,
,158,542,1,《པེ་》《སྣར་》,mབྱང་ཆུབ་སེམས་དཔའ་…...ལྷའི་བུ་དག,,
,,543,2,《པེ་》《སྣར་》,mདཔག་ཏུ་མེད།,,
,159,544,1,《པེ་》《སྣར་》,mནི།,,
,160,545,1,《པེ་》《སྣར་》,ན།,,
,,546,2,《པེ་》《སྣར་》,རྟོག,,
,,547,3,《པེ་》《སྣར་》,ཀྱི།,,
,,548,4,《པེ་》《སྣར་》,ཏེ།,,
,161,549,1,《པེ་》《སྣར་》,ཡི་ཆད།,,
,,550,2,《པེ་》《སྣར་》,ཀྱི།,,
,,551,3,《པེ་》《སྣར་》,པ།,,
,162,552,1,《པེ་》《སྣར་》,mའཇིག་རྟེན་གྱི།,,
,,553,2,《པེ་》《སྣར་》,mདེ་དག,,
,163,554,1,《པེ་》《སྣར་》,mདག,,
,,555,2,《པེ་》《སྣར་》,pནི།,,
,,556,3,《པེ་》《སྣར་》,ཉིད།,,
,164,557,1,《པེ་》《སྣར་》,ཀྱི།,,
,,558,2,《པེ་》《སྣར་》,སྐྱོབས།,,
,,559,3,《སྣར་》,དེ།,,
,165,560,1,《པེ་》《སྣར་》,གཟུང་། (འདི་འོག་གི་བཟུང་ཞེས་པ་རྣམས《པེ་》《སྣར་》ལ་གཟུང་ཞེས་འཁོད་ཀྱང་བསྡུར་མཆན་དུ་བཀོད་མེད།),,
,,561,2,《པེ་》《སྣར་》,པར།,,
,166,562,1,《སྣར་》,གིས།,,
,,563,2,《སྣར་》,mནི།,,
,,564,3,《པེ་》《སྣར་》,pརབ་འབྱོར།,,
,167,565,1,《པེ་》《སྣར་》,པ།,,
,168,566,1,《པེ་》《སྣར་》,mན།,,
,,567,2,《པེ་》《སྣར་》,པོས།,,
,,568,3,《པེ་》《སྣར་》,མི།,,
,,569,4,《པེ་》《སྣར་》,mདེ་བཞིན་ཉིད་ལ་གནས་པར་འགྱུར།,,
,169,570,1,《པེ་》《སྣར་》,mབཞིན།,,
,,571,2,《པེ་》《སྣར་》,དོ།།,,
,170,572,1,《པེ་》《སྣར་》,རྟོགས།,,
,,573,2,《པེ་》,གཞན།,《སྣར་》,གང་།,
,171,574,1,《སྣར་》,མ།,,
,172,575,1,《པེ་》《སྣར་》,སྒོམ།,,
,,576,2,《པེ་》《སྣར་》,སྒོམ།,,
,,577,3,《པེ་》《སྣར་》,བསྟེན།,,
,,578,4,《པེ་》《སྣར་》,mརབ་འབྱོར།,,
,173,579,1,《པེ་》《སྣར་》,mབཅུ།,,
,,580,2,《སྣར་》,རིགས།,,
,174,581,1,《པེ་》《སྣར་》,mདེ།,,
,175,582,1,《པེ་》《སྣར་》,mཇི་ལྟར།,,
,,583,2,《པེ་》《སྣར་》,mཏུ།,,
,,584,3,《པེ་》《སྣར་》,འགྱུར།,,
,176,585,1,《པེ་》《སྣར་》,མངོན།,,
,,586,2,《པེ་》《སྣར་》,བགྱིས་པ།,,
,,587,3,《པེ་》《སྣར་》,pཆོས་མངོན་དུ་བགྱི།,,
,,588,4,《པེ་》《སྣར་》,pདེ།,,
,,589,5,《པེ་》《སྣར་》,mཀྱི་ས།,,
,,590,6,《པེ་》《སྣར་》,pཡང་།,,
,177,591,1,《པེ་》《སྣར་》,mདེ་ཅིའི་སླད་དུ་ཞེ་ན།,,
,178,592,1,《པེ་》《སྣར་》,ལས།,,
,,593,2,《པེ་》《སྣར་》,mསྡུག་པའམ་མི།,,
,,594,3,《པེ་》《སྣར་》,སྤངས་པ།,,
,,595,4,《པེ་》《སྣར་》,རྟོགས།,,
,179,596,1,《པེ་》《སྣར་》,ཉེ་བའོ།,,
,,597,2,《པེ་》《སྣར་》,mདེ་བཞིན་གཤེགས་པ་དང་།,,
,,598,3,《པེ་》《སྣར་》,གིས།,,
,,599,4,《པེ་》《སྣར་》,གིས།,,
,,600,5,《པེ་》《སྣར་》,ཀྱིས།,,
,,601,6,《པེ་》《སྣར་》,བསྒྲུབ།,,
,180,602,1,《པེ་》《སྣར་》,གིས།,,
,,603,2,《པེ་》《སྣར་》,mལ།,,
,,604,3,《པེ་》《སྣར་》,དེས།,,
,181,605,1,《པེ་》《སྣར་》,བ།,,
,,606,2,《པེ་》《སྣར་》,པོས།,,
,,607,3,《པེ་》《སྣར་》,mསྣ།,,
,,608,4,《པེ་》《སྣར་》,རྟོགས།,,
,182,609,1,《པེ་》《སྣར་》,ཀྱི།,,
,,610,2,《པེ་》《སྣར་》,དཔའ།,,
,,611,3,《པེ་》《སྣར་》,pམ།,,
,,612,4,《པེ་》《སྣར་》,བསྒྲུབ།,,
,183,613,1,《པེ་》《སྣར་》,ག་ལ།,,
,,614,2,《པེ་》《སྣར་》,འདོང་།,,
,,615,3,《པེ་》《སྣར་》,ལྡོག,,
,,616,4,《པེ་》《སྣར་》,རྟོགས།,,
,,617,5,《པེ་》《སྣར་》,pདེར།,,
,184,618,1,《པེ་》《སྣར་》,pདེ།,,
,185,619,1,《པེ་》《སྣར་》,pལ་སྤྱོད་པ།,,
,,620,2,《པེ་》《སྣར་》,སྤྱོད།,,
,,621,3,《པེ་》《སྣར་》,mདེ་ནས།,,
,186,622,1,《པེ་》《སྣར་》,རྟོག,,
,,623,2,《པེ་》《སྣར་》,དེ།,,
,,624,3,《པེ་》《སྣར་》,mཁྲིམས།,,
,,625,4,《པེ་》《སྣར་》,རྟོག,,
,,626,5,《པེ་》《སྣར་》,འཁྲུག,,
,187,627,1,《པེ་》《སྣར་》,རྟོག,,
,,628,2,《པེ་》《སྣར་》,pང་།,,
,,629,3,《པེ་》《སྣར་》,རྟོག,,
,,630,4,《པེ་》《སྣར་》,mནི།,,
,,631,5,《པེ་》《སྣར་》,mརྟེན།,,
,,632,6,《པེ་》《སྣར་》,གི།,,
,,633,7,《པེ་》《སྣར་》,འཁྲུག,,
,,634,8,《པེ་》《སྣར་》,སྤྱོད།,,
,188,635,1,《པེ་》《སྣར་》,pཡང་།,,
,,636,2,《པེ་》《སྣར་》,རྟོག,,
,,637,3,《པེ་》《སྣར་》,mརབ་འབྱོར།,,
,,638,4,《པེ་》《སྣར་》,ན།,,
,,639,5,《པེ་》《སྣར་》,ཅིག,,
,,640,6,《པེ་》《སྣར་》,ཏེ།,,
,,641,7,《པེ་》《སྣར་》,ན།,,
,,642,8,《པེ་》《སྣར་》,ཅིག,,
,189,643,1,《པེ་》,བྱ་བའི་ཁྱད་པར།,《སྣར་》,བྱ་བའི་ཁྱད་པ།,
,,644,2,《པེ་》《སྣར་》,པས།,,
,190,645,1,《པེ་》《སྣར་》,ན།,,
,191,646,1,《པེ་》《སྣར་》,mནི།,,
,,647,2,《པེ་》《སྣར་》,pབརྒྱད།,,
,192,648,1,《པེ་》《སྣར་》,mཞེས།,,
,,649,2,《པེ་》《སྣར་》,གཏང་།,,
,,650,3,《པེ་》《སྣར་》,pན།,,
,,651,4,《པེ་》《སྣར་》,གཏང་།,,
,,652,5,《པེ་》《སྣར་》,གཏང་།,,
,,653,6,《པེ་》《སྣར་》,གཏང་།,,
,193,654,1,《པེ་》《སྣར་》,mཡོངས་སུ།,,
,,655,2,《པེ་》《སྣར་》,mན།,,
,,656,3,《སྣར་》,གཏང་།,,
,,657,4,《སྣར་》,mདུ།,,
,,658,5,《སྣར་》,གཏང་།,,
,,659,6,《པེ་》《སྣར་》,mརྣམས།,,
,,660,7,《པེ་》《སྣར་》,mདགུ།,,
,,661,8,《པེ་》《སྣར་》,བགྱི།,,
,194,662,1,《སྣར་》,མཚོན།,,
,,663,2,《པེ་》《སྣར་》,mདུ།,,
,195,664,1,《པེ་》《སྣར་》,mརྣམས།,,
,,665,2,《སྣར་》,རྣམས།,,
,196,666,1,《པེ་》《སྣར་》,པས།,,
,,667,2,《པེ་》《སྣར་》,mདེ་ལྟར།,,
,,668,3,《པེ་》《སྣར་》,mརོ།,,
,,669,4,《པེ་》《སྣར་》,པ།,,
,197,670,1,《པེ་》《སྣར་》,པོས།,,
,,671,2,《པེ་》《སྣར་》,པོས།,,
,198,672,1,《པེ་》《སྣར་》,pཔ།,,
,,673,2,《པེ་》《སྣར་》,སྒོམ།,,
,,674,3,《པེ་》《སྣར་》,mདེ་ནི།,,
,,675,4,《པེ་》《སྣར་》,སྒོམ།,,
,,676,5,《པེ་》《སྣར་》,སྒོམ།,,
,,677,6,《པེ་》《སྣར་》,ཤིང་། །,,
,,678,7,《པེ་》《སྣར་》,mནོ།,,
,,679,8,《སྣར་》,mངོ་བོ་ཉིད།,,
,199,680,1,《པེ་》《སྣར་》,mནོ།,,
,,681,2,《པེ་》《སྣར་》,ན།,,
,,682,3,《པེ་》《སྣར་》,འགྱུར་བ།,,
,,683,4,《པེ་》《སྣར་》,mཕ་རོལ་ཏུ་ཕྱིན་པ་ནི།,,
,200,684,1,《པེ་》《སྣར་》,mདེ།,,
,,685,2,《པེ་》《སྣར་》,mརྣམས།,,
,,686,3,《པེ་》《སྣར་》,pམི།,,
,201,687,1,《པེ་》《སྣར་》,ཏེ།,,
,202,688,1,《པེ་》《སྣར་》,སྒྲུབ།,,
,,689,2,《པེ་》《སྣར་》,mཡང་།,,
,,690,3,《པེ་》《སྣར་》,བསྒྲུབ།,,
,203,691,1,《པེ་》《སྣར་》,འབྱོར་ཆེའོ།,,
,,692,2,《པེ་》《སྣར་》,བརྟགས།,,
,204,693,1,《པེ་》《སྣར་》,mཤེས་རབ་ཀྱི་ཕ་རོལ་ཏུ་ཕྱིན་པ།,,
,,694,2,《པེ་》《སྣར་》,mསྦྱིན་པའི་ཕ་རོལ་ཏུ་ཕྱིན་པ་…...དྲན་པ་ཉེ་བར་གཞག་པ་རྣམས།,,
,,695,3,《པེ་》《སྣར་》,mསམ།,,
,,696,4,《པེ་》《སྣར་》,mདགུ།,,
,205,697,1,《པེ་》《སྣར་》,སྒྲུབ།,,
,,698,2,《པེ་》《སྣར་》,སྒྲུབ།,,
,,699,3,《པེ་》《སྣར་》,སྒྲུབ།,,
,,700,4,《པེ་》《སྣར་》,འདིའི།,,
,206,701,1,《པེ་》《སྣར་》,པ།,,
,,702,2,《པེ་》《སྣར་》,mམེད་པར་མངོན་པར་ཆགས་པ།,,
,208,703,1,《པེ་》《སྣར་》,རྫོགས་པར་འཚང་རྒྱ་བར་མི་ནུས་སོ།,,
,209,704,1,《པེ་》《སྣར་》,བསྒྱུར།,,
,,705,2,《སྣར་》,པ།,,
,,706,3,《པེ་》《སྣར་》,mརྣམ་པར།,,
,210,707,1,《པེ་》《སྣར་》,པའོ།,,
,,708,2,《པེ་》《སྣར་》,ཏེ།,,
,211,709,1,《པེ་》《སྣར་》,བཏང་།,,
,,710,2,《པེ་》《སྣར་》,སྒོམ།,,
,,711,3,《པེ་》《སྣར་》,སྒོམས།,,
,,712,4,《པེ་》《སྣར་》,བསྔོ།,,
,,713,5,《པེ་》《སྣར་》,mལ།,,
,,714,6,《པེ་》《སྣར་》,mམི།,,
,,715,7,《པེ་》《སྣར་》,བསྒོམ།,,
,,716,8,《པེ་》《སྣར་》,སྒོམ།,,
,212,717,1,《པེ་》《སྣར་》《ཅོ་》,བར།,,
,,718,2,《པེ་》《སྣར་》,སྒོམ།,,
,,719,3,《པེ་》《སྣར་》,པོས།,,
,213,720,1,《པེ་》《སྣར་》,mརབ་ཏུ།,,
,214,721,1,《པེ་》《སྣར་》,གནས་པ།,,
,215,722,1,《པེ་》《སྣར་》,བཟུང་།,,
,,723,2,《པེ་》《སྣར་》,བཟུང་།,,
,,724,3,《པེ་》《སྣར་》,སྨྲའོ།,,
,216,725,1,《པེ་》《སྣར་》,གིས།,,
,,726,2,《པེ་》《སྣར་》,mདགུ།,,
,217,727,1,《པེ་》《སྣར་》,mརྣམས།,,
,,728,2,《པེ་》《སྣར་》,mབཅུ།,,
,,729,3,《པེ་》《སྣར་》,mནི།,,
,218,730,1,《སྣར་》,pཀྱི།,,
,,731,2,《པེ་》《སྣར་》,mཀྱི་ཕ་རོལ་ཏུ་ཕྱིན་པ།,,
,219,732,1,《པེ་》《སྣར་》,mཀྱི་བར་དུ།,,
,,733,2,《པེ་》《སྣར་》,mནི།,,
,,734,3,《པེ་》《སྣར་》,mབཅུ།,,
,220,735,1,《པེ་》《སྣར་》,པར།,,
,221,736,1,《པེ་》《སྣར་》,pཔ།,,
,,737,2,《པེ་》《སྣར་》,བ།,,
,,738,3,《པེ་》《སྣར་》,ལྟར།,,
,,739,4,《པེ་》《སྣར་》,mདེ།,,
,,740,5,《པེ་》《སྣར་》,བུ།,,
,222,741,1,《པེ་》《སྣར་》,ཏོ།།,,
,,742,2,《པེ་》《སྣར་》,mརྗེས།,,
,,743,3,《པེ་》《སྣར་》,པ་དང་།,,
,,744,4,《སྣར་》,mདང་།,,
,224,745,1,《པེ་》《སྣར་》,བ།,,
,225,746,1,《པེ་》《སྣར་》,mརྗེས་སུ།,,
,,747,2,《པེ་》《སྣར་》,pམ།,,
,,748,3,《པེ་》《སྣར་》,གིས།,,
,,749,4,《སྣར་》,གིས།,,
,,750,5,《པེ་》《སྣར་》,mཔ།,,
,,751,6,《པེ་》《སྣར་》,འགྲོ།,,
,,752,7,《པེ་》《སྣར་》,mབ།,,
,,753,8,《པེ་》,ཡང་།,《སྣར་》,ན་ཡང་།,
,,754,9,《སྣར་》,སྤྱད།,,
,,755,10,《པེ་》《སྣར་》,mསྤྱད་པའི་རྣམ་པར།,,
,226,756,1,《པེ་》《སྣར་》,pབྱེད་པར།,,
,,757,2,《པེ་》《སྣར་》,ཐོབ།,,
,,758,3,《པེ་》《སྣར་》,mཀྱིས།,,
,,759,4,《པེ་》《སྣར་》,ད།,,
,,760,5,《པེ་》《སྣར་》,དེར།,,
,,761,6,《པེ་》《སྣར་》,འཛུམ།,,
,227,762,1,《པེ་》《སྣར་》,ད།,,
,,763,2,《པེ་》《སྣར་》,ད།,,
,,764,3,《པེ་》《སྣར་》,མཐོར།,,
,,765,4,《པེ་》《སྣར་》,mདེ་ལྟར།,,
,,766,5,《སྣར་》,རྒན།,,
,,767,6,《པེ་》《སྣར་》,mདུ།,,
,,768,7,《པེ་》《སྣར་》,གཙུགས།,,
,228,769,1,《པེ་》《སྣར་》,པ།,,
,229,770,1,《པེ་》,གཏོགས།,《སྣར་》,གཏགས།,
,,771,2,《པེ་》《སྣར་》,pདེ།,,
,,772,3,《པེ་》《སྣར་》,mརྟོགས་པར།,,
,,773,4,《པེ་》《སྣར་》,pནི།,,
,230,774,1,《པེ་》《སྣར་》,ངན།,,
,,775,2,《པེ་》《སྣར་》,བསླུ།,,
,,776,3,《སྣར་》,mཆོས།,,
,231,777,1,《སྣར་》,པ།,,
,,778,2,《པེ་》《སྣར་》,རྟོག,,
,,779,3,《པེ་》《སྣར་》,mཐམས་ཅད།,,
,,780,4,《སྣར་》,གཟུངས།,,
,,781,5,《པེ་》《སྣར་》,སྐྱོན་དུ་ངས་མི་བརྩིའི།,,
,232,782,1,《པེ་》《སྣར་》,བཀླགས།,,
,,783,2,《པེ་》《སྣར་》,བར།,,
,,784,3,《པེ་》《སྣར་》,ལས།,,
,,785,4,《པེ་》《སྣར་》,ན།,,
,,786,5,《པེ་》《སྣར་》,པར།,,
,,787,6,《པེ་》《སྣར་》,mབ་དང་།,,
,,788,7,《པེ་》《སྣར་》,པ།,,
,,789,8,《པེ་》《སྣར་》,ཀླག,,
,,790,9,《པེ་》《སྣར་》,pཀྱི།,,
,233,791,1,《པེ་》《སྣར་》,mནི།,,
,,792,2,《པེ་》《སྣར་》,བསྐྱེད་པར།,,
,,793,3,《སྣར་》,འོངས་པ།,,
,,794,4,《པེ་》《སྣར་》,བཏང་།,,
,,795,5,《པེ་》《སྣར་》,བར།,,
,,796,6,《པེ་》《སྣར་》,ང་།,,
,,797,7,《པེ་》《སྣར་》,ཀྱི།,,
,,798,8,《པེ་》《སྣར་》,དེ།,,
,,799,9,《པེ་》《སྣར་》,གཏང་།,,
,234,800,1,《པེ་》《སྣར་》,གཏང་།,,
,,801,2,《པེ་》《སྣར་》,གཏང་།,,
,,802,3,《པེ་》《སྣར་》,གཏང་།,,
,,803,4,《པེ་》《སྣར་》,གཏང་།,,
,,804,5,《པེ་》《སྣར་》,བཏང་།,,
,,805,6,《པེ་》《སྣར་》,གདམ།,,
,,806,7,《པེ་》《སྣར་》,ཆད།,,
,,a,8,《པེ་》《སྣར་》,འགྲེལ།,,
,235,807,1,《པེ་》《སྣར་》,pབཅོམ་ལྡན་འདས།,,
,236,808,1,《པེ་》《སྣར་》,བསླབས་ཏེ།,,
,,809,2,《པེ་》《སྣར་》,གཏོད་པ།,,
,237,810,1,《པེ་》《སྣར་》,བསྟན།,,
,,811,2,《པེ་》《སྣར་》,ཁྱོད་ཀྱི།,,
,,812,3,《པེ་》《སྣར་》,mཔ།,,
,,813,4,《པེ་》《སྣར་》,བསྒོམ།,,
,,814,5,《པེ་》《སྣར་》,mན།,,
,,815,6,《པེ་》《སྣར་》,ཅིག,,
,,816,7,《པེ་》《སྣར་》,འཛུམ།,,
,238,817,1,《པེ་》《སྣར་》,དྲོའི་ཅིག,,
,,818,2,《པེ་》《སྣར་》,གནོན།,,
,,819,3,《པེ་》《སྣར་》,ལྟ།,,
,,820,4,《པེ་》《སྣར་》,mཔ་ཡིན།,,
,239,821,1,《སྣར་》,འཛད།,,
,240,822,1,《པེ་》《སྣར་》,mམཛད་པ་མངོན་པར་འདུ།,,
,,823,2,《པེ་》《སྣར་》,ཏེ།,,
,241,824,1,《པེ་》《སྣར་》,བར་མ་གྱུར།,,
,,825,2,《པེ་》《སྣར་》,བསྒྲུབས།,,
,,826,3,《པེ་》《སྣར་》,སོ།,,
,,827,4,《སྣར་》,mནི།,,
,242,828,1,《པེ་》《སྣར་》,mཕ་རོལ་ཏུ་ཕྱིན་པ་ཐམས་ཅད་ཡོངས་སུ་རྫོགས་པར་བྱ་བར་འདོད་པས་ཤེས་རབ་ཀྱི།,,
,,829,2,《པེ་》《སྣར་》,བསླབ།,,
,,830,3,《པེ་》《སྣར་》,mཕན་པ་དང་། འཇིག་རྟེན་ཐམས་ཅད་ལ།,,
,,831,4,《པེ་》,ཀྱིས།,,
,,832,5,《སྣར་》,pཔ།,,
,,833,6,《པེ་》《སྣར་》,མ།,,
,243,834,1,《པེ་》《སྣར་》,མཁའི།,,
,,835,2,《པེ་》《སྣར་》,mམ།,,
,,836,3,《སྣར་》,ལྟ།,,
,,837,4,《པེ་》《སྣར་》,འབྱུང་།,,
,244,838,1,《པེ་》《སྣར་》,མཚོ།,,
,,839,2,《པེ་》《སྣར་》,mདོ།།,,
,,840,3,《པེ་》《སྣར་》,pབཞི།,,
,245,841,1,《པེ་》《སྣར་》,mདེ་དག,,
,,842,2,《པེ་》《སྣར་》,mལ།,,
,,843,3,《པེ་》《སྣར་》,mནི།,,
,246,844,1,《པེ་》《སྣར་》,mཔ་དང་།,,
,,845,2,《པེ་》《སྣར་》,སྒྲུབ།,,
,247,846,1,《པེ་》《སྣར་》,སྒྲུབ།,,
,,847,2,《པེ་》《སྣར་》,mརྣམས།,,
,248,848,1,《པེ་》《སྣར་》,ཤེས།,,
,251,849,1,《པེ་》《སྣར་》,ལྟ།,,
,,850,2,《པེ་》《སྣར་》,པོ།,,
,252,851,1,《པེ་》《སྣར་》,རྟེན།,,
,,852,2,《པེ་》《སྣར་》,ལྟ།,,
,,853,3,《པེ་》《སྣར་》,ལྟ།,,
,,854,4,《པེ་》《སྣར་》,ལྟ།,,
,,855,5,《པེ་》《སྣར་》,རྟག་པར།,,
,253,856,1,《སྣར་》,mལ།,,
,,857,2,《པེ་》《སྣར་》,པོ།,,
,,858,3,《པེ་》《སྣར་》,ལྟ།,,
,254,859,1,《སྣར་》,pཔར།,,
,,860,2,《པེ་》《སྣར་》,pམི།,,
,,861,3,《པེ་》《སྣར་》,mཡང་།,,
,255,862,1,《པེ་》《སྣར་》,pརྗེས་སུ།,,
,256,863,1,《པེ་》《སྣར་》,གིས།,,
,,864,2,《པེ་》《སྣར་》,pགྱི།,,
,,865,3,《པེ་》《སྣར་》,གྱིས།,,
,,866,4,《པེ་》《སྣར་》,mསྤྱོད་པས་རྣམས་པར།,,
,257,867,1,《པེ་》《སྣར་》,pལྟ།,,
,,868,2,《པེ་》《སྣར་》,ཏེ།,,
,,869,3,《པེ་》《སྣར་》,mནི་ཟད་པ།,,
,258,870,1,《པེ་》《སྣར་》,mརབ་འབྱོར།,,
,,871,2,《པེ་》《སྣར་》,པོ།,,
,,872,3,《པེ་》《སྣར་》,mདུ།,《པེ་》《སྣར་》,སྒོམས།,
,,873,a,,,,
,259,874,1,《པེ་》《སྣར་》,པོ།,,
,,875,2,《སྣར་》,མོངས།,,
,260,876,1,《པེ་》《སྣར་》,འཚང་།,,
,,877,2,《སྣར་》,མོངས།,,
,,878,3,《པེ་》《སྣར་》,འཚང་།,,
,261,879,1,《པེ་》《སྣར་》,བཏང་།,,
,,880,2,《པེ་》《སྣར་》,ཞེས་དེ།,,
,,881,3,《པེ་》《སྣར་》,mཡོངས་སུ།,,
,,882,4,《སྣར་》,མོངས།,,
,262,883,1,《སྣར་》,མོངས།,,
,,884,2,《པེ་》《སྣར་》,mདེ།,,
,,885,3,《པེ་》《སྣར་》,pདེ།,,
,,886,4,《པེ་》《སྣར་》,pསུ།,,
,263,887,1,《པེ་》《སྣར་》,pགང་།,,
,,888,2,《པེ་》《སྣར་》,ལྷགས།,,
,,889,3,《པེ་》《སྣར་》,བཏུབས།,,
,264,890,1,《པེ་》《སྣར་》,འཁྲུག,,
,,891,2,《པེ་》《སྣར་》,བཏུབས།,,
,,892,3,《པེ་》《སྣར་》,གིས།,,
,,893,4,《སྣར་》,མོངས།,,
,,894,5,《པེ་》《སྣར་》,mདེ།,,
,,895,6,《པེ་》《སྣར་》,བརྒལ།,,
,,896,7,《པེ་》《སྣར་》,ཅི་ནས་ཀྱང་།,,
,265,897,1,《པེ་》《སྣར་》,གིས།,,
,,898,2,《པེ་》《སྣར་》,mདེ།,,
,266,899,1,《པེ་》《སྣར་》,mཆོས་གང་ཡང་།,,
,,900,2,《པེ་》《སྣར་》,pསྟེ།,,
,,901,3,《པེ་》《སྣར་》,mཆོས།,,
,,902,4,《པེ་》《སྣར་》,ལྟུང་།,,
,,903,5,《པེ་》《སྣར་》,པོ།,,
,267,904,1,《པེ་》《སྣར་》,གཏང་།,,
,,905,2,《པེ་》《སྣར་》,བཏང་།,,
,,906,3,《སྣར་》,mཔ།,,
,268,907,1,《པེ་》《སྣར་》,གིས།,,
,,908,2,《པེ་》《སྣར་》,ལྟར།,,
,,909,3,《པེ་》《སྣར་》,mདཔག་ཚད་བྱེ་བའམ།,,
,269,910,1,《པེ་》《སྣར་》,རྩོམ།,,
,,911,2,《པེ་》《སྣར་》,བསྔོ།,,
,,912,3,《པེ་》《སྣར་》,བསྔོ།,,
,,913,4,《པེ་》《སྣར་》,བསྔོ།,,
,,914,5,《པེ་》《སྣར་》,བསྔོ།,《པེ་》《སྣར་》,ཀྱི།,
,270,915,1,《པེ་》《སྣར་》,pཐམས་ཅད་ཀྱང་རྣམ་པ།,,
,,916,2,《པེ་》《སྣར་》,mདེ་ལྟར།,,
,,917,3,《པེ་》《སྣར་》,pལ།,,
,,918,4,《པེ་》《སྣར་》,བསྔོ།,,
,,919,5,《པེ་》《སྣར་》,བསྔོ།,,
,,920,6,《པེ་》《སྣར་》,བསྔོ།,,
,,921,7,《པེ་》《སྣར་》,བསྔོ།,,
,271,922,1,《པེ་》《སྣར་》,mཡོངས་སུ།,,
,272,923,1,《སྣར་》,པ།,,
,,924,2,《སྣར་》,སྤོངས་པའི།,,
,273,925,1,《པེ་》《སྣར་》,གིས།,,
,274,926,1,《པེ་》《སྣར་》,mནི།,,
,,927,2,《པེ་》《སྣར་》,འཁྲུག,,
,,928,3,《པེ་》《སྣར་》,བཏུབས།,,
,,929,4,《པེ་》《སྣར་》,བཏུབས།,,
,,930,5,《པེ་》《སྣར་》,ཏེ།,,
,275,931,1,《པེ་》《སྣར་》,བཏུབས།,,
,,932,2,《པེ་》《སྣར་》,དོང་།,,
,,933,3,《སྣར་》,མོངས།,,
,,934,4,《པེ་》《སྣར་》,ནི།,,
,,935,5,《པེ་》《སྣར་》,mཔ།,,
,,936,6,《པེ་》《སྣར་》,mདག,,
,276,937,1,《པེ་》《སྣར་》,ཀྱི།,,
,,938,2,《པེ་》《སྣར་》,ལས།,,
,,939,3,《པེ་》《སྣར་》,སྤྱོད།,,
,,940,4,《པེ་》《སྣར་》,mབ།,,
,,941,5,《པེ་》《སྣར་》,པར་ཤེས་པ།,,
,277,942,1,《པེ་》《སྣར་》,པ།,,
,,943,2,《པེ་》《སྣར་》《ཅོ་》,བསྔོ།,,
,278,944,1,《པེ་》《སྣར་》,mངོ་།,,
,,945,2,《པེ་》《སྣར་》,mདང་།,,
,279,946,1,《པེ་》《སྣར་》,pདང་།,,
,,947,2,《པེ་》《སྣར་》,བསྔོ།,,
,,948,3,《པེ་》《སྣར་》,mཔ།,,
,280,949,1,《པེ་》《སྣར་》,སྤྱོད།,,
,,950,2,《པེ་》《སྣར་》,པ།,,
,,951,3,《པེ་》《སྣར་》,ལ།,,
,,952,4,《པེ་》《སྣར་》,སྤྱོད།,,
,,953,5,《པེ་》《སྣར་》,mདོ།,,
,,954,6,《པེ་》《སྣར་》,mརབ་འབྱོར་དེ་ལྟར་ན་བྱང་ཆུབ་སེམས་དཔའ་སེམས་དཔའ་ཆེན་པོ།,,
,281,955,1,《པེ་》《སྣར་》,བསྔོ།,,
,,956,2,《པེ་》《སྣར་》,བསྔོ།,,
,,957,3,《པེ་》《སྣར་》,བསྔོ།,,
,,958,4,《པེ་》《སྣར་》,བསྔོ།,,
,,959,5,《པེ་》《སྣར་》,mན།,,
,282,960,1,《པེ་》《སྣར་》,མིག,,
,,961,2,《པེ་》《སྣར་》,pདེ།,,
,,962,3,《པེ་》《སྣར་》,རྟོག,,
,,963,4,《པེ་》《སྣར་》,བཏུབས།,,
,,964,5,《པེ་》《སྣར་》,གཅོད།,,
,,965,6,《པེ་》《སྣར་》,བཀྱལ།,,
,,966,7,《སྣར་》,བུ།,,
,,967,8,《པེ་》《སྣར་》,mཡོངས་སུ།,,
,,968,9,《པེ་》《སྣར་》,mཡོངས་སུ།,,
,,969,10,《པེ་》《སྣར་》,mཡོངས་སུ།,,
,283,970,1,《པེ་》《སྣར་》,སྤྱོད།,,
,,971,2,《པེ་》《སྣར་》,སྤྱོད།,,
,,972,3,《པེ་》《སྣར་》,mཔ་དང་ལྡན།,,
,,973,4,《པེ་》《སྣར་》,སྤྱོད།,,
,,974,5,《པེ་》《སྣར་》,པ།,,
,,975,6,《པེ་》《སྣར་》,mཡང་།,,
,284,976,1,《པེ་》《སྣར་》,དྲ།,,
,,977,2,《པེ་》《སྣར་》,བ།,,
,,978,3,《པེ་》《སྣར་》,mབ།,,
,,979,4,《པེ་》《སྣར་》,མེར།,,
,,980,5,《པེ་》《སྣར་》,བསྒྱུར།,,
,,981,6,《པེ་》《སྣར་》,mསེམས་ལ།,,
,,982,7,《སྣར་》,mཆགས།,,
,,983,8,《པེ་》《སྣར་》,མཐའ།,,
,,984,9,《པེ་》《སྣར་》,mརུས་ནི་འདི་ཞེ་བྱ།,,
,285,985,1,《པེ་》《སྣར་》,དེ།,,
,,986,2,《པེ་》《སྣར་》,pསྔོན་གྱི།,,
,286,987,1,《པེ་》《སྣར་》,བསམ་གཏན་གྱི།,,
,287,988,1,《པེ་》《སྣར་》,mརང་།,,
,,989,2,《པེ་》《སྣར་》,བསྔོ།,,
,,990,3,《པེ་》《སྣར་》,pཔ།,,
,288,991,1,《པེ་》《སྣར་》,mཡང་དག་པར།,,
,289,992,1,《པེ་》《སྣར་》,ཏེ།,,
,,993,2,《པེ་》《སྣར་》,བ།,,
,290,994,1,《པེ་》《སྣར་》,pམི།,,
,,995,2,《པེ་》《སྣར་》,mའདི།,,
,,996,3,《པེ་》《སྣར་》,pབའི།,,
,,997,4,《པེ་》《སྣར་》,སྟོང་།,,
,,998,5,《པེ་》《སྣར་》,pཚེ།,,
,291,999,1,《པེ་》《སྣར་》,ས་དང་།,,
,,1000,2,《པེ་》《སྣར་》,mལྟར།,,
,,1001,3,《པེ་》《སྣར་》,mདེ།,,
,,1002,4,《པེ་》《སྣར་》,ཁྱལ།,,
,,1003,5,《སྣར་》,ལོགས།,,
,292,1004,1,《པེ་》《སྣར་》,pཏེ།,,
,,1005,2,《པེ་》《སྣར་》,mདུ།,,
,,1006,3,《པེ་》《སྣར་》,འཆིང་།,,
,,1007,4,《པེ་》《སྣར་》,བཅད།,,
,,1008,5,《པེ་》《སྣར་》,བཏུབ།,,
,,1009,6,《པེ་》,རྡེག་པ་མེད་པ་སྙམ།,《སྣར་》,རྡེག་པ་མེད་བསྙམ།,
,,1010,7,《པེ་》《སྣར་》,སྤྱོད་དེ་བཀྱལ།,,
,293,1011,1,《པེ་》《སྣར་》,བཅད་ཅིང་བཏུབས།,,
,,1012,2,《པེ་》《སྣར་》,བཀྱ་པའམ།,,
,,1013,3,《པེ་》《སྣར་》,བཅད་པ།,,
,,1014,4,《པེ་》《སྣར་》,བཏུབ།,,
,,1015,5,《པེ་》《སྣར་》,pདག,,
,294,1016,1,《པེ་》《སྣར་》,mཡོངས་སུ།,,
,,1017,2,《སྣར་》,mདུ།,,
,295,1018,1,《པེ་》《སྣར་》,pགྱི།,,
,,1019,2,《པེ་》《སྣར་》,རྣམ་པ།,,
,,1020,3,《པེ་》《སྣར་》,པར་ཤེས་པ།,,
,,1021,4,《པེ་》《སྣར་》,ལ།,,
,296,1022,1,《པེ་》《སྣར་》,mཔ།,,
,,1023,2,《པེ་》《སྣར་》,སྤྱོད།,,
,,1024,3,《པེ་》《སྣར་》,ཅིག,,
,,1025,4,《པེ་》《སྣར་》,pདེ།,,
,,1026,5,《པེ་》《སྣར་》,སྤྱོད།,,
,,1027,6,《པེ་》《སྣར་》,པས།,,
,297,1028,1,《པེ་》《སྣར་》,pཡས།,,
,,1029,2,《པེ་》《སྣར་》,ལ།,,
,298,1030,1,《པེ་》《སྣར་》,འཁྲུག,,
,,1031,2,《པེ་》《སྣར་》,འཁྲུག,,
,,1032,3,《པེ་》《སྣར་》,ལེན།,,
,299,1033,1,《པེ་》《སྣར་》,བསྔོ།,,
,,1034,2,《པེ་》《སྣར་》,བསྔོ།,,
,,1035,3,《པེ་》《སྣར་》,བསྔོ།,,
,,1036,4,《པེ་》《སྣར་》,mན།,,
,,1037,5,《པེ་》《སྣར་》,mའདུ་ཤེས་མེད།,,
,300,1038,1,《པེ་》《སྣར་》,ལས།,,
,,1039,2,《པེ་》《སྣར་》,mལ།,,
,,1040,3,《པེ་》《སྣར་》,mཔ།,,
,,1041,4,《པེ་》《སྣར་》,སྤྱོད།,,
,,1042,5,《པེ་》《སྣར་》,mལ།,,
,301,1043,1,《པེ་》《སྣར་》,mལ།,,
,,1044,2,《པེ་》《སྣར་》,mལ།,,
,,1045,3,《པེ་》《སྣར་》,mལ།,,
,,1046,4,《པེ་》《སྣར་》,mལ།,,
,302,1047,1,《པེ་》《སྣར་》,pགྱི།,,
,303,1048,1,《པེ་》《སྣར་》,ཀྱི།,,
,,1049,2,《པེ་》《སྣར་》,བསྔོ།,,
,,1050,3,《པེ་》《སྣར་》,བསྔོ།,,
,,1051,4,《པེ་》《སྣར་》,བསྔོ།,,
,304,1052,1,《པེ་》《སྣར་》,སྒོམ།,,
,305,1053,1,《པེ་》《སྣར་》,ནས།,,
,306,1054,1,《སྣར་》,འཇིགས།,,
,,1055,2,《པེ་》《སྣར་》,mདང་པོ།,,
,307,1056,1,《པེ་》《སྣར་》,ན།,,
,,1057,2,《པེ་》《སྣར་》,mརྣམ་པར་ཐར་པ་དང་། མཐར་གྱིས་གནས་པའི་སྙོམས་པར་འཇུག་པ་དང་།,,
,308,1058,1,《པེ་》《སྣར་》,mཔ།,,
,,1059,2,《པེ་》《སྣར་》,འདི།,,
,309,1060,1,《པེ་》《སྣར་》,mདེ།,,
,,1061,2,《སྣར་》,mཆོས།,,
,,1062,3,《པེ་》《སྣར་》,mདུ།,,
,310,1063,1,《པེ་》《སྣར་》,པ།,,
,,1064,2,《པེ་》《སྣར་》,pཡང་།,,
,,1065,3,《པེ་》《སྣར་》,pསེམས་དཔའ།,,
,,1066,4,《པེ་》《སྣར་》,སྒོམ།,,
,,1067,5,《པེ་》《སྣར་》,དེ།,,
,311,1068,1,《པེ་》《སྣར་》,སྒོམས།,,
,,1069,2,《པེ་》《སྣར་》,གྱིས།,,
,,1070,3,《པེ་》《སྣར་》,སྒོམ།,,
,312,1071,1,《པེ་》《སྣར་》,སྒོམ།,,
,,1072,2,《སྣར་》,mལ།,,
,313,1073,1,《པེ་》《སྣར་》,mལ།,,
,,1074,2,《པེ་》《སྣར་》,mལ།,,
,314,1075,1,《པེ་》《སྣར་》,བསམ།,,
,,1076,2,《པེ་》《སྣར་》,པ།,,
,315,1077,1,《པེ་》《སྣར་》,གིས།,,
,,1078,2,《པེ་》《སྣར་》,ཀྱིས།,,
,,1079,3,《པེ་》《སྣར་》,པོས།,,
,,1080,4,《ཅོ་》,རིགས།,,
,316,1081,1,《པེ་》《སྣར་》,གིས།,,
,,1082,2,《པེ་》《སྣར་》,pབ།,,
,,1083,3,《པེ་》《སྣར་》,pདང་།,,
,318,1084,1,《པེ་》《སྣར་》,mསྟོང་པ་ཉིད་དང་།,,
,,1085,2,《པེ་》《སྣར་》,བྱ་བ།,,
,,1086,3,《པེ་》《སྣར་》,རྣམས།,,
,,1087,4,《སྣར་》,ཀྱིས།,,
,319,1088,1,《པེ་》《སྣར་》,mལན་ཅིག,,
,320,1089,1,《པེ་》《སྣར་》,mདེ།,,
,,1090,2,《པེ་》,ལ་སྤྱོད་པ་དེ་ལ།,《སྣར་》,ལས་སྤྱོད་པ་དེ་ལ།,
,,1091,3,《པེ་》《སྣར་》,སྒྲུབ་པ།,,
,,1092,4,《པེ་》《སྣར་》,སྒོམ།,,
,,1093,5,《པེ་》《སྣར་》,སྒོམ།,,
,,1094,6,《སྣར་》,pཔ།,,
,,1095,7,《པེ་》《སྣར་》,སྤྱད།,,
,,1096,8,《པེ་》《སྣར་》,ལུས།,,
,321,1097,1,《པེ་》《སྣར་》,སྤྱད།,,
,,1098,2,《པེ་》《སྣར་》,བསྒྲུབས།,,
,,1099,3,《སྣར་》,བསྒྲུབས།,,
,,1100,4,《པེ་》《སྣར་》,སྒོམ།,,
,,1101,5,《སྣར་》,རྟོགས།,,
,,1102,6,《པེ་》《སྣར་》,པོས།,,
,,1103,7,《པེ་》《སྣར་》,mལ།,,
,,1104,8,《པེ་》《སྣར་》,གཅིག,,
,322,1105,1,《པེ་》《སྣར་》,པས།,,
,,1106,2,《པེ་》《སྣར་》,pལ།,,
,,1107,3,《པེ་》《སྣར་》,བྱ།,,
,,1108,4,《པེ་》《སྣར་》,བྱེད་པའི།,,
,,1109,5,《ཅོ་》,སྤྱོད།,,
,,1110,6,《པེ་》,བསྒྲུབས།,《སྣར་》,སྒྲུབས།,
,,1111,7,《པེ་》《སྣར་》,བསྒོམས།,,
,,1112,8,《པེ་》《སྣར་》,པའམ།,,
,,1113,9,《པེ་》《སྣར་》,སྒོམ།,,
,,1114,10,《པེ་》《སྣར་》,སྒོམ།,,
,323,1115,1,《པེ་》《སྣར་》,པའམ།,,
,,1116,2,《པེ་》《སྣར་》,འཐོབ།,,
,,1117,3,《པེ་》《སྣར་》,བཟུང་།,,
,,1118,4,《པེ་》《སྣར་》,ལྟར།,,
,324,1119,1,《སྣར་》,mནམ།,,
,325,1120,1,《པེ་》《སྣར་》,ཀྱི་ཆོས་སམ།,,
,,1121,2,《པེ་》《སྣར་》,གྱུར།,,
,,1122,3,《པེ་》《སྣར་》,གྱུར།,,
,,1123,4,《པེ་》《སྣར་》,གྱུར།,,
,,1124,5,《པེ་》《སྣར་》,གྱུར།,,
,,1125,6,《པེ་》《སྣར་》,གྱུར།,,
,,1126,7,《པེ་》《སྣར་》,གྱུར།,,
,,1127,8,《པེ་》《སྣར་》,གྱུར།,,
,,1128,9,《པེ་》《སྣར་》,གྱུར།,,
,,1129,10,《པེ་》《སྣར་》,གྱུར།,,
,,1130,11,《པེ་》《སྣར་》,འམ།,,
,326,1131,1,《པེ་》《སྣར་》,pཡང་།,,
,,1132,2,《པེ་》《སྣར་》,པ།,,
,,1133,3,《པེ་》《སྣར་》,mལ།,,
,,1134,4,《པེ་》《སྣར་》,བགྱིའམ།,,
,,1135,5,《པེ་》《སྣར་》,བརྟགས།,,
,327,1136,1,《པེ་》《སྣར་》,སྣན།,,
,,1137,2,《པེ་》《སྣར་》,བར་ལ།,,
,,1138,3,《པེ་》《སྣར་》,མེད།,,
,328,1139,1,《པེ་》《སྣར་》,ཤེས།,,
,,1140,2,《པེ་》,སྒོམ།,《སྣར་》,སྒོམས།,
,,1141,3,《པེ་》《སྣར་》,སྒོམ།,,
,,1142,4,《སྣར་》,mམངོན་པར།,,
,,1143,5,《པེ་》《སྣར་》,ཀྱི།,,
,,1144,6,《པེ་》《སྣར་》,pཀྱི།,,
,,1145,7,《པེ་》《སྣར་》,ལྟའོ།,,
,,1146,8,《པེ་》《སྣར་》,ལྟའོ།,,
,329,1147,1,《སྣར་》,ཀྱིས།,,
,,1148,2,《པེ་》《སྣར་》,mན།,,
,,1149,3,《པེ་》《སྣར་》,པའོ།,,
,,1150,4,《པེ་》《སྣར་》,མཆིས།,,
,,1151,5,《པེ་》《སྣར་》,པོའི།,,
,,1152,6,《པེ་》《སྣར་》,སྤྱད།,,
,330,1153,1,《པེ་》《སྣར་》,བཏང་།,,
,,1154,2,《པེ་》《སྣར་》,བསྲུང་།,,
,,1155,3,《སྣར་》《ཅོ་》,བསྒྲུབ།,,
,,1156,4,《པེ་》《སྣར་》,བརྩོམ།,,
,,1157,5,《པེ་》《སྣར་》,བསྒོམ།,,
,331,1158,1,《པེ་》《སྣར་》,བསྒོམ།,,
,,1159,2,《པེ་》《སྣར་》,བསྒོམ།,,
,,1160,3,《པེ་》《སྣར་》,mརང་།,,
,,1161,4,《པེ་》《སྣར་》,སྲིད།,,
,332,1162,1,《སྣར་》,ནི།,,
,,1163,2,《སྣར་》,མིང་།,,
,,1164,3,《སྣར་》,ནི།,,
,,1165,4,《པེ་》《སྣར་》,པོ།,,
,,1166,5,《ཅོ་》,སྤྱོད།,,
,333,1167,1,《པེ་》《སྣར་》,mཡང་།,,
,,1168,2,《པེ་》《སྣར་》,པ་ལགས།,,
,334,1169,1,《པེ་》《སྣར་》,དཔའི།,,
,335,1170,1,《པེ་》《སྣར་》,བགྱིད།,,
,,1171,2,《པེ་》《སྣར་》《ཅོ་》,pལོ།,,
,336,1172,1,《སྣར་》,གིས།,,
,,1173,2,《པེ་》《སྣར་》,འདུས།,,
,,1174,3,《པེ་》《སྣར་》,བསམས།,,
,,1175,4,《པེ་》《སྣར་》,སོ།,,
,337,1176,1,《པེ་》《སྣར་》,ཀྱི།,,
,,1177,2,《སྣར་》,པས།,,
,338,1178,1,《པེ་》《སྣར་》,ལྟར།,,
,339,1179,1,《པེ་》《སྣར་》,mགང་།,,
,,1180,2,《སྣར་》,mཏུ།,,
,,1181,3,《པེ་》《སྣར་》,mབཅོམ་ལྡན་འདས།,,
,340,1182,1,《པེ་》《སྣར་》,བསྒོམ་པ།,,
,341,1183,1,《པེ་》《སྣར་》,pལུང་།,,
,,1184,2,《པེ་》《སྣར་》,ཞིང་།,,
,,1185,3,《པེ་》《སྣར་》,བརྟུལ།,,
,342,1186,1,《པེ་》《སྣར་》,ལས།,,
,,1187,2,《པེ་》《སྣར་》,mཅི་ལགས།,,
,,1188,3,《པེ་》《སྣར་》,mགསོལ་པ།,,
,,1189,4,《པེ་》《སྣར་》,ཕྱི།,,
,343,1190,1,《པེ་》《སྣར་》,pམྱ་ངན་ལས་འདས་པའི།,,
,,1191,2,《པེ་》《སྣར་》,mསམ།,,
,,1192,3,《པེ་》《སྣར་》,mཉིད།,,
,,1193,4,《སྣར་》,mབ།,,
,,1194,5,《ཅོ་》,mམོ།,,
,344,1195,1,《པེ་》《སྣར་》,གི།,,
,,1196,2,《པེ་》《སྣར་》,གིས།,,
,,1197,3,《པེ་》《སྣར་》,mདེ་ལྟར།,,
,,1198,4,《པེ་》《སྣར་》,ཐམས་ཅད།,,
,,1199,5,《སྣར་》,པ།,,
,,1200,6,《སྣར་》,mཉིད།,,
,345,1201,1,《པེ་》《སྣར་》,དེས།,,
,,1202,2,《པེ་》《སྣར་》,mདཀྲུགས།,,
,,1203,3,《པེ་》《སྣར་》,རྣམ་པ།,,
,346,1204,1,《པེ་》《སྣར་》,དཀྲུགས།,,
,,1205,2,《པེ་》《སྣར་》,ཏེ།,,
,,1206,3,《པེ་》《སྣར་》,ལ།,,
,,1207,4,《པེ་》《སྣར་》,བྱེ་བ།,,
,,1208,5,《པེ་》《སྣར་》,བྱེ་བ།,,
,,1209,6,《པེ་》《སྣར་》,mལ།,,
,347,1210,1,《པེ་》《སྣར་》,གིས།,,
,,1211,2,《ཅོ་》,སྤྱོད།,,
,,1212,3,《པེ་》《སྣར་》,བསྲུངས།,,
,,1213,4,《པེ་》《སྣར་》,བསྒོམ།,,
,348,1214,1,《པེ་》《སྣར་》,pགང་།,,
,,1215,2,《པེ་》《སྣར་》,གྱིས།,,
,,1216,3,《པེ་》《སྣར་》,གསུང་བ།,,
,,1217,4,《པེ་》《སྣར་》,པར།,,
,,1218,5,《པེ་》《སྣར་》,གསུང་བ།,,
,349,1219,1,《པེ་》《སྣར་》,པར།,,
,,1220,2,《སྣར་》,pཔ།,,
,,1221,3,《པེ་》《སྣར་》,mཞེས་བྱའོ།,,
,350,1222,1,《པེ་》《སྣར་》,བྱ།,,
,,1223,2,《པེ་》《སྣར་》,mཡང་།,,
,,1224,3,《པེ་》《སྣར་》,དཔའ།,,
,,1225,4,《པེ་》《སྣར་》,mཞེས་བྱའོ།,,
,,1226,5,《པེ་》《སྣར་》,ཤེས།,,
,351,1227,1,《པེ་》《སྣར་》,ཡང་ལགས་པ་ལ།,,
,,1228,2,《པེ་》《སྣར་》,ལགས།,,
,,1229,3,《པེ་》《སྣར་》,mལ།,,
,,1230,4,《པེ་》《སྣར་》,ཡང་མ་ཡིན་པ་ལ།,,
,,1231,5,《པེ་》《སྣར་》,བ།,,
,352,1232,1,《པེ་》《སྣར་》,སྤངས་པ།,,
,,1233,2,《པེ་》《སྣར་》,ཀྱིས།,,
,,1234,3,《པེ་》《སྣར་》,སྤངས་པ།,,
,353,1235,1,《སྣར་》,ཀྱིས།,,
,,1236,2,《པེ་》《སྣར་》,pཐམས་ཅད་དུ།,,
,,1237,3,《པེ་》《སྣར་》,ཀྱིས་རབ་ཏུ།,,
,,1238,4,《པེ་》《སྣར་》,པའོ། །,,
,354,1239,1,《པེ་》《སྣར་》,གྱིས།,,
,,1240,2,《པེ་》《སྣར་》,མཐར།,,
,,1241,3,《པེ་》《སྣར་》,མངོན།,,
,,1242,4,《པེ་》《སྣར་》,རྣམ་པ།,,
,,1243,5,《པེ་》《སྣར་》,མངོན།,,
,,1244,6,《པེ་》《སྣར་》,pསྔོན་གྱི་མཐའ་འམ། ཕྱི་མའི་མཐའ་དམིགས་སུ་མེད་དོ། །རབ་འབྱོར་དེ་ལྟར་ཆོས་ཐམས་ཅད་རང་གི་མཚན་ཉིད་ཀྱིས་སྟོང་པས་ཤེས་རབ་ཀྱི་ཕ་རོལ་ཏུ་ཕྱིན་པ་ལ་སྤྱད་པར་བྱ་སྟེ། རང་གི་མཚན་ཉིད་ཀྱིས་སྟོང་པའི་ཆོས་ཐམས་ཅད་ལ།,,
,355,1245,1,《པེ་》《སྣར་》,གྱུར།,,
,,1246,2,《པེ་》《སྣར་》,mཔ།,,
,,1247,3,《པེ་》《སྣར་》,mདུ།,,
,,1248,4,《པེ་》《སྣར་》,mཞེས་བྱའོ།,,
,356,1249,1,《པེ་》《སྣར་》,སྐྱེ་བ།,,
,,1250,2,《པེ་》《སྣར་》,རིགས།,,
,,1251,3,《པེ་》《སྣར་》,mགཞན།,,
,,1252,4,《པེ་》《སྣར་》,པོའི།,,
,,1253,5,《པེ་》《སྣར་》,བཅས།,,
,,1254,6,《པེ་》《སྣར་》,mདེ།,,
,,1255,a,,,,
,357,1256,1,《སྣར་》,རྟོག,,
,,1257,2,《པེ་》《སྣར་》,mཐམས་ཅད།,,
,,1258,3,《པེ་》《སྣར་》,mནི།,,
,,1259,4,《པེ་》《སྣར་》,དག,,
,,1260,5,《པེ་》《སྣར་》,དུ་མི་བྱེད་ཅེས།,,
,,a,6,《སྣར་》,གིས་དོན་ཅེས།,,
,359,1261,1,《པེ་》《སྣར་》,པ་སྟེ།,,
,,1262,2,《པེ་》《སྣར་》,mནི།,,
,,1263,3,《སྣར་》,mཡང་།,,
,360,1264,1,《པེ་》《སྣར་》,ཀྱིས།,,
,,1265,2,《པེ་》《སྣར་》,ཀྱིས།,,
,,1266,3,《པེ་》《སྣར་》,ཀྱིས།,,
,361,1267,1,《པེ་》《སྣར་》,བ་དང་།,,
,,1268,2,《པེ་》《སྣར་》,mདུ།,,
,,1269,3,《པེ་》《སྣར་》,mཉིད།,,
,,1270,4,《པེ་》《སྣར་》,mནི།,,
,,1271,5,《པེ་》《སྣར་》,བསྐྱེད།,,
,,1272,6,《པེ་》《སྣར་》,འགྱུར།,,
,,1273,7,《པེ་》《སྣར་》,འགྱུར།,,
,,1274,8,《པེ་》《སྣར་》,འགྱུར་བ་དང་གཅིག་སྟེ།,,
,362,1275,1,《པེ་》《སྣར་》,རིམས་ཀྱིས།,,
,363,1276,1,《པེ་》《སྣར་》,mགང་།,,
,,1277,2,《སྣར་》,བརྟེན།,,
,,1278,3,《པེ་》《སྣར་》,རྒྱུན།,,
,364,1279,1,《པེ་》《སྣར་》,mའདོད་པའི་ཁམས་ཐམས་ཅད་རྒྱུན་ཆད་པར་འགྱུར་རོ།,,
,,1280,2,《པེ་》《སྣར་》,བྱའོ།,,
,,1281,3,《པེ་》《སྣར་》,mཀྱང་།,,
,,1282,4,《པེ་》《སྣར་》,mདེ།,,
,366,1283,1,《པེ་》《སྣར་》,mབཞིན།,,
,,1284,2,《པེ་》《སྣར་》,པར།,,
,,1285,3,《སྣར་》,mཉིད།,,
,367,1286,1,《པེ་》《སྣར་》,mཡོངས་སུ།,,
,,1287,2,《པེ་》《སྣར་》,བྱས།,,
,,1288,3,《པེ་》《སྣར་》,བྱ།,,
,,1289,4,《པེ་》《སྣར་》,སྒོམ།,,
,368,1290,1,《པེ་》《སྣར་》,གྱུར།,,
,,1291,2,《པེ་》《སྣར་》,འགྱུར།,,
,,1292,3,《སྣར་》,གིས།,,
,,1293,4,《སྣར་》,པར།,,
,,1294,5,《པེ་》《སྣར་》,གྱུར་པའི།,,
,,1295,6,《པེ་》《སྣར་》,mཔ།,,
,369,1296,1,《སྣར་》,mམི།,,
,,1297,2,《པེ་》《སྣར་》,pབར་གྱི།,,
,,1298,3,《པེ་》《སྣར་》《ཅོ་》,ལས་བྱུང་།,,
,,1299,4,《སྣར་》,mགྱི།,,
,371,1300,1,《སྣར་》,mམ།,,
,,1301,2,《སྣར་》,སྐྱེད།,,
,,1302,3,《པེ་》《སྣར་》,mཕྲག,,
,373,1303,1,《པེ་》《སྣར་》,འགྱུར་བ།,,
,,1304,2,《པེ་》《སྣར་》,mདེ་དག,,
,,1305,3,《པེ་》《སྣར་》,པ།,,
,,1306,4,《པེ་》《སྣར་》,pདོ།།,,
,374,1307,1,《པེ་》《སྣར་》,pདོ།།,,
,,1308,2,《པེ་》《སྣར་》,བསྒྱུར།,,
,,1309,3,《པེ་》《སྣར་》,mཡང་།,,
,,1310,4,《པེ་》《སྣར་》,mནི།,,
,,1311,5,《པེ་》《སྣར་》,བསྒྱུར།,,
,,1312,6,《པེ་》《སྣར་》,བསྒྱུར།,,
,375,1313,1,《པེ་》《སྣར་》,mཡང་།,,
,376,1314,1,《པེ་》《སྣར་》,pབྱུང་བ་ལས།,,
,377,1315,1,《པེ་》《སྣར་》,mརྣམས།,,
,378,1316,1,《སྣར་》,mཔ།,,
,,1317,2,《པེ་》《སྣར་》,mརྣམས།,,
,,1318,3,《པེ་》《སྣར་》,mརྣམས།,,
,,1319,4,《པེ་》《སྣར་》,mརྣམ་པར་ཐར་པ་…...འཇུག་པ་དགུ་དང།,,
,,1320,5,《པེ་》《སྣར་》,mརྣམས།,,
,,1321,6,《པེ་》《སྣར་》,mརྣམས།,,
,379,1322,1,《པེ་》《སྣར་》,mབཅུ།,,
,380,1323,1,《པེ་》,ཀྱི།,,
,,1324,2,《པེ་》《སྣར་》,mཀྱང་།,,
,,1325,3,《པེ་》《སྣར་》,རྟོགས།,,
,,1326,4,《པེ་》《སྣར་》,སྨོས།,,
,,1327,5,《པེ་》《སྣར་》,mཡང་།,,
,381,1328,1,《པེ་》《སྣར་》,བསྲུང་།,,
,,1329,2,《པེ་》《སྣར་》,བསྒོམ།,,
,,1330,3,《པེ་》《སྣར་》,པར།,,
,382,1331,1,《པེ་》《སྣར་》,pདུ།,,
,,1332,2,《པེ་》《སྣར་》,mནི།,,
,383,1333,1,《སྣར་》,ལྟ།,,
,,1334,2,《པེ་》《སྣར་》,དོ།།,,
,,1335,3,《པེ་》《སྣར་》,ཞེས།,,
,,a,4,《པེ་》《སྣར་》,ཞེས།,,
,384,1336,1,《པེ་》《སྣར་》,དེ།,,
,385,1337,1,《པེ་》《སྣར་》,pདོ།།,,
,,1338,2,《པེ་》《སྣར་》,pདོ།།,,
,386,1339,1,《པེ་》《སྣར་》,ཚིག,,
,,1340,2,《པེ་》《སྣར་》,དེས།,,
,389,1341,1,《པེ་》《སྣར་》,mནི།,,
,,1342,2,《པེ་》《སྣར་》,mདེ།,,
,391,1343,1,《པེ་》《སྣར་》,mདོ།,,
,,1344,2,《པེ་》《སྣར་》,mསྤྱོད་པ་དེ་དག,,
,392,1345,1,《པེ་》《སྣར་》,ལྟུང་།,,
,,1346,2,《པེ་》《སྣར་》,འཕྲོགས།,,
,,1347,3,《པེ་》《སྣར་》,འཕྲོགས་པར།,,
,,1348,4,《སྣར་》,mསྟོང་པ་ཉིད།,,
,393,1349,1,《པེ་》《སྣར་》,pཐམས་ཅད།,,
,,1350,2,《པེ་》《སྣར་》,mརྣམས།,,
,394,1351,1,《པེ་》《སྣར་》,གི།,,
,,1352,2,《པེ་》《སྣར་》,ཀྱི་སྙད།,,
,,1353,3,《པེ་》《སྣར་》,རྟོགས།,,
,,1354,4,《པེ་》《སྣར་》,pཀྱང་།,,
,,1355,5,《པེ་》《སྣར་》,mརང་།,,
,395,1356,1,《པེ་》《སྣར་》,mཡང་།,,
,396,1357,1,《སྣར་》,པ།,,
,397,1358,1,《པེ་》《སྣར་》,པའི།,,
,,1359,2,《པེ་》《སྣར་》,mསེམས་ཅན།,,
,,1360,3,《པེ་》《སྣར་》,སྐྱབས།,,
,,1361,4,《པེ་》《སྣར་》,བསྲུང་སྟེ།,,
,,1362,5,《པེ་》《སྣར་》,mརོ།།,,
,,1363,6,《པེ་》《སྣར་》,pརོ།,,
,398,1364,1,《པེ་》《སྣར་》,mའཁྲུག,,
,,1365,2,《སྣར་》,ཆལ།,,
,,1366,3,《པེ་》《སྣར་》,pཡང་།,,
,,1367,4,《པེ་》《སྣར་》,pཕྱིར།,,
,399,1368,1,《པེ་》《སྣར་》,འཁྲུག,,
,,1369,2,《པེ་》《སྣར་》,mངའི་ང་རྒྱལ་ལམ།,,
,,1370,3,《པེ་》《སྣར་》,pཆོས་ཀྱི།,,
,,1371,4,《པེ་》《སྣར་》,pཔ།,,
,400,1372,1,《པེ་》《སྣར་》,བསྟན།,,
,,1373,2,《པེ་》《སྣར་》,བསྟན།,,
,,1374,3,《པེ་》《སྣར་》,སྙོམས།,,
,,1375,4,《པེ་》《སྣར་》,དོ།།,,
,,1376,5,《སྣར་》,པ།,,
,401,1377,1,《པེ་》《སྣར་》,བསྲུང་།,,
,,1378,2,《པེ་》《སྣར་》,འགྲོའམ།,,
,402,1379,1,《པེ་》《སྣར་》,བར།,,
,,1380,2,《པེ་》《སྣར་》,སྒོམ།,,
,404,1381,1,《པེ་》《སྣར་》,pཉིད།,,
,,1382,2,《པེ་》《སྣར་》,pདེ།,,
,,1383,3,《པེ་》《སྣར་》,སྒོམ།,,
,,1384,4,《སྣར་》,ཀྱིས།,,
,,1385,5,《པེ་》《སྣར་》,ལ།,,
,406,1386,1,《པེ་》《སྣར་》,དེ།,,
,,1387,2,《པེ་》《སྣར་》,mརྣམས།,,
,,1388,3,《པེ་》《སྣར་》,དེས།,,
,,1389,4,《པེ་》《སྣར་》,pབཞི།,,
,407,1390,1,《པེ་》《སྣར་》,ལས།,,
,408,1391,1,《པེ་》《སྣར་》,སྟེ།,,
,,1392,2,《པེ་》《སྣར་》,པ།,,
,409,1393,1,《པེ་》《སྣར་》,པར།,,
,,1394,2,《པེ་》《སྣར་》,སྤྱོས།,,
,,1395,3,《པེ་》《སྣར་》,སྤྱོས།,,
,,1396,4,《པེ་》《སྣར་》,སྤྱོས།,,
,410,1397,1,《པེ་》《སྣར་》,pའདི།,,
,411,1398,1,《པེ་》《སྣར་》,mཔ།,,
,412,1399,1,《པེ་》《སྣར་》,བས།,,
,,1400,2,《སྣར་》,བ།,,
,413,1401,1,《པེ་》《སྣར་》,pཔ།,,
,,1402,2,《སྣར་》,བ།,,
,,1403,3,《པེ་》《སྣར་》,pདགུ།,,
,,1404,4,《པེ་》《སྣར་》,mལ།,,
,414,1405,1,《པེ་》《སྣར་》,mདེ་ལས།,,
,,1406,2,《པེ་》《སྣར་》,mརྣམས།,,
,415,1407,1,《པེ་》《སྣར་》,mམངོན་པར་ཤེས་པ་དང་།,,
,,1408,2,《པེ་》《སྣར་》,སྤང་བ།,,
,416,1409,1,《སྣར་》,mདང་།,,
,,1410,2,《པེ་》《སྣར་》,mཉིད།,,
,417,1411,1,《པེ་》《སྣར་》,པའོ།,,
,418,1412,1,《སྣར་》,གྱུར།,,
,419,1413,1,《པེ་》《སྣར་》,སྒོམ།,,
,420,1414,1,《པེ་》《སྣར་》,mཉིད།,,
,,1415,2,《པེ་》《སྣར་》,དཔའི།,,
,,1416,3,《པེ་》《སྣར་》,ཏེ།,,
,,1417,4,《པེ་》《སྣར་》,པའམ།,,
,,1418,5,《པེ་》《སྣར་》,ཐོབ་པའམ།,,
,,1419,6,《པེ་》《སྣར་》,དཔའ།,,
,,1420,7,《པེ་》《སྣར་》,mམི།,,
,,1421,8,《པེ་》《སྣར་》,mསེམས་དཔའ།,,
,421,1422,1,《པེ་》,pཔ།,,
,,1423,2,《པེ་》《སྣར་》,ལ།,,
,,1424,3,《པེ་》《སྣར་》,ཀྱིས།,,
,,1425,4,《པེ་》《སྣར་》,པ།,,
,,1426,5,《པེ་》《སྣར་》,mདང་།,,
,422,1427,1,《པེ་》《སྣར་》,ཀྱིས།,,
,,1428,2,《པེ་》《སྣར་》,ཀྱི།,,
,,1429,3,《སྣར་》,mདག,,
,,1430,4,《སྣར་》,གདུལ།,,
,,1431,a,,,,
,423,1432,1,《སྣར་》,བཟུང་།,,
,,1433,2,《པེ་》,བྱའོ།།,,
,,1434,3,《སྣར་》,བྱང་།,,
,,1435,4,《སྣར་》,ཀྱིས།,,
,,1436,5,《པེ་》《སྣར་》,རིས།,,
,424,1437,1,《པེ་》《སྣར་》,བྱའོ།།,,
,,1438,2,《སྣར་》,mལྷ།,,
,425,1439,1,《པེ་》《སྣར་》,mཀྱང་།,,
,,1440,2,《པེ་》,mདག,,
,,1441,3,《སྣར་》,པར།,,
,,1442,4,《པེ་》《སྣར་》,འདི།,,
,426,1443,1,《པེ་》《སྣར་》,pདང་།,,
,,1444,2,《པེ་》《སྣར་》,pཔ།,,
,,1445,3,《པེ་》《སྣར་》,pསེམས་དཔས།,,
,,1446,4,《པེ་》《སྣར་》,mལ།,,
,,1447,5,《པེ་》《སྣར་》,གང་།,,
,,1448,6,《པེ་》《སྣར་》,mཔར་བྱེད།,,
,,1449,7,《པེ་》《སྣར་》,mཞེས་བཤད་དོ།,,
,427,1450,1,《སྣར་》,mལག,,
,428,1451,1,《པེ་》《སྣར་》,བཟུད།,,
,,1452,2,《པེ་》《སྣར་》,ཏེ།,,
,,1453,3,《པེ་》《སྣར་》,པའི།,,
,429,1454,1,《པེ་》《སྣར་》,pདང་།,,
,,1455,2,《པེ་》《སྣར་》,mབ།,,
,,1456,3,《སྣར་》,mཡང་།,,
,430,1457,1,《པེ་》《སྣར་》,mཔས།,,
,,1458,2,《པེ་》《སྣར་》,mནི།,,
,,1459,3,《སྣར་》,ཐོག་མ།,,
,431,1460,1,《པེ་》《སྣར་》,mབསྟན་དུ་མེད་པ་དང་།,,
,,1461,2,《པེ་》《སྣར་》,རྟོགས།,,
,,1462,3,《པེ་》,pརྣམས།,,
,433,1463,1,《སྣར་》,གཞུགས།,,
,,1464,2,《པེ་》《སྣར་》,མ།,,
,434,1465,1,《པེ་》《སྣར་》,ད་ལྟ།,,
,435,1466,1,《པེ་》《སྣར་》,འགོད།,,
,,1467,2,《པེ་》《སྣར་》,དངོས།,,
,,1468,3,《སྣར་》,ཅིག,,
,,1469,4,《པེ་》《སྣར་》,mནོ།,,
,,1470,5,《པེ་》《སྣར་》,བསྒོམ།,,
,,1471,6,《པེ་》《སྣར་》,བསྒོམ།,,
,436,1472,1,《པེ་》《སྣར་》,སྒོམ་པ།,《ཅོ་》,བསྒོམ་པ་ནི།,
,,1473,2,《པེ་》《སྣར་》,pཔ།,,
,,1474,3,《སྣར་》,འཇིགས།,,
,439,1475,1,《པེ་》《སྣར་》,mརྣམ་པར།,,
,,1476,2,《པེ་》《སྣར་》,སྤྱོད།,,
,,1477,3,《པེ་》《སྣར་》,པ་ལ་སྤྱོད།,,
,,1478,4,《པེ་》《སྣར་》,སྤྱོད།,,
,442,1479,1,《སྣར་》,mཔ།,,
,,1480,2,《པེ་》《སྣར་》,ཀྱི།,,
,443,1481,1,《པེ་》《སྣར་》,སྤྱོད།,,
,,1482,2,《པེ་》《སྣར་》,སྤྱོད།,,
,,1483,3,《པེ་》《སྣར་》,mཔ་ཤེས།,,
,,1484,4,《པེ་》《སྣར་》,pཔ།,,
,445,1485,1,《པེ་》《སྣར་》,ཤེས།,,
,446,1486,1,《པེ་》《སྣར་》,སྤྱོད།,,
,,1487,2,《པེ་》《སྣར་》,སྤྱོད།,,
,,1488,3,《པེ་》《སྣར་》,ཀྱིས།,,
,447,1489,1,《པེ་》《སྣར་》,འགྱུར་བས།,,
,448,1490,1,《སྣར་》,mཡས།,,
,,1491,2,《པེ་》《སྣར་》,བའི།,,
,449,1492,1,《པེ་》《སྣར་》,སྤྱོད།,,
,,1493,2,《པེ་》《སྣར་》,པ་ལ་སྤྱོད།,《སྣར་》,ལ་སྤྱོད།,
,,1494,3,《པེ་》《སྣར་》,སྤྱོད།,,
,,1495,4,《པེ་》《སྣར་》,mབར་གྱི།,,
,450,1496,1,《པེ་》《སྣར་》,mདེ།,,
,,1497,2,《པེ་》《སྣར་》,mདེ།,,
,,1498,3,《པེ་》《སྣར་》,གྲོལ།,,
,,1499,4,《པེ་》《སྣར་》,mཡོངས་སུ།,,
,,1500,5,《པེ་》《སྣར་》,mཡོངས་སུ།,,
,452,1501,1,《པེ་》《སྣར་》,mམ།,,
,,1502,2,《པེ་》《སྣར་》,pདེ།,,
,453,1503,1,《པེ་》《སྣར་》,དང་།,,
,,1504,2,《པེ་》《སྣར་》,mལྟ།,,
,,1505,3,《པེ་》《སྣར་》,mལྟ།,,
,,1506,4,《སྣར་》,mན།,,
,,1507,5,《པེ་》《སྣར་》,སྐྱེད།,,
,454,1508,1,《སྣར་》,mཔ།,,
,,1509,2,《པེ་》《སྣར་》,mརྣམས།,,
,,1510,3,《སྣར་》,mཔ།,,
,455,1511,1,《པེ་》《སྣར་》,ཤི།,,
,,1512,2,《པེ་》《སྣར་》,mཀུན།,,
,,1513,3,《པེ་》《སྣར་》,བར།,,
,,1514,4,《པེ་》《སྣར་》,བར།,,
,,1515,5,《པེ་》《སྣར་》,mབ་སྤང་།,,
,,1516,6,《པེ་》《སྣར་》,པར།,,
,,1517,7,《པེ་》《སྣར་》,དོ།།,,
,456,1518,1,《པེ་》《སྣར་》,mབའམ།,,
,,1519,2,《པེ་》《སྣར་》,སྒྱུར།,,
,,1520,3,《པེ་》《སྣར་》,pང་།,,
,,1521,4,《པེ་》《སྣར་》,སྤྱོད།,,
,,1522,5,《པེ་》《སྣར་》,གིས་མཚན།,,
,457,1523,1,《པེ་》《སྣར་》,མྱོང་།,,
,,1524,2,《པེ་》《སྣར་》,mགིས།,,
,,1525,3,《པེ་》《སྣར་》,གིས།,,
,,1526,4,《པེ་》《སྣར་》,pཏོ།,,
,,1527,5,《པེ་》《སྣར་》,mརོ།,,
,,1528,6,《པེ་》《སྣར་》,ཡོངས་སུ།,,
,458,1529,1,《པེ་》《སྣར་》,གྱུར་པ།,《པེ་》《སྣར་》,mཡང་།,
,,1530,2,《པེ་》《སྣར་》,mཔ།,,
,,1531,3,《པེ་》《སྣར་》,mཔ།,,
,,1532,4,《སྣར་》,འགྱུར།,,
,,1533,a,,,,
,459,1534,1,《པེ་》《སྣར་》,སྒོམ།,,
,,1535,2,《སྣར་》,གྱིས།,,
,,1536,3,《པེ་》《སྣར་》,མོ།,,
,,1537,4,《པེ་》《སྣར་》,བསླབ།,,
,,1538,5,《པེ་》《སྣར་》,པའི།,,
,460,1539,1,《པེ་》《སྣར་》,སྤྱོད།,,
,,1540,2,《པེ་》《སྣར་》,སྤྱོད།,,
,,1541,3,《པེ་》《སྣར་》,mམ།,,
,461,1542,1,《པེ་》《སྣར་》,གྱིས།,,
,,1543,2,《པེ་》《སྣར་》,འགོད།,,
,,1544,3,《པེ་》《སྣར་》,པ།,,
,462,1545,1,《པེ་》《སྣར་》,གིས།,,
,,1546,2,《པེ་》《སྣར་》,mརབ་ཏུ།,,
,463,1547,1,《པེ་》《སྣར་》,mརྣམས།,,
,,1548,2,《པེ་》《སྣར་》,mརྣམས།,,
,,1549,3,《པེ་》《སྣར་》,བར།,,
,464,1550,1,《པེ་》《སྣར་》,mཔར་བྱས།,,
,,1551,2,《སྣར་》,ཀྱིས།,,
,465,1552,1,《པེ་》《སྣར་》,mཡང་།,,
,,1553,2,《པེ་》《སྣར་》,པ།,,
,466,1554,1,《པེ་》《སྣར་》,བརྩོམ།,,
,,1555,2,《སྣར་》,གའི།,,
,467,1556,1,《སྣར་》,བསྐོད།,,
,,1557,2,《པེ་》《སྣར་》,ཀྱི།,,
,,1558,3,《པེ་》《སྣར་》,བར།,,
,468,1559,1,《པེ་》《སྣར་》,བསྲུང་།,,
,,1560,2,《པེ་》《སྣར་》,བསྒྲུབ།,,
,469,1561,1,《པེ་》《སྣར་》,བསྲུང་།,,
,,1562,2,《པེ་》《སྣར་》,pཡང་།,,
,470,1563,1,《པེ་》《སྣར་》,སློབ།,,
,,1564,2,《པེ་》《སྣར་》,པོས།,,
,,1565,3,《པེ་》《སྣར་》,mདེ།,,
,471,1566,1,《པེ་》《སྣར་》,ཅུ།,,
,,1567,2,《སྣར་》,pཔ།,,
,,1568,3,《པེ་》《སྣར་》,པ།,,
,,1569,4,《པེ་》《སྣར་》,pམ།,,
,472,1570,1,《པེ་》《སྣར་》,པོས།,,
,,1571,2,《པེ་》《སྣར་》,པས།,,
,474,1572,1,《པེ་》《སྣར་》,mདག,,
,476,1573,1,《སྣར་》,པའི།,,
,,1574,2,《པེ་》《སྣར་》,དེ།,,
,,1575,3,《པེ་》《སྣར་》,mདག,,
,477,1576,1,《པེ་》,སྟོང་པ།,,
,,1577,2,《པེ་》《སྣར་》,པ་ན།,,
,,1578,3,《པེ་》《སྣར་》,སྟོང་པ།,,
,,1579,4,《པེ་》《སྣར་》,དེ།,,
,,1580,5,《པེ་》《སྣར་》,mའདི།,,
,,1581,6,《པེ་》《སྣར་》,བཏང་།,,
,,1582,7,《པེ་》《སྣར་》,mདག,,
,,1583,8,《པེ་》《སྣར་》,mན།,,
,479,1584,1,《པེ་》《སྣར་》,mདགུ།,,
,,1585,2,《པེ་》《སྣར་》,pརབ་འབྱོར་དེ་ལྟར་ན་བྱང་ཆུབ་སེམས་དཔའ། སེམས་དཔའ་ཆེན་པོ་ཆོས་ཐམས་ཅད་དངོས་པོ་མེད་པའི་ངོ་བོ་ཉིད་ལ་སློབ་པའི་མཐར་གྱིས་པའི་སྤྱོད་པ་ཡོད་པ་ཡིན། མཐར་གྱིས་པའི་བསླབ་པ་ཡོད་པ་ཡིན། མཐར་གྱིས་འཇུག་པའི་ལམ་ཡོད་པ་ཡིན་ཏེ། དེ་ལ་སེམས་དང་སྤྱོད་པ་དང་བསླབ་པར་འཇུག་པར་འགྱུར་རོ།།,,
,,a,3,《པེ་》《སྣར་》,པ་དང་།,,
,480,1586,1,《པེ་》《སྣར་》,དང་།,,
,,1587,2,《པེ་》《སྣར་》,mརབ་འབྱོར་དེ་ལྟར་…...འཇུག་པར་འགྱུར་རོ། །,,
,481,1588,1,《པེ་》《སྣར་》,mསམ།,,
,,1589,2,《པེ་》《སྣར་》,འམ།,,
,482,1590,1,《པེ་》《སྣར་》,mཀྱང་།,,
,,1591,2,《པེ་》《སྣར་》,འགྱུར།,,
,483,1592,1,《པེ་》《སྣར་》,འཇིགས།,,
,,1593,2,《པེ་》《སྣར་》,ཀྱི།,,
,,1594,3,《པེ་》《སྣར་》,སྨྲས་པ།,,
,484,1595,1,《སྣར་》,pཔ།,,
,485,1596,1,《པེ་》《སྣར་》,pཏེ།,,
,,1597,2,《པེ་》《སྣར་》,བགྱིད།,,
,,1598,3,《པེ་》《སྣར་》,mཕྲེང་བ་དང་།,,
,,1599,4,《སྣར་》,གིས།,,
,486,1600,1,《པེ་》《སྣར་》,mཡང་།,,
,,1601,2,《པེ་》《སྣར་》,གྲོར།,,
,,1602,3,《པེ་》《སྣར་》,mདེ་ལ།,,
,487,1603,1,《པེ་》《སྣར་》,བསྲུང་།,,
,,1604,2,《སྣར་》,དང་།,,
,488,1605,1,《སྣར་》,ལྔ།,,
,,1606,2,《པེ་》《སྣར་》,རྟོག,,
,,1607,3,《པེ་》《སྣར་》,mའཕགས་པ།,,
,,1608,4,《པེ་》《སྣར་》,mམ།,,
,,1609,5,《པེ་》《སྣར་》,རིམས་ཀྱིས་འཇུག་པའི།,,
,490,1610,1,《པེ་》《སྣར་》,བསྲུངས་པ།,,
,,1611,2,《པེ་》《སྣར་》,mལ།,,
,,1612,3,《སྣར་》,mཔར།,,
,,1613,4,《སྣར་》,གྱིས།,,
,,1614,5,《པེ་》《སྣར་》,mརྣམས།,,
,,1615,6,《པེ་》《སྣར་》,pགང་།,,
,491,1616,1,《པེ་》《སྣར་》,mཔ།,,
,,1617,2,《པེ་》《སྣར་》,mདེ་བཞིན་གཤེགས་པའི།,,
,,1618,3,《པེ་》《སྣར་》,mསེམས་ཅན།,,
,492,1619,1,《པེ་》《སྣར་》,mཐམས་ཅད།,,
,,1620,2,《པེ་》《སྣར་》,བསྲུང་།,,
,493,1621,1,《པེ་》《སྣར་》,mཔར་རིག,,
,,1622,2,《པེ་》《སྣར་》,pལ།,,
,494,1623,1,《པེ་》《སྣར་》,pནང་དུ།,,
,,1624,2,《པེ་》《སྣར་》,mངོ་།,,
,495,1625,1,《པེ་》《སྣར་》,mདག,,
,,1626,2,《པེ་》《སྣར་》,mཡང་།,,
,,1627,3,《པེ་》《སྣར་》,བསྲུང་།,,
,496,1628,1,《པེ་》《སྣར་》,mཀྱིས།,,
,,1629,2,《པེ་》《སྣར་》,mཡང་།,,
,500,1630,1,《པེ་》《སྣར་》,mབཟང་བ་དང་། བཏུང་བ་དང་། …...དེའི་ཡོ་བྱད་བསམས་པ་ཙམ་གྱིས་འགྲུབ་པོ།། (ཞེས་པའི་གཡུང་དྲུང་རྟགས་བར་གྱི་ཡི་གེ་རྣམས་《པེ་》《སྣར་》ལ་མི་བཞུགས་པས་དཔེ་སྡུར་བྱུང་མེད།),,
,,1631,2,《སྣར་》,བསམ།,,
,,1632,3,《པེ་》《སྣར་》,པོའི།,,
,,1633,4,《པེ་》《སྣར་》,mདེ།,,
,501,1634,1,《པེ་》《སྣར་》,mདང་།,,
,,1635,2,《པེ་》《སྣར་》,ཀྱི།,,
,,1636,3,《སྣར་》,mལ།,,
,,1637,4,《པེ་》《སྣར་》,དང་།,,
,,1638,5,《པེ་》《སྣར་》,mཚངས་རིས་དང་།,,
,502,1639,1,《སྣར་》,བུ་དང་།,,
,,1640,2,《པེ་》《སྣར་》,བསྒྱུར།,,
,,1641,3,《པེ་》《སྣར་》,དུའོ།།,,
,,1642,4,《པེ་》《སྣར་》,mནི།,,
,,1643,5,《པེ་》《སྣར་》,ཁྲིམས་ཀྱིས།,,
,504,1644,1,《སྣར་》,mབྱང་ཆུབ་ལ་རབ་ཏུ་གཞོག་གོ།,,
,,1645,2,《པེ་》《སྣར་》,སྟེ།,,
,,1646,3,《སྣར་》,mམ།,,
,,1647,4,《པེ་》《སྣར་》,སྤོབས།,,
,,1648,5,《པེ་》《སྣར་》,འཁྲུག,,
,,1649,6,《པེ་》《སྣར་》,སྐྱེ་བར།,,
,,1650,7,《པེ་》《སྣར་》,འབྲུ།,,
,,1651,8,《པེ་》《སྣར་》,བ།,,
,505,1652,1,《པེ་》《སྣར་》,འབྲུ།,,
,,1653,2,《པེ་》《སྣར་》,བརྡེག,,
,,1654,3,《པེ་》《སྣར་》,བརྟག,,
,,1655,4,《པེ་》《སྣར་》,མི།,,
,,1656,5,《པེ་》《སྣར་》,mརྣམས།,,
,,1657,6,《པེ་》《སྣར་》,mདེ།,,
,506,1658,1,《པེ་》《སྣར་》,དེའི།,,
,,1659,2,《པེ་》《སྣར་》,མིའི།,,
,,1660,3,《པེ་》《སྣར་》,pདུ།,,
,,1661,4,《པེ་》《སྣར་》,mཉིད།,,
,,1662,5,《པེ་》《སྣར་》,ཀྱི།,,
,507,1663,1,《པེ་》《སྣར་》,ཀྱིས།,,
,,1664,2,《པེ་》《སྣར་》,སྐུལ།,,
,,1665,3,《པེ་》《སྣར་》,གྱི།,,
,508,1666,1,《པེ་》《སྣར་》,དེ།,,
,,1667,2,《པེ་》《སྣར་》,ཀྱི།,,
,,1668,3,《པེ་》《སྣར་》,ནས།,,
,,1669,4,《པེ་》《སྣར་》,mགང་།,,
,,1670,5,《པེ་》《སྣར་》,དོ།།,,
,,1671,6,《པེ་》《སྣར་》,mམང་པོ།,,
,509,1672,1,《པེ་》《སྣར་》,བྱས།,,
,,1673,2,《པེ་》《སྣར་》,mཆོས་ཅི་ལྟར།,,
,,1674,3,《སྣར་》,བྱེད།,,
,,1675,4,《སྣར་》,གིས།,,
,511,1676,1,《པེ་》《སྣར་》,བ།,,
,,1677,2,《པེ་》《སྣར་》,འདི།,,
,,1678,3,《པེ་》《སྣར་》,དོ།།,,
,512,1679,1,《པེ་》《སྣར་》,pདེ།,,
,,1680,2,《པེ་》《སྣར་》,པར།,,
,,1681,3,《པེ་》《སྣར་》,mདེ།,,
,,1682,4,《སྣར་》,པ་དང་།,,
,,1683,5,《པེ་》,པ་དང་།,,
,,1684,6,《པེ་》《སྣར་》,pགང་དང་།,,
,,1685,7,《པེ་》《སྣར་》,mསེམས་ཅན་རྣམས་ཀྱི་དོན་དུ་བར་འགའ་བདག་འགྱེད་དོ།།,,
,,1686,8,《པེ་》《སྣར་》,པར།,,
,,1687,9,《པེ་》《སྣར་》,རྫུན།,,
,,1688,10,《པེ་》《སྣར་》,བཀྱལ།,,
,513,1689,1,《པེ་》《སྣར་》,mཀྱང་།,,
,,1690,2,《པེ་》《སྣར་》,སྟེ།,,
,,1691,3,《པེ་》《སྣར་》,སྤྱོད།,,
,514,1692,1,《པེ་》《སྣར་》,mབསམ་གཏན་གྱི།,,
,,1693,2,《སྣར་》,པའི།,,
,,1694,3,《པེ་》《སྣར་》,ཀློག,,
,,1695,4,《པེ་》《སྣར་》,ཀྱི།,,
,515,1696,1,《པེ་》《སྣར་》,ཞིང་།,,
,,1697,2,《པེ་》《སྣར་》,དོ།།,,
,,1698,3,《པེ་》《སྣར་》,འཛིན་ཏོ།,,
,,1699,4,《པེ་》《སྣར་》,mལ་ལ་ནི།,,
,516,1700,1,《པེ་》《སྣར་》,mདེ།,,
,,1701,2,《པེ་》《སྣར་》,འདི།,,
,,1702,3,《པེ་》《སྣར་》,པ།,,
,,1703,4,《པེ་》《སྣར་》,mསྙིང་རྗེ་ཆེན་པོ་པོས་ཡོངས་སུ་བཟུང་སྟེ།,,
,,1704,5,《པེ་》《སྣར་》,བཏགས།,,
,,1705,6,《པེ་》,མཚན་མ།,,
,517,1706,1,《པེ་》《སྣར་》,འགྲོའི།,,
,,1707,2,《པེ་》《སྣར་》,ཀྱིས།,,
,518,1708,1,《པེ་》《སྣར་》,mརྣམས།,,
,519,1709,1,《པེ་》《སྣར་》,mམི།,,
,,1710,2,《པེ་》《སྣར་》,mཔོ།,,
,520,1711,1,《པེ་》《སྣར་》,pཡོད།,,
,521,1712,1,《པེ་》《སྣར་》,བཟུང་།,,
,,1713,2,《པེ་》《སྣར་》,mརྣམས།,,
,,1714,3,《པེ་》《སྣར་》,བཟུང་།,,
,,1715,4,《པེ་》《སྣར་》,བཟུང་།,,
,,1716,5,《པེ་》《སྣར་》,བཟུང་།,,
,,1717,6,《པེ་》《སྣར་》,བཟུང་།,,
,,1718,7,《པེ་》《སྣར་》,བཟུང་།,,
,,1719,8,《པེ་》《སྣར་》,བཟུང་།,,
,522,1720,1,《པེ་》《སྣར་》,ཀྱི།,,
,523,1721,1,《པེ་》《སྣར་》,ཇི།,,
,,1722,2,《པེ་》《སྣར་》,བསྲུང་།,,
,,1723,3,《པེ་》《སྣར་》,mཉེ་བར།,,
,,1724,4,《པེ་》《སྣར་》,mབསྲུང་།,,
,524,1725,1,《པེ་》《སྣར་》,ཚད་མེད།,,
,,1726,2,《པེ་》《སྣར་》,pཔ།,,
,525,1727,1,《པེ་》《སྣར་》,mཔ།,,
,,1728,2,《པེ་》《སྣར་》,གྱི།,,
,,1729,3,《པེ་》《སྣར་》,ཀྱིས།,,
,,1730,4,《པེ་》《སྣར་》,གྱི།,,
,,1731,5,《པེ་》《སྣར་》,ཀྱི།,,
,,1732,6,《སྣར་》,བསྡུད།,,
,,1733,7,《པེ་》《སྣར་》,སྒྱུར།,,
,526,1734,1,《པེ་》《སྣར་》,mདེ།,,
,,1735,2,《པེ་》《སྣར་》,mཐམས་ཅད།,,
,,1736,3,《སྣར་》,མོངས།,,
,,1737,4,《པེ་》《སྣར་》,mགཞན་ཡང་།,,
,,1738,5,《པེ་》《སྣར་》,བུ།,,
,527,1739,1,《པེ་》《སྣར་》,དེ།,,
,,1740,2,《པེ་》《སྣར་》,བརྡའ།,,
,,1741,3,《པེ་》《སྣར་》,རིས།,,
,,1742,4,《པེ་》《སྣར་》,འམ།,,
,528,1743,1,《པེ་》《སྣར་》,mནི།,,
,,1744,2,《པེ་》《སྣར་》,ཀྱི།,,
,,1745,3,《པེ་》《སྣར་》,pཡང་།,,
,,1746,4,《པེ་》《སྣར་》,བར།,,
,,1747,5,《པེ་》《སྣར་》,སུ།,,
,529,1748,1,《པེ་》《སྣར་》,དེའི་ཚེ།,,
,,1749,2,《པེ་》《སྣར་》,ཡོངས་སུ།,,
,530,1750,1,《པེ་》《སྣར་》,ཀྱི།,,
,,1751,2,《པེ་》《སྣར་》,mདུ།,,
,,1752,3,《པེ་》《སྣར་》,བ།,,
,,1753,4,《པེ་》《སྣར་》,mའཁྲུག,,
,,1754,5,《པེ་》《སྣར་》,གི།,,
,531,1755,1,《པེ་》《སྣར་》,འདི།,,
,,1756,2,《པེ་》《སྣར་》,གི།,,
,,1757,3,《པེ་》《སྣར་》,བརྡེགས།,,
,,1758,4,《པེ་》《སྣར་》,mཡང་།,,
,,1759,5,《པེ་》《སྣར་》,འདི།,,
,532,1760,1,《སྣར་》,ཀྱིས།,,
,,1761,2,《པེ་》《སྣར་》,པར།,,
,533,1762,1,《པེ་》《སྣར་》,དག,,
,,1763,2,《པེ་》《སྣར་》,mམཚན་མ་མེད་པའི།,,
,534,1764,1,《པེ་》《སྣར་》,དེ།,,
,535,1765,1,《པེ་》《སྣར་》,ཀྱང་།,,
,,1766,2,《པེ་》《སྣར་》,འགྱུར་བའི་སྒྲ་དེས།,,
,536,1767,1,《པེ་》《སྣར་》,ནི།,,
,,1768,2,《སྣར་》,མོངས་པའམ།,,
,,1769,3,《པེ་》《སྣར་》,ཀྱི།,,
,537,1770,1,《པེ་》《སྣར་》,mཡང་།,,
,,1771,2,《པེ་》《སྣར་》,ཀྱི།,,
,,1772,3,《པེ་》《སྣར་》,པར།,,
,,1773,4,《པེ་》《སྣར་》,mརོ།,,
,,1774,5,《པེ་》《སྣར་》,ཀྱི།,,
,,1775,6,《པེ་》《སྣར་》,pཏེ།,,
,,1776,7,《པེ་》《སྣར་》,pགི་དབང་།,,
,,1777,8,《པེ་》《སྣར་》,pཉིད།,,
,,1778,9,《པེ་》《སྣར་》,གྱི།,,
,,1779,10,《པེ་》《སྣར་》,གྱི།,,
,,1780,11,《པེ་》《སྣར་》,བརླབས།,,
,,1781,12,《པེ་》《སྣར་》,བརླབས།,,
,538,1782,1,《པེ་》《སྣར་》,mརྣམས།,,
,539,1783,1,《པེ་》《སྣར་》,mརྣམས།,,
,540,1784,1,《པེ་》《སྣར་》,mརྣམས།,,
,,1785,2,《པེ་》《སྣར་》,གི།,,
,,1786,3,《པེ་》《སྣར་》,mརྣམས།,,
,,1787,4,《པེ་》《སྣར་》,ཐམས་ཅད།,,
,541,1788,1,《པེ་》《སྣར་》,དོ།།,,
,,1789,2,《པེ་》《སྣར་》,mདེ།,,
,,1790,3,《པེ་》《སྣར་》,mཀྱང་།,,
,,1791,4,《པེ་》《སྣར་》,གི།,,
,,1792,5,《པེ་》《སྣར་》,ལྟུང་།,,
,,1793,6,《པེ་》,སྒྱུ་མར་དམིགས་སུ།,《སྣར་》,སྒྱུ་མར་དམིགས།,
,,1794,7,《པེ་》《སྣར་》,mཡོངས་སུ།,,
,542,1795,1,《པེ་》《སྣར་》,བུ།,,
,,1796,2,《པེ་》《སྣར་》,mརྟོགས་པའི་མཚན་ཉིད་…...སྐད་ཅིག་གིས་མངོན་པར།,,
,,1797,3,《པེ་》《སྣར་》,mངོ་།,,
,,1798,4,《པེ་》《སྣར་》,pཔ།,,
,,1799,5,《པེ་》《སྣར་》,pགི་ཡོར་མི་མཐོང་།,,
,543,1800,1,《པེ་》,mཕྱིན།,,
,544,1801,1,《པེ་》《སྣར་》,mཡང་།,,
,,1802,2,《པེ་》《སྣར་》,དམ།,,
,,1803,3,《པེ་》《སྣར་》,དང་།,,
,545,1804,1,《པེ་》《སྣར་》,གནས།,,
,,1805,2,《པེ་》《སྣར་》,དེ།,,
,,1806,3,《པེ་》《སྣར་》,སྐྱེ་བར།,,
,,1807,4,《པེ་》《སྣར་》,དབྱེར།,,
,,1808,5,《པེ་》《སྣར་》,པའོ།,,
,546,1809,1,《པེ་》,སེམས་དཔའ་གང་ཡང་།,《སྣར་》,སེམས་གང་ཡང་།,
,,1810,2,《པེ་》《སྣར་》,ཀྱི།,,
,,1811,3,《པེ་》《སྣར་》,ཤེས།,,
,,1812,4,《སྣར་》,མོངས།,,
,547,1813,1,《པེ་》《སྣར་》,གྱི།,,
,,1814,2,《པེ་》《སྣར་》,བྱེད་དོ།,,
,,1815,3,《པེ་》《སྣར་》,དུལ།,,
,,1816,4,《པེ་》《སྣར་》,mསྟེ།,,
,548,1817,1,《པེ་》《སྣར་》,པ་བརྒྱན།,,
,,1818,2,《པེ་》《སྣར་》,གིས།,,
,,1819,3,《པེ་》《སྣར་》,mདུ།,,
,,1820,4,《པེ་》《སྣར་》,mདེ་དག,,
,549,1821,1,《སྣར་》,པར།,,
,,1822,2,《པེ་》《སྣར་》,ཤེས།,,
,,1823,3,《པེ་》《སྣར་》,mདག,,
,,1824,4,《པེ་》《སྣར་》,པ་ལ།,,
,,1825,5,《པེ་》《སྣར་》,པོ།,,
,,1826,6,《པེ་》《སྣར་》,སློབ།,,
,550,1827,1,《པེ་》《སྣར་》,གྱི།,,
,,1828,2,《པེ་》《སྣར་》,པོ།,,
,551,1829,1,《པེ་》《སྣར་》,བའོ།,,
,,1830,2,《པེ་》《སྣར་》,རོ།,,
,,1831,3,《པེ་》《སྣར་》,mནི།,,
,,1832,4,《པེ་》《སྣར་》,pཔ།,,
,,1833,5,《པེ་》《སྣར་》,དམིགས།,,
,,1834,6,《པེ་》《སྣར་》,mལ།,,
,,1835,7,《སྣར་》,pཡང་།,,
,,1836,8,《པེ་》《སྣར་》,ཀྱི།,,
,552,1837,1,《པེ་》《སྣར་》,mདང་།,,
,,1838,2,《པེ་》《སྣར་》,mཔོ།,,
,,1839,3,《སྣར་》,pདང་།,,
,,1840,4,《པེ་》《སྣར་》,mནི།,,
,,1841,5,《པེ་》《སྣར་》,mདང་།,,
,553,1842,1,《པེ་》《སྣར་》,mདེ།,,
,,1843,2,《པེ་》《སྣར་》,mལ།,,
,,1844,3,《པེ་》《སྣར་》,mདག,,
,,1845,4,《པེ་》《སྣར་》,pདེ།,,
,,1846,5,《སྣར་》,pལ།,,
,,1847,6,《པེ་》《སྣར་》,mརྣམ།,,
,,1848,7,《པེ་》《སྣར་》,བསྐྱོད།,,
,,1849,8,《པེ་》《སྣར་》,བསྐྱོད།,,
,,1850,9,《པེ་》《སྣར་》,བསྐྱོད།,,
,554,1851,1,《པེ་》《སྣར་》,ཐོག,,
,555,1852,1,《པེ་》《སྣར་》,mདེ།,,
,556,1853,1,《པེ་》《སྣར་》,pའདི་དག་ནི།,,
,557,1854,1,《པེ་》《སྣར་》,ལ།,,
,,1855,2,《པེ་》《སྣར་》,བཟུང་།,,
,,1856,3,《པེ་》《སྣར་》,mཏིང་ངེ་འཛིན་དང་།,,
,,1857,4,《པེ་》《སྣར་》,pལ།,,
,558,1858,1,《པེ་》《སྣར་》,ཀྱི།,,
,,1859,2,《པེ་》《སྣར་》,mགྱི།,,
,,1860,3,《པེ་》《སྣར་》,ཀྱི།,,
,,1861,4,《པེ་》《སྣར་》,པར།,,
,559,1862,1,《པེ་》《སྣར་》,mན།,,
,560,1863,1,《པེ་》《སྣར་》,པོ།,,
,,1864,2,《པེ་》《སྣར་》,mམ།,,
,,1865,3,《སྣར་》,གྱི།,,
,,1866,4,《པེ་》《སྣར་》,ཀྱི་གསད།,,
,,1867,5,《པེ་》《སྣར་》,པོ།,,
,,1868,6,《པེ་》《སྣར་》,མམ།,,
,561,1869,1,《པེ་》《སྣར་》,གྱི་རྨད།,,
,,1870,2,《པེ་》《སྣར་》,རྣམས།,,
,,1871,3,《པེ་》《སྣར་》,pསུས།,,
,,1872,4,《པེ་》《སྣར་》,སློངས།,,
,,1873,5,《པེ་》《སྣར་》,mན།,,
,,1874,6,《པེ་》《སྣར་》,mནི།,,
,562,1875,1,《པེ་》《སྣར་》,ཀྱི།,,
,,1876,2,《པེ་》《སྣར་》,གཏོང་བའམ།,,
,,1877,3,《པེ་》《སྣར་》,mཡོངས།,,
,,1878,4,《པེ་》《སྣར་》,པ།,,
,,1879,5,《པེ་》《སྣར་》,བཅད།,,
,,1880,6,《པེ་》《སྣར་》,བྱ་བ།,,
,,1881,7,《པེ་》《སྣར་》,བའི།,,
,563,1882,1,《པེ་》《སྣར་》,pདུ།,,
,,1883,2,《པེ་》《སྣར་》,mསེམས་དཔའ།,,
,,1884,3,《པེ་》《སྣར་》,mལ།,,
,564,1885,1,《པེ་》《སྣར་》,གྱི།,,
,,1886,2,《པེ་》《སྣར་》,mརྣམས།,,
,,1887,3,《པེ་》《སྣར་》,mདེ་ག་ལ་དགྱེས་པར་མི་འགྱུར་…...དེ་དག་སངས་རྒྱས་བཅོམ་ལྡན་འདས།,,
,,1888,4,《པེ་》《སྣར་》,pགང་།,,
,565,1889,1,《པེ་》《སྣར་》,གྱིས།,,
,,1890,2,《པེ་》《སྣར་》,mཡང་།,,
,,1891,3,《པེ་》《སྣར་》,ནས།,,
,,1892,4,《པེ་》《སྣར་》,mདག,,
,,1893,5,《པེ་》《སྣར་》,mལ།,,
,,1894,6,《པེ་》《སྣར་》,pལ།,,
,566,1895,1,《པེ་》《སྣར་》,གི།,,
,,1896,2,《པེ་》《སྣར་》,འདའ་བ།,,
,567,1897,1,《པེ་》,mན།,,
,,1898,2,《པེ་》《སྣར་》,ཀྱི།,,
,,1899,3,《པེ་》《སྣར་》,འབྲལ།,,
,568,1900,1,《པེ་》《སྣར་》,སྤངས་པའི།,,
,,1901,2,《པེ་》《སྣར་》,mཡང་།,,
,,1902,3,《པེ་》《སྣར་》,རིས།,,
,569,1903,1,《པེ་》《སྣར་》,mལ།,,
,,1904,2,《པེ་》《སྣར་》,ཤེས།,,
,,1905,3,《པེ་》《སྣར་》,mབྱང་།,,
,570,1906,1,《པེ་》《སྣར་》,ཤེས།,,
,,1907,2,《པེ་》《སྣར་》,ཀྱིས།,,
,,1908,3,《པེ་》《སྣར་》,mསེམས་ཅན།,,
,571,1909,1,《པེ་》《སྣར་》,གྲོ།,,
,,1910,2,《པེ་》《སྣར་》,mརྣམ་པར།,,
,,1911,3,《པེ་》《སྣར་》,pདེ།,,
,572,1912,1,《པེ་》《སྣར་》,mའཚོ་བའམ།,,
,,1913,2,《པེ་》《སྣར་》,རྣམས།,,
,,1914,3,《པེ་》《སྣར་》,mཀྱི།,,
,,1915,4,《པེ་》《སྣར་》,བླང་།,,
,,1916,5,《པེ་》《སྣར་》,ཤིག,,
,573,1917,1,《པེ་》《སྣར་》,དང་།,,
,,1918,2,《པེ་》《སྣར་》,དང་།,,
,,1919,3,《པེ་》《སྣར་》,དང་།,,
,574,1920,1,《པེ་》《སྣར་》,པར།,,
,,1921,2,《པེ་》《སྣར་》,དེ།,,
,575,1922,1,《པེ་》《སྣར་》,པོའི།,,
,576,1923,1,《པེ་》《སྣར་》,mརྣམས།,,
,,1924,2,《པེ་》《སྣར་》,རྟོགས་པ།,,
,,1925,3,《པེ་》《སྣར་》,བའོ།།,,
,,1926,4,《པེ་》《སྣར་》,པོ།,,
,577,1927,1,《པེ་》《སྣར་》,པོ།,,
,578,1928,1,《པེ་》《སྣར་》,mཔ་མེད།,,
,579,1929,1,《པེ་》《སྣར་》,བསྐྱེད།,,
,,1930,2,《པེ་》《སྣར་》,སྤྱོད།,,
,,1931,3,《པེ་》《སྣར་》,པའོ།།,,
,,1932,4,《པེ་》《སྣར་》,ཏེ།,,
,,1933,5,《པེ་》《སྣར་》,པའོ།།,,
,,1934,6,《སྣར་》,mཀྱི།,,
,581,1935,1,《པེ་》《སྣར་》,pནི།,,
,,1936,2,《པེ་》《སྣར་》,pདེ།,,
,,1937,3,《པེ་》《སྣར་》,པ།,,
,,1938,4,《པེ་》《སྣར་》,ལ།,,
,,1939,5,《པེ་》《སྣར་》,དཔྱོད།,,
,,1940,6,《པེ་》《སྣར་》,mཡིད།,,
,582,1941,1,《པེ་》《སྣར་》,pམི།,,
,,1942,2,《པེ་》《སྣར་》,mམི།,,
,583,1943,1,《པེ་》《སྣར་》,ཕྲ་མོ།,,
,,1944,2,《པེ་》《སྣར་》,mདག,,
,,1945,3,《པེ་》《སྣར་》,བ་ར་ཎཱ་སིར།,,
,,1946,4,《པེ་》《སྣར་》,བ་ར་ཎཱ་སིར།,,
,,1947,5,《པེ་》《སྣར་》,མནན།,,
,,1948,6,《པེ་》《སྣར་》,མནྡྷུ་ཛཱི།,,
,584,1949,1,《པེ་》《སྣར་》,བ་ར་ཎཱ་སིར།,,
,,1950,2,《པེ་》《སྣར་》,འདི།,,
,,1951,3,《པེ་》《སྣར་》,བ་ར་ཎཱ་སིར།,,
,,1952,4,《པེ་》《སྣར་》,པའམ།,,
,586,1953,1,《པེ་》《སྣར་》,mཡང་དག་པ།,,
,,1954,2,《པེ་》《སྣར་》,སོ།།,,
,,1955,3,《པེ་》《སྣར་》,ཚེ།,,
,,1956,4,《པེ་》《སྣར་》,mཞེས་བྱ་བ་ནས། དེ་ནས་ཤི་འཕོས་ནས་འདིར་སྐྱེས་སོ།,,
,,1957,5,《པེ་》《སྣར་》,ཀྱི།,,
,,1958,6,《པེ་》《སྣར་》,གི།,,
,,1959,7,《པེ་》《སྣར་》,pདང་།,,
,,1960,8,《པེ་》《སྣར་》,ཀྱི།,,
,587,1961,1,《པེ་》《སྣར་》,བར།,,
,,1962,2,《པེ་》《སྣར་》,ཀྱི།,,
,,1963,3,《པེ་》《སྣར་》,གི།,,
,,1964,4,《པེ་》《སྣར་》,ཀྱི།,,
,,1965,5,《པེ་》《སྣར་》,པ།,,
,,1966,6,《པེ་》《སྣར་》,བར།,,
,,1967,7,《པེ་》《སྣར་》,ཏོ།།,,
,,1968,8,《སྣར་》,mབཞིན།,,
,,1969,9,《པེ་》《སྣར་》,པ།,,
,,1970,10,《པེ་》《སྣར་》,པ།,,
,,1971,11,《པེ་》《སྣར་》,ཀྱང་།,,
,588,1972,1,《པེ་》《སྣར་》,དེ།,,
,,1973,2,《སྣར་》,སྒྲག,,
,589,1974,1,《པེ་》《སྣར་》,ན།,,
,,1975,2,《པེ་》《སྣར་》,མ།,,
,590,1976,1,《པེ་》《སྣར་》,mཡང་།,,
,,1977,2,《པེ་》《སྣར་》,པའི།,,
,,1978,3,《པེ་》《སྣར་》,གཉེར་བའི།,,
,,1979,4,《པེ་》《སྣར་》,མཉན།,,
,,1980,5,《པེ་》《སྣར་》,གཞག་པར་མི་བྱེད་དེ།,,
,,1981,6,《པེ་》《སྣར་》,mགཉིས་སུ།,,
,591,1982,1,《པེ་》《སྣར་》,mདང་།,,
,,1983,2,《པེ་》《སྣར་》,pཔ།,,
,,1984,3,《པེ་》《སྣར་》,གཞག,,
,,1985,4,《པེ་》《སྣར་》,mསོ་སོར།,,
,592,1986,1,《པེ་》《སྣར་》,pཀྱི།,,
,,1987,2,《པེ་》《སྣར་》,pཀྱི།,,
,,1988,3,《པེ་》《སྣར་》,mབ།,,
,,1989,4,《པེ་》《སྣར་》,pལ།,,
,,1990,5,《པེ་》《སྣར་》,pལ།,,
,,1991,6,《པེ་》《སྣར་》《ཅོ་》,དུས།,,
,,1992,7,《པེ་》《སྣར་》,pལ།,,
,,1993,8,《པེ་》《སྣར་》,སྒྱུར།,,
,,1994,9,《པེ་》《སྣར་》,ཎེ།,,
,593,1995,1,《པེ་》《སྣར་》,mཤིན་ཏུ།,,
,,1996,2,《པེ་》《སྣར་》,ཐག,,
,,1997,3,《པེ་》《སྣར་》,ཎེ།,,
,594,1998,1,《པེ་》《སྣར་》,རིམས་ཀྱིས།,,
,,1999,2,《པེ་》《སྣར་》,ཎེའི།,,
,,2000,3,《སྣར་》,གྱིས།,,
,,2001,4,《པེ་》《སྣར་》,mཤིན་ཏུ།,,
,,2002,5,《པེ་》《སྣར་》,ལ།,,
,,2003,6,《པེ་》《སྣར་》,ལྟར།,,
,,2004,7,《པེ་》《སྣར་》,mབྱ།,,
,595,2005,1,《པེ་》《སྣར་》,དགུ།,,
,,2006,2,《པེ་》《སྣར་》,pཤིན།,,
,,2007,3,《སྣར་》,མས།,,
,596,2008,1,《པེ་》《སྣར་》,mལ།,,
,,2009,2,《པེ་》《སྣར་》,ཎེ།,,
,,2010,3,《པེ་》《སྣར་》,ན་མི་འགོང་བར།,,
,,2011,4,《པེ་》《སྣར་》,mདང་།,,
,,2012,5,《པེ་》《སྣར་》,བྱེ།,,
,,2013,6,《པེ་》《སྣར་》,ཕོ།,,
,,2014,7,《པེ་》《སྣར་》,གྲོར།,,
,,2015,8,《པེ་》《སྣར་》,སྨོད་ལ།,,
,,2016,9,《པེ་》《སྣར་》,རྩི།,,
,597,2017,1,《པེ་》《སྣར་》,ལྟུང་།,,
,,2018,2,《པེ་》《སྣར་》,བརྒལ།,,
,,2019,3,《པེ་》《སྣར་》,བས།,,
,,2020,4,《པེ་》《སྣར་》,གྱུར་པ།,,
,,2021,5,《པེ་》《སྣར་》,དཔང་།,,
,,2022,6,《པེ་》《སྣར་》,བསམས།,,
,598,2023,1,《པེ་》《སྣར་》,mམི།,,
,,2024,2,《པེ་》《སྣར་》,pནི།,,
,,2025,3,《པེ་》《སྣར་》,པོ་ཆེའི།,,
,599,2026,1,《པེ་》《སྣར་》,mཤིན་ཏུ།,,
,600,2027,1,《པེ་》《སྣར་》,སྤ།,,
,,2028,2,《པེ་》《སྣར་》,ཅིང་།,,
,,2029,3,《པེ་》《སྣར་》,རྣམ་པར།,,
,601,2030,1,《པེ་》,ཐོབ་པའི།,《སྣར་》,འཐོབ་པའི།,
,,2031,2,《པེ་》《སྣར་》,mཤིན་ཏུ།,,
,,2032,3,《པེ་》《སྣར་》,ལ།,,
,,2033,4,《པེ་》《སྣར་》,བ་དང་ལྡན་པའི།,,
,,2034,5,《པེ་》《སྣར་》,པར།,,
,,2035,6,《པེ་》《སྣར་》,ཤིན་ཏུ་མཆེ་བ།,,
,602,2036,1,《པེ་》《སྣར་》,mམི་དང་།,,
,,2037,2,《པེ་》《སྣར་》,mདང་།,,
,,2038,3,《པེ་》《སྣར་》,པདྨའི།,,
,603,2039,1,《སྣར་》,mཔ།,,
,,2040,2,《པེ་》《སྣར་》,མཉམ།,,
,,2041,3,《པེ་》《སྣར་》,བས།,,
,,2042,4,《པེ་》《སྣར་》,རྣམ་པར་བཟློག,,
,,2043,5,《པེ་》,སྒོམས་པས་སྤང་བའི།,《སྣར་》,སྒོམ་པས་སྤངས་པའི།,
,,2044,6,《པེ་》《སྣར་》,མ།,,
,,2045,7,《པེ་》《སྣར་》,བརླང་བའི།,,
,,2046,8,《པེ་》《སྣར་》,གིས།,,
,604,2047,1,《པེ་》《སྣར་》,pཏེ།,,
,,2048,2,《པེ་》《སྣར་》,mདེ་ལྟར།,,
,,2049,3,《པེ་》《སྣར་》,བར།,,
,605,2050,1,《པེ་》《སྣར་》,བྱ་བས།,,
,,2051,2,《པེ་》《སྣར་》,པོ་ནི།,,
,,2052,3,《པེ་》《སྣར་》,པས་སེམས་ཅན།,,
,,2053,4,《པེ་》《སྣར་》,དུ་སྟོན་ཏེ།,,
,,2054,5,《པེ་》《སྣར་》,གི།,,
,606,2055,1,《པེ་》《སྣར་》,mསུ།,,
,,2056,2,《པེ་》,བསྒོམ།,《སྣར་》,བསྒོམས།,
,,2057,3,《པེ་》,བསྒོམས།,《སྣར་》,བསྒོམ།,
,,2058,4,《པེ་》《སྣར་》,pཏེ།,,
,,2059,5,《པེ་》《སྣར་》,བསྒྲུབ།,,
,,2060,6,《པེ་》《སྣར་》,བསྒྲུབ།,,
,,2061,7,《པེ་》《སྣར་》,mདང་།,,
,,2062,8,《པེ་》《སྣར་》,pན།,,
,607,2063,1,《པེ་》《སྣར་》,pབཞི།,,
,,2064,2,《པེ་》《སྣར་》,mལ་སྤྱོད་པ།,,
,,2065,3,《པེ་》《སྣར་》,pདུ།,,
,,2066,4,《པེ་》《སྣར་》,mརྣམས།,,
,608,2067,1,《པེ་》《སྣར་》,སྨྲ་བ།,,
,,2068,2,《པེ་》《སྣར་》,mཀྱི་བར།,,
,609,2069,1,《པེ་》,པར་ཞི།,,
,,2070,2,《པེ་》《སྣར་》,པར།,,
,,2071,3,《པེ་》《སྣར་》,ནས།,,
,610,2072,1,《པེ་》《སྣར་》,ལ་སྦྱོར།,,
,611,2073,1,《པེ་》《སྣར་》,pདང་།,,
,,2074,2,《པེ་》,གྱིས།,,
,,2075,3,《པེ་》《སྣར་》,ཀྱི།,,
,612,2076,1,《པེ་》《སྣར་》,mལ།,,
,,2077,2,《སྣར་》,གང་།,,
,,2078,3,《པེ་》《སྣར་》,ཀྱིས།,,
,,2079,4,《པེ་》《སྣར་》,པོས།,,
,,2080,5,《པེ་》《སྣར་》,ཀྱི།,,
,,2081,6,《པེ་》《སྣར་》,དེ།,,
,,2082,7,《པེ་》《སྣར་》,pདེ།,,
,613,2083,1,《པེ་》《སྣར་》,pགྱི།,,
,614,2084,1,《པེ་》《སྣར་》,mདུ།,,
,,2085,2,《པེ་》《སྣར་》,ནི།,,
,,2086,3,《པེ་》《སྣར་》,pལན་ཅིག,,
,,2087,4,《པེ་》《སྣར་》,འགོད།,,
,,2088,5,《པེ་》《སྣར་》,འགོད།,,
,,2089,6,《པེ་》《སྣར་》,mབརྗོད་དུ་མེད་པ།,,
,,2090,7,《པེ་》《སྣར་》,བདེན།,,
,615,2091,1,《པེ་》《སྣར་》,mཕྱིར་མི་འོང་བའི་འབྲས་བུ་དང་།,,
,,2092,2,《པེ་》《སྣར་》,mཅི།,,
,,2093,3,《པེ་》《སྣར་》,འགོད།,,
,,2094,4,《པེ་》《སྣར་》,འགོད།,,
,,2095,5,《པེ་》《སྣར་》,འགོད།,,
,,2096,6,《པེ་》《སྣར་》,བགྱིད་པ།,,
,,2097,7,《པེ་》《སྣར་》,ཏེ།,,
,,2098,8,《པེ་》《སྣར་》,འཐོབ།,,
,,2099,9,《པེ་》《སྣར་》,འཐོབ།,,
,,2100,10,《པེ་》《སྣར་》,འཐོབ།,,
,616,2101,1,《པེ་》《སྣར་》,པས།,,
,,2102,2,《པེ་》《སྣར་》,འགོད།,,
,,2103,3,《པེ་》《སྣར་》,mཁམས།,,
,,2104,4,《པེ་》《སྣར་》,འགོད།,,
,,2105,5,《པེ་》《སྣར་》,འགོད་པར།,,
,,2106,6,《པེ་》《སྣར་》,mཀྱིས།,,
,,2107,7,《པེ་》《སྣར་》,བསྲབ།,,
,617,2108,1,《པེ་》《སྣར་》,ཞེས།,,
,,2109,2,《པེ་》《སྣར་》,ཞེས།,,
,,2110,3,《པེ་》《སྣར་》,པའི།,,
,618,2111,1,《སྣར་》,པར་འམ།,,
,,2112,2,《པེ་》《སྣར་》,mབ།,,
,,2113,3,《པེ་》《སྣར་》,mཔ།,,
,,2114,4,《པེ་》《སྣར་》,pརྣམས།,,
,619,2115,1,《པེ་》,pདེ།,,
,,2116,2,《པེ་》《སྣར་》,བསྒོམ།,,
,,2117,3,《པེ་》《སྣར་》,mཆོས་ཀྱི།,,
,,2118,4,《པེ་》《སྣར་》,mབ།,,
,,2119,5,《པེ་》《སྣར་》,pཡོངས་སུ།,,
,620,2120,1,《པེ་》《སྣར་》,pཆོས་ཀྱི།,,
,,2121,2,《པེ་》《སྣར་》,mཡང་།,,
,,2122,3,《པེ་》《སྣར་》,mཡང་།,,
,,2123,4,《པེ་》《སྣར་》,pལ།,,
,,2124,5,《པེ་》《སྣར་》,སྒོམ།,,
,,2125,6,《པེ་》《སྣར་》,འགྱུར་བའམ།,,
,621,2126,1,《པེ་》《སྣར་》,ན་སྣང་བར།,,
,,2127,2,《པེ་》《སྣར་》,mགང་།,,
,,2128,3,《པེ་》,pཀྱི་ཆོས།,《སྣར་》,pཀྱིས་ཆོས།,
,,2129,4,《པེ་》《སྣར་》,mལ།,,
,,2130,5,《པེ་》《སྣར་》,pན།,,
,622,2131,1,《པེ་》《སྣར་》,གྲོལ།,,
,,2132,2,《སྣར་》,བུའི།,,
,,2133,3,《པེ་》《སྣར་》,mཔ།,,
,,2134,4,《པེ་》《སྣར་》,གི།,,
,,2135,5,《པེ་》《སྣར་》,བུར།,,
,623,2136,1,《པེ་》《སྣར་》,mདེའི་ཕྱིར།,,
,,2137,2,《པེ་》《སྣར་》,པོའི།,,
,,2138,3,《པེ་》《སྣར་》,མ།,,
,,2139,4,《པེ་》《སྣར་》,རྟགས།,,
,,2140,5,《པེ་》《སྣར་》,གི།,,
,,2141,6,《པེ་》《སྣར་》,pཔ།,,
,624,2142,1,《པེ་》《སྣར་》,གིས།,,
,,2143,2,《པེ་》《སྣར་》,རྟོག,,
,,2144,3,《པེ་》《སྣར་》,བཏགས།,,
,,2145,4,《པེ་》《སྣར་》,ཀྱི།,,
,,2146,5,《པེ་》《སྣར་》,བསྐུལ།,,
,625,2147,1,《པེ་》《སྣར་》,བཏགས།,,
,,2148,2,《པེ་》《སྣར་》,mན།,,
,,2149,3,《སྣར་》,སྦྱོང་།,,
,627,2150,1,《པེ་》《སྣར་》,གཞག,,
,,2151,2,《པེ་》《སྣར་》《ཅོ་》,mདང་།,,
,,2152,3,《པེ་》《སྣར་》,mདང་།,,
,628,2153,1,《པེ་》《སྣར་》,ཀྱི།,,
,,2154,2,《པེ་》《སྣར་》,ལྟར།,,
,,2155,3,《པེ་》《སྣར་》,བྱའོ།,,
,,2156,4,《པེ་》《སྣར་》,པོས།,,
,,a,5,《སྣར་》,གྱིས།,,
,629,2157,1,《སྣར་》,བརླབ།,,
,,2158,2,《པེ་》《སྣར་》,mདེ།,,
,,2159,3,《པེ་》《སྣར་》,ཡིན།,,
,631,2160,1,《པེ་》《སྣར་》,སེང་ལྡེང་།,,
,,2161,2,《པེ་》《སྣར་》,ཆགས།,,
,,2162,3,《པེ་》《སྣར་》,སོ།,,
,,2163,4,《སྣར་》,pན།,,
,,2164,5,《པེ་》《སྣར་》,འཇིགས།,,
,,2165,6,《པེ་》《སྣར་》,mགང་།,,
,,2166,7,《པེ་》《སྣར་》,mཉིད།,,
,,2167,8,《པེ་》《སྣར་》,གང་ནས།,,
,,2168,9,《པེ་》《སྣར་》,སྟེ།,,
,,2169,10,《པེ་》《སྣར་》,སོང་བར།,,
,,2170,11,《པེ་》《སྣར་》,mསྟེ།,,
,,2171,12,《པེ་》《སྣར་》,བྲི།,,
,632,2172,1,《པེ་》《སྣར་》,ནས།,,
,,2173,2,《པེ་》《སྣར་》,mཡང་།,,
,,2174,3,《པེ་》《སྣར་》,mདེ།,,
,,2175,4,《པེ་》《སྣར་》,mཀྱང་།,,
,,2176,5,《པེ་》《སྣར་》,mགང་།,,
,633,2177,1,《པེ་》《སྣར་》,mགང་།,,
,,2178,2,《པེ་》《སྣར་》,mབ།,,
,,2179,3,《པེ་》《སྣར་》,mན།,,
,,2180,4,《པེ་》《སྣར་》,mམ།,,
,634,2181,1,《པེ་》《སྣར་》,ཀྱིས།,,
,,2182,2,《སྣར་》,mཔ།,,
,,2183,3,《པེ་》《སྣར་》,pབ།,,
,635,2184,1,《པེ་》《སྣར་》,བར།,,
,,2185,2,《པེ་》《སྣར་》,དཀྲུག,,
,,2186,3,《པེ་》《སྣར་》,ཀྱི།,,
,,2187,4,《པེ་》《སྣར་》,མ།,,
,,2188,5,《པེ་》《སྣར་》,མ།,,
,636,2189,1,《པེ་》《སྣར་》,པས།,,
,,2190,2,《པེ་》,mནི་ཆོས།,,
,,2191,3,《པེ་》《སྣར་》,པའི་ཆོས།,,
,,2192,4,《པེ་》《སྣར་》,mདང་།,,
,,2193,5,《པེ་》,བསླབས།,《སྣར་》,སླབ།,
,,2194,6,《པེ་》,བསླབས།,《སྣར་》,སླབ།,
,537,2195,1,《པེ་》《སྣར་》,mཇི་ལྟར།,,
,638,2196,1,《པེ་》《སྣར་》,རིགས།,,
,,2197,2,《པེ་》,mགྱི།,,
,,2198,3,《པེ་》《སྣར་》,སྐྱེད།,,
,639,2199,1,《པེ་》《སྣར་》,བསླབ།,,
,,2200,2,《པེ་》《སྣར་》,འཚལ།,,
,,2201,3,《པེ་》《སྣར་》,mརྣམས།,,
,640,2202,1,《པེ་》《སྣར་》,པ།,,
,,2203,2,《པེ་》《སྣར་》,mཡང་།,,
,,2204,3,《པེ་》《སྣར་》,mཡང་།,,
,,2205,4,《པེ་》《སྣར་》,pབྱང་ཆུབ་ཀྱི་ཕྱོགས་ཀྱི་ཆོས་ཉིད་ཀྱང་ཆོས་ཀྱི་དབྱིངས་མ་མཆིས་ཏེ།,,
,,2206,5,《པེ་》《སྣར་》,ཉིད།,,
,641,2207,1,《པེ་》《སྣར་》,pརྣམས།,,
,,2208,3,《པེ་》《སྣར་》,mརྣམས།,,
,642,2209,1,《པེ་》《སྣར་》,mདེ་བཞིན་དུ།,,
,,2210,2,《པེ་》《སྣར་》,m ཉིད།,,
,643,2211,1,《སྣར་》,mཆོས།,,
,,2212,2,《པེ་》《སྣར་》,དང་།,,
,644,2213,1,《པེ་》《སྣར་》,mདཔེར་ན།,,
,,2214,2,《པེ་》《སྣར་》,ཡས།,,
,,2215,3,《པེ་》《སྣར་》,སྟན་དང་།,,
,,2216,4,《པེ་》《སྣར་》,བསྲུང་།,,
,,2217,5,《པེ་》《སྣར་》,པོའི།,,
,645,2218,1,《པེ་》《སྣར་》,པ།,,
,,2219,2,《པེ་》《སྣར་》,mལྷ།,《པེ་》《སྣར་》,mརྣམས།,
,,2220,3,《པེ་》《སྣར་》,mདུ།,,
,646,2221,1,《པེ་》《སྣར་》,བསྒྲུབ།,,
,,2222,2,《པེ་》《སྣར་》,བརྩེ།,,
,,2223,3,《པེ་》《སྣར་》,mརྣམས།,,
,,2224,4,《པེ་》《སྣར་》,mརྣམས།,,
,,2225,5,《པེ་》《སྣར་》,བསླབ།,,
,,2226,6,《པེ་》《སྣར་》,mདུ།,,
,,2227,7,《པེ་》《སྣར་》,ཀྱི།,,
,,2228,8,《སྣར་》,སྤྱད།,,
,647,2229,1,《པེ་》《སྣར་》,མ།,,
,,2230,2,《པེ་》《སྣར་》,བསྲུང་།,,
,,2231,3,《པེ་》《སྣར་》,pབསྲུང་བ།,,
,,2232,4,《པེ་》《སྣར་》,mགཞན།,,
,,2233,5,《པེ་》《སྣར་》,བསྲུང་།,,
,,2234,6,《པེ་》《སྣར་》,པ།,,
,648,2235,1,《པེ་》《སྣར་》,mཡང་།,,
,,2236,2,《པེ་》《སྣར་》,pཔ་ཡིན།,,
,,2237,3,《པེ་》《སྣར་》,mལ།,,
,,2238,4,《པེ་》《སྣར་》,སྤྱོད།,,
,649,2239,1,《པེ་》《སྣར་》,pཡང་དག་པར།,,
,650,2240,1,《པེ་》《སྣར་》,གིས།,,
,,2241,2,《པེ་》《སྣར་》,mསངས་རྒྱས་ཀྱི་ཆོས་མ་འདྲེས་པ་བཅོ་བརྒྱད་ཀྱི་ལེགས་པར་བརྗོད་པ་ཡིན།,,
,651,2242,1,《པེ་》《སྣར་》,པའི།,,
,,2243,2,《པེ་》《སྣར་》,pནམ།,,
,,2244,3,《པེ་》《སྣར་》《ཅོ་》,སྤྱད།,,
,,2245,4,《པེ་》《སྣར་》,mཡང་།,,
,,2246,5,《པེ་》《སྣར་》,mལ།,,
,652,2247,1,《པེ་》《སྣར་》,སྒོམ་པ།,,
,,2248,2,《པེ་》《སྣར་》,སྒོམ།,,
,,2249,3,《པེ་》《སྣར་》,pཔ།,,
,,2250,4,《པེ་》《སྣར་》,འཁྲུག,,
,,2251,5,《སྣར་》,བའི་དེ།,,
,,2252,6,《པེ་》《སྣར་》,ཏེ།,,
,653,2253,1,《པེ་》《སྣར་》,འགོད།,,
,,2254,2,《པེ་》《སྣར་》,མཐའ།,,
,,2255,3,《པེ་》《སྣར་》,མཐའ།,,
,,2256,4,《པེ་》《སྣར་》,ཀྱི།,,
,,2257,5,《པེ་》《སྣར་》,མ་སེམས་ཤིག,,
,,2258,6,《པེ་》《སྣར་》,འདི།,,
,654,2259,1,《པེ་》《སྣར་》,ཅིག,,
,,2260,2,《པེ་》《སྣར་》,བྱིན།,,
,,2261,3,《པེ་》《སྣར་》,ཁྱལ།,,
,,2262,4,《པེ་》《སྣར་》,ཁྱལ།,,
,,2263,5,《པེ་》《སྣར་》,བ་བརྟགས།,,
,,2264,6,《པེ་》《སྣར་》,mལྟ་བར།,,
,655,2265,1,《པེ་》《སྣར་》,mརྣམས།,,
,,2266,2,《པེ་》《སྣར་》,pཀྱིས།,,
,,2267,3,《སྣར་》,མྱ་ངན།,,
,,2268,4,《པེ་》《སྣར་》,mཡང་།,,
,,2269,5,《པེ་》《སྣར་》,སྐད་དུ་འདོམས།,,
,656,2270,1,《པེ་》《སྣར་》,ཀྱིས།,,
,,2271,2,《པེ་》《སྣར་》,ཞེས་ནས།,,
,,2272,3,《པེ་》《སྣར་》,རིམས་ཀྱིས།,,
,657,2273,1,《པེ་》《སྣར་》,ཀྱི།,,
,,2274,2,《སྣར་》,pཀྱང་།,,
,,2275,3,《པེ་》,pཀྱང་།,,
,,2276,4,《པེ་》《སྣར་》,mགྱིས།,,
,,2277,5,《པེ་》《སྣར་》,ཀྱི།,,
,658,2278,1,《པེ་》《སྣར་》,ཀྱི།,,
,,2279,2,《པེ་》《སྣར་》,ཀྱི།,,
,,2280,3,《པེ་》《སྣར་》,པ།,,
,659,2281,1,《སྣར་》,mསྟོང་པ་ཉིད།,,
,,2282,2,《པེ་》《སྣར་》,པའམ།,,
,,2283,3,《པེ་》《སྣར་》,རྩོམ།,,
,,2284,4,《པེ་》《སྣར་》,གྱི།,,
,,2285,5,《པེ་》《སྣར་》,mཡང་།,,
,,2286,6,《པེ་》《སྣར་》,གྱི།,,
,660,2287,1,《པེ་》《སྣར་》,པར།,,
,,2288,2,《པེ་》《སྣར་》,mརབ་ཏུ།,,
,,2289,3,《པེ་》《སྣར་》,འདོམས།,,
,,2290,4,《པེ་》《སྣར་》,ཀྱིས།,,
,,2291,5,《པེ་》《སྣར་》,ཀྱི།,,
,,2292,6,《པེ་》《སྣར་》,བསྲུང་།,,
,,2293,7,《པེ་》《སྣར་》,བསྐྱེད།,,
,,2294,8,《པེ་》《སྣར་》,སམ།,,
,,2295,9,《པེ་》《སྣར་》,སམ།,,
,661,2296,1,《པེ་》《སྣར་》,པོ།,,
,,2297,2,《སྣར་》,mཔ།,,
,662,2298,1,《པེ་》《སྣར་》,ཐོས།,,
,,2299,2,《པེ་》《སྣར་》,རྗེས།,,
,,2300,3,《པེ་》《སྣར་》,སྒོམ།,,
,,2301,4,《པེ་》《སྣར་》,བསྒོམས།,,
,,2302,5,《པེ་》《སྣར་》,འམ།,,
,,2303,6,《པེ་》《སྣར་》,འམ།,,
,,2304,7,《པེ་》《སྣར་》,འམ།,,
,,2305,8,《པེ་》《སྣར་》,བསྒོམས།,,
,,2306,9,《པེ་》《སྣར་》,བསྒོམས།,,
,,2307,10,《པེ་》《སྣར་》,mཀྱང་།,,
,,2308,11,《པེ་》《སྣར་》,འདོམས།,,
,663,2309,1,《པེ་》《སྣར་》,འདོམས།,,
,,2310,2,《པེ་》《སྣར་》,འདོམས།,,
,664,2311,1,《པེ་》《སྣར་》,ལ།,,
,,2312,2,《པེ་》《སྣར་》,བསྒོམ།,,
,665,2313,1,《སྣར་》,འཇིག,,
,,2314,2,《པེ་》《སྣར་》,འདོམས།,,
,666,2315,1,《པེ་》《སྣར་》,གྱི།,,
,,2316,2,《པེ་》《སྣར་》,mཆོས་རྣམས།,,
,668,2317,1,《པེ་》《སྣར་》,mནང་སྟོང་པ་ཉིད་དང།,,
,669,2318,1,《པེ་》《སྣར་》,ནི།,,
,,2319,2,《པེ་》《སྣར་》,mམི།,,
,,2320,3,《པེ་》《སྣར་》,pཏེ།,,
,,2321,4,《པེ་》《སྣར་》,pཏེ།,,
,,2322,5,《པེ་》《སྣར་》,འགོད།,,
,,2323,6,《པེ་》《སྣར་》,mལ།,,
,670,2324,1,《པེ་》《སྣར་》,mདེས།,,
,,2325,2,《པེ་》《སྣར་》,བརྟགས།,,
,,2326,3,《པེ་》《སྣར་》,བསོ།,,
,,2327,4,《པེ་》《སྣར་》,ཅུ་བཏགས་པ།,,
,,2328,5,《པེ་》,འོང་།,《སྣར་》,འོངས།,
,,2329,6,《པེ་》《སྣར་》,pསྤྲུལ་པའི།,,
,,2330,7,《སྣར་》,ནས།,,
,671,2331,1,《པེ་》《སྣར་》,དམ།,,
,,2332,2,《པེ་》《སྣར་》,མཁྲིས།,,
,,2333,3,《པེ་》《སྣར་》,pདེ།,,
,672,2334,1,《པེ་》《སྣར་》,ལ།,,
,,2335,2,《པེ་》《སྣར་》,ཏེ།,,
,674,2336,1,《པེ་》《སྣར་》,དོ།།,,
,,2337,2,《པེ་》《སྣར་》,གྲོལ།,,
,,2338,3,《པེ་》《སྣར་》,mདོ།,,
,,2339,4,《པེ་》《སྣར་》,mཀྱི།,,
,,2340,5,《པེ་》《སྣར་》,mཡང་།,,
,675,2341,1,《པེ་》《སྣར་》,mགྱིས།,,
,,2342,2,《པེ་》《སྣར་》,པོས་དེ་རྣམས་ཀྱི་ཐད།,,
,,2343,3,《པེ་》《སྣར་》,pཉིད།,,
,,2344,4,《པེ་》《སྣར་》,mན།,,
,,2345,5,《པེ་》《སྣར་》,mརྣམས།,,
,,2346,6,《སྣར་》,སེམས།,,
,676,2347,1,《པེ་》《སྣར་》,mགལ་ཏེ།,,
,,2348,2,《སྣར་》,mཀྱང་།,,
,,2349,3,《པེ་》《སྣར་》,སྐྱེ་མཆེད་དང་། ཁམས།,,
,,2350,4,《པེ་》《སྣར་》,mརྣམས།,,
,677,2351,1,《པེ་》《སྣར་》,mརྣམ་པ་ཐམས་ཅད་…...སྟོང་པ་ཉིད་ཀྱང་གཞན།,,
,,2352,2,《པེ་》《སྣར་》,གིས།,,
,,2353,3,《པེ་》《སྣར་》,mཡང་།,,
,678,2354,1,《པེ་》《སྣར་》,གིས།,,
,,2355,2,《པེ་》《སྣར་》,mལ།,,
,679,2356,1,《པེ་》《སྣར་》,དགའ།,,
,,2357,2,《པེ་》《སྣར་》,ལ།,,
,,2358,3,《པེ་》《སྣར་》,གྲོལ།,,
,,2359,4,《པེ་》《སྣར་》,གྲོལ།,,
,680,2360,1,《པེ་》《སྣར་》,པའོ།།,,
,,2361,2,《པེ་》《སྣར་》,mནི།,,
,,2362,3,《པེ་》《སྣར་》,བྱ་བར།,,
,681,2363,1,《པེ་》《སྣར་》,pལ།,,
,,2364,2,《པེ་》《སྣར་》,mམི།,,
,,2365,3,《པེ་》《སྣར་》,པ།,,
,682,2366,1,《པེ་》《སྣར་》,mདོ།,,
,,2367,2,《པེ་》《སྣར་》,mདོ།,,
,,2368,3,《པེ་》《སྣར་》,mཉིད།,,
,,2369,4,《པེ་》《སྣར་》,mརྣམས།,,
,,2370,5,《པེ་》《སྣར་》,mདོ།,,
,,2371,6,《པེ་》《སྣར་》,mདོ།,,
,683,2372,1,《སྣར་》,ལས།,,
,,2373,2,《པེ་》《སྣར་》,mནི།,,
,,2374,3,《པེ་》《སྣར་》,འབྱེད།,,
,684,2375,1,《པེ་》《སྣར་》,pརྣམས།,,
,,2376,2,《པེ་》《སྣར་》,mརྣམས།,,
,,2377,3,《པེ་》《སྣར་》,གི།,,
,,2378,4,《པེ་》《སྣར་》,གིས།,,
,,2379,5,《པེ་》《སྣར་》,གི།,,
,,2380,6,《པེ་》《སྣར་》,བ།,,
,,2381,7,《པེ་》《སྣར་》,གི།,,
,,2382,8,《པེ་》《སྣར་》,གི།,,
,685,2383,1,《པེ་》《སྣར་》,mརྣམས།,,
,,2384,2,《པེ་》《སྣར་》,པོ།,,
,,2385,3,《པེ་》《སྣར་》,པའི་སྤྲུལ་པ།,,
,,2386,4,《སྣར་》,mཔ་ཡོད།,,
,686,2387,1,《པེ་》《སྣར་》,mལ།,,
,,2388,2,《པེ་》《སྣར་》,mཡང་།,,
,,2389,3,《པེ་》《སྣར་》,mཡང་།,,
,,2390,4,《པེ་》《སྣར་》,mརྣམས།,,
,,2391,5,《པེ་》《སྣར་》,mན།,,
,687,2392,1,《པེ་》《སྣར་》,mརྣམས།,,
,,2393,2,《པེ་》《སྣར་》,mརྣམས།,,
,688,2394,1,《པེ་》《སྣར་》,mདུ།,,
,,2395,2,《པེ་》《སྣར་》,mརྣམས།,,
,,2396,3,《པེ་》《སྣར་》,ཅུས།,,
,,2397,4,《པེ་》《སྣར་》,pབཞི།,,
,,2398,5,《པེ་》《སྣར་》,མངོན་པར་ཤེས་པ་དང་།,,
,689,2399,1,《པེ་》《སྣར་》,mརྣམས།,,
,,2400,2,《པེ་》《སྣར་》,དང་།,,
,690,2401,1,《པེ་》《སྣར་》,གྱུར་པ།,,
,,2402,2,《པེ་》《སྣར་》,ཏམ།,,
,691,2403,1,《པེ་》《སྣར་》,ཀྱི།,,
,,2404,2,《པེ་》《སྣར་》,mབཞི།,,
,692,2405,1,《པེ་》《སྣར་》,mདེ་ལྟ་བུ།,,
,,2406,2,《པེ་》《སྣར་》,མ།,,
,,2407,3,《པེ་》《སྣར་》,mབཅུ།,,
,693,2408,1,《པེ་》《སྣར་》,ཇི།,,
,,2409,2,《པེ་》《སྣར་》,mཔར་རྫོགས།,,
,694,2410,1,《པེ་》《སྣར་》,མ།,,
,,2411,2,《པེ་》《སྣར་》,དུའང་།,,
,,2412,3,《སྣར་》,ཐོབ།,,
,,2413,4,《པེ་》《སྣར་》,pདག,,
,,2414,5,《པེ་》《སྣར་》,མི།,,
,695,2415,1,《པེ་》《སྣར་》,pདག,,
,,2416,2,《པེ་》《སྣར་》,ཐོབ།,,
,,2417,3,《པེ་》《སྣར་》,ཐོབ།,,
,,2418,4,《པེ་》《སྣར་》,ཐོབ།,,
,,a,5,《པེ་》《སྣར་》,pདག,,
,696,2419,1,《པེ་》《སྣར་》,ཐོབ།,,
,,2420,2,《པེ་》《སྣར་》,བགྱི་བ།,,
,,2421,3,《པེ་》《སྣར་》,mལ།,,
,,2422,4,《པེ་》《སྣར་》,བྱ་བའི།,,
,,2423,5,《པེ་》《སྣར་》,mལ།,,
,697,2424,1,《པེ་》《སྣར་》,mརྣམས།,,
,,2425,2,《པེ་》《སྣར་》,pལ།,,
,,2426,3,《པེ་》《སྣར་》,པོ།,,
,698,2427,1,《པེ་》《སྣར་》,mཆོས།,,
,,2428,2,《པེ་》《སྣར་》,ཡང་།,,
,,2429,3,《སྣར་》,བཟུངས།,,
,,2430,4,《པེ་》《སྣར་》,mདག,,
,,2431,5,《པེ་》《སྣར་》,mཅི་ཞིག,,
,,2432,6,《པེ་》《སྣར་》,པའོ།,,
,,2433,7,《པེ་》《སྣར་》,བཟུང་དུ་མེད་པའོ།,,
,,2434,8,《སྣར་》,mཉིད།,,
,,2435,9,《པེ་》《སྣར་》,རྣམས་ནི་བཟུང་དུ་མེད་པའོ།,,
,699,2436,1,《པེ་》《སྣར་》,པའམ།,,
,,2437,2,《སྣར་》,བསླབས།,,
,,2438,3,《པེ་》《སྣར་》,བསླབ།,,
,,2439,4,《པེ་》《སྣར་》,mཡང་།,,
,,2440,5,《པེ་》《སྣར་》,སོ།,,
,,2441,6,《པེ་》《སྣར་》,སོ།,,
,,a,7,《པེ་》《སྣར་》,སོ།,,
,700,2442,1,《པེ་》《སྣར་》,སོ།,,
,,2443,2,《པེ་》《སྣར་》,སོ།,,
,,2444,3,《པེ་》《སྣར་》,ལགས།,,
,701,2445,1,《པེ་》《སྣར་》,mལ།,,
,,2446,2,《པེ་》《སྣར་》,pལ།,,
,,2447,3,《པེ་》《སྣར་》,འཇོག,,
,,2448,4,《སྣར་》,པས།,,
,,2449,5,《པེ་》《སྣར་》,གྱུར་པའམ།,,
,702,2450,1,《པེ་》《སྣར་》,mལྟ།,,
,,2451,2,《པེ་》《སྣར་》,mརང་བཞིང་སྟོང་པ་ཉིད་དང་།,,
,,2452,3,《པེ་》《སྣར་》,པ།,,
,703,2453,1,《པེ་》《སྣར་》,པ།,,
,,2454,2,《པེ་》《སྣར་》,pལ།,,
,,2455,3,《པེ་》《སྣར་》,སྤྱོད།,,
,,2456,4,《པེ་》《སྣར་》,mཡང་།,,
,704,2457,1,《པེ་》,རྣམས་བཅིངས།,《སྣར་》,རྣམས་གཅིངས།,
,,2458,2,《པེ་》《སྣར་》,གྲོལ།,,
,,2459,3,《པེ་》《སྣར་》,pསེམས་ཅན་བཅིངས་པ་དང་གྲོལ་བ་མ་མཆིས།,,
,,2460,4,《པེ་》《སྣར་》,གྲོལ།,,
,,2461,5,《པེ་》《སྣར་》,pརྣམས།,,
,,2462,6,《པེ་》《སྣར་》,མི་དམིགས།,,
,,2463,7,《པེ་》《སྣར་》,pརྣམས།,,
,,2464,8,《པེ་》《སྣར་》,pལ།,,
,,2465,9,《པེ་》《སྣར་》,ལ།,,
,,2466,10,《པེ་》《སྣར་》,སྟེ།,,
,,2467,11,《པེ་》《སྣར་》,གི།,,
,705,2468,1,《པེ་》《སྣར་》,mཆོས།,,
,,2469,2,《པེ་》《སྣར་》,pཡང་།,,
,,2470,3,《པེ་》《སྣར་》,pདེ།,,
,,2471,4,《པེ་》《སྣར་》,བར།,,
,,2472,5,《པེ་》《སྣར་》,གྱི།,,
,706,2473,1,《པེ་》《སྣར་》,བྱ་སྟེ།,,
,,2474,2,《པེ་》《སྣར་》,mལ།,,
,707,2475,1,《པེ་》《སྣར་》,འདུལ།,,
,,2476,2,《པེ་》《སྣར་》,པོས།,,
,,2477,3,《པེ་》《སྣར་》,mསྟོང་པ་ཉིད།,,
,708,2478,1,《པེ་》《སྣར་》,བགྱིད།,,
,,2479,2,《པེ་》《སྣར་》,འདོམས།,,
,709,2480,1,《པེ་》《སྣར་》,འདོམས།,,
,,2481,2,《སྣར་》,བསྐལ་པ།,,
,710,2482,1,《པེ་》《སྣར་》,mདེ།,,
,,2483,2,《པེ་》《སྣར་》,དག་ཀྱང་།,,
,,2484,3,《པེ་》《སྣར་》,འགོད།,,
,,2485,4,《པེ་》《སྣར་》,འགོད།,,
,,2486,5,《པེ་》《སྣར་》,འགོད།,,
,,2487,6,《པེ་》《སྣར་》,mབསམ་གཏན་བཞི་དང་།,,
,,2488,7,《སྣར་》,mམེད་པ།,,
,,2489,8,《སྣར་》,mཔ།,,
,711,2490,1,《པེ་》《སྣར་》,ཀྱིས།,,
,,2491,2,《པེ་》《སྣར་》,བསྐུལ།,,
,,2492,3,《པེ་》《སྣར་》,དེ།,,
,,2493,4,《པེ་》《སྣར་》,ཁྱེད།,,
,,2494,5,《པེ་》《སྣར་》,mདུ།,,
,712,2495,1,《པེ་》《སྣར་》,གིས།,,
,,2496,2,《པེ་》《སྣར་》,mབཅུ།,,
,713,2497,1,《པེ་》《སྣར་》,ལ།,,
,,2498,2,《པེ་》《སྣར་》,mལ།,,
,,2499,3,《པེ་》《སྣར་》,mསྤོས་དང་།,,
,,2500,4,《པེ་》《སྣར་》,བྱུ།,,
,,2501,5,《པེ་》《སྣར་》,འཕོངས།,,
,,2502,6,《པེ་》《སྣར་》,འཕོངས།,,
,,2503,7,《སྣར་》,གྲངས།,,
,,2504,8,《པེ་》《སྣར་》,འཕོངས།,,
,,2505,9,《པེ་》《སྣར་》,མནོས།,,
,714,2506,1,《པེ་》《སྣར་》,བསྲུང་ངོ་།,,
,,2507,2,《པེ་》《སྣར་》,འཕོངས།,,
,,2508,3,《པེ་》《སྣར་》,pཡང་།,,
,,2509,4,《པེ་》《སྣར་》,འཕོངས།,,
,715,2510,1,《པེ་》《སྣར་》,mཁྱེད།,,
,,2511,2,《པེ་》《སྣར་》,བརྒལ།,,
,,2512,3,《པེ་》《སྣར་》《ཅོ་》,རྟོགས།,,
,716,2513,1,《པེ་》《སྣར་》,དེ།,,
,,2514,2,《པེ་》《སྣར་》,mབ།,,
,,2515,3,《པེ་》《སྣར་》,mཀྱེ།,,
,,2516,4,《པེ་》《སྣར་》,བརྩམ།,,
,717,2517,1,《པེ་》《སྣར་》,སྦྱར།,,
,,2518,2,《པེ་》《སྣར་》,དེ།,,
,,2519,3,《པེ་》《སྣར་》,གཡེངས་པར།,,
,,2520,4,《པེ་》《སྣར་》,དེ།,,
,,2521,5,《པེ་》《སྣར་》,འདོམས།,,
,718,2522,1,《པེ་》《སྣར་》,དུལ།,,
,,2523,2,《པེ་》《སྣར་》,འདའ་སྟེ།,,
,,2524,3,《པེ་》《སྣར་》,mཡོངས་སུ།,,
,719,2525,1,《པེ་》《སྣར་》,འདོམས།,,
,,2526,2,《པེ་》《སྣར་》,བསོ།,,
,,2527,3,《པེ་》《སྣར་》,དང་།,,
,,2528,4,《པེ་》《སྣར་》,དང་།,,
,,2529,5,《པེ་》《སྣར་》,སམ།,,
,720,2530,1,《པེ་》《སྣར་》,འདོམས།,,
,,2531,2,《པེ་》《སྣར་》,mདེ།,,
,,2532,3,《པེ་》《སྣར་》,རིས།,,
,721,2533,1,《པེ་》《སྣར་》,བསྒོམ།,,
,,2534,2,《པེ་》《སྣར་》,ལ།,,
,,2535,3,《པེ་》《སྣར་》,pསྣ།,,
,,2536,4,《པེ་》《སྣར་》,ཁྱེད་ལ་ཕན་པ།,,
,722,2537,1,《པེ་》《སྣར་》,འཁོད།,,
,,2538,2,《སྣར་》,pམེད་པ།,,
,,2539,3,《པེ་》《སྣར་》,འདོམས།,,
,,2540,4,《པེ་》《སྣར་》,mན།,,
,,2541,5,《པེ་》《སྣར་》,mབྱེད་པར།,,
,,2542,6,《པེ་》《སྣར་》,བཤུག་གིས།,,
,723,2543,1,《པེ་》《སྣར་》,འདོམས།,,
,,2544,2,《པེ་》《སྣར་》,mཕན།,,
,724,2545,1,《པེ་》《སྣར་》,mརབ་འབྱོར་གཞན་ཡང་བྱང་ཆུབ་སེམས་དཔའ་…...བར་ལས་ཡོངས་སུ་ཐར་རོ། (ཞེས་པའི་གཡུང་དྲུང་རྟགས་བར་གྱི་ཡི་གེ་འདི་རྣམས《པེ་》《སྣར་》ལ་མི་བཞུགས་པས་དཔེ་སྡུར་བྱུང་མེད།),,
,,2546,2,《སྣར་》,དེས།,,
,725,2547,1,《པེ་》《སྣར་》,དེ།,,
,727,2548,1,《པེ་》《སྣར་》,mཆོས།,,
,728,2549,1,《པེ་》《སྣར་》,རྟོག,,
,,2550,2,《པེ་》《སྣར་》,བུའམ།,,
,,2551,3,《པེ་》《སྣར་》,དམ།,,
,,2552,4,《པེ་》《སྣར་》,ཀྱིས།,,
,729,2553,1,《པེ་》《སྣར་》,གྱིས།,,
,,2554,2,《པེ་》《སྣར་》,འདོམས།,,
,730,2555,1,《པེ་》《སྣར་》,རྣམས།,,
,,2556,2,《པེ་》《སྣར་》,པས།,,
,731,2557,1,《པེ་》《སྣར་》,mལྟ།,,
,,2558,2,《པེ་》《སྣར་》,mནི།,,
,732,2559,1,《པེ་》《སྣར་》,mདེ།,,
,,2560,2,《པེ་》《སྣར་》,mགནས་པའམ། གང་།,,
,,2561,3,《པེ་》《སྣར་》,ཀྱིས།,,
,733,2562,1,《པེ་》《སྣར་》,བསྐྱེད།,,
,,2563,2,《པེ་》《སྣར་》,ཀྱི་གང་ཡང་སྤྱོད།,,
,,2564,3,《པེ་》《སྣར་》,པོ།,,
,,2565,4,《པེ་》《སྣར་》,mདེ།,,
,,2566,5,《པེ་》《སྣར་》,བྱས།,,
,734,2567,1,《པེ་》《སྣར་》,mརབ་འབྱོར།,,
,,2568,2,《པེ་》《སྣར་》,pརབ་འབྱོར།,,
,,2569,3,《པེ་》《སྣར་》,གནས།,,
,,2570,4,《པེ་》《སྣར་》,པོ།,,
,,2571,5,《པེ་》《སྣར་》,ཐོབ།,,
,735,2572,1,《པེ་》《སྣར་》,སུ།,,
,,2573,2,《པེ་》《སྣར་》,mདེ་བཞིན་གཤེགས་པའི་སྟོབས་བཅུ་དང་།,,
,,2574,3,《པེ་》《སྣར་》,mརྣམ་པར་ཐར་པ་དང་། མཐར་གྱིས་གནས་པའི་སྙོམས་པར་འཇུག་པ་དང་།,,
,736,2575,1,《པེ་》《སྣར་》,mདེ།,,
,,2576,2,《པེ་》《སྣར་》,པ།,,
,,2577,3,《པེ་》《སྣར་》,སྒྱུར།,,
,,2578,4,《པེ་》《སྣར་》,འཐོབ།,,
,,2579,5,《པེ་》《སྣར་》,པོས།,,
,,2580,6,《སྣར་》,གིས།,,
,,2581,7,《སྣར་》,ཀྱིས།,,
,737,2582,1,《པེ་》《སྣར་》,mནི།,,
,,2583,2,《པེ་》《སྣར་》,འཁྲུག,,
,,2584,3,《པེ་》《སྣར་》,mམ།,,
,,2585,4,《སྣར་》,mཔ།,,
,738,2586,1,《པེ་》《སྣར་》,ཏེ།,,
,,2587,2,《པེ་》《སྣར་》,mརྣམས།,,
,,2588,3,《པེ་》《སྣར་》《ཅོ་》,mག,,
,739,2589,1,《པེ་》《སྣར་》,ཀྱི།,,
,,2590,2,《པེ་》《སྣར་》,དང་།,,
,,2591,3,《སྣར་》,pཔ།,,
,740,2592,1,《པེ་》《སྣར་》,mནི།,,
,,2593,2,《སྣར་》,སྐྱེན།,,
,,2594,3,《པེ་》《སྣར་》,pཡང་དག་པར།,,
,,2595,4,《པེ་》《སྣར་》,བ།,,
,,2596,5,《པེ་》《སྣར་》,mདེ།,,
,,2597,6,《པེ་》《སྣར་》,བ།,,
,741,2598,1,《པེ་》《སྣར་》,mབའི་རྩ།,,
,,2599,2,《པེ་》《སྣར་》,ཀྱིས།,,
,,2600,3,《པེ་》《སྣར་》,གིས།,,
,,2601,4,《པེ་》《སྣར་》,བས་རྩལ།,,
,742,2602,1,《པེ་》《སྣར་》,བཏང་།,,
,,2603,2,《པེ་》《སྣར་》,དཔའི།,,
,,2604,3,《པེ་》《སྣར་》,mདེར།,,
,,2605,4,《པེ་》《སྣར་》,གིས།,,
,,2606,5,《སྣར་》,pཀྱིས།,,
,,2607,6,《པེ་》《སྣར་》,pཀྱིས།,,
,743,2608,1,《པེ་》《སྣར་》,ལ་བསྒོམས།,,
,,2609,2,《པེ་》《སྣར་》,pཀྱིས།,,
,,2610,3,《སྣར་》,mན།,,
,,2611,4,《པེ་》《སྣར་》,ཅིག,,
,,2612,5,《པེ་》《སྣར་》,mདག,,
,744,2613,1,《སྣར་》,mཡང་།,,
,745,2614,1,《པེ་》《སྣར་》,pདུ།,,
,,2615,2,《སྣར་》,ཕྱུང་།,,
,,2616,3,《པེ་》《སྣར་》,mཉིད།,,
,,2617,4,《པེ་》《སྣར་》,mནི།,,
,,2618,5,《པེ་》《སྣར་》,སྡོད་ཀྱང་།,,
,,2619,6,《པེ་》《སྣར་》,པར།,,
,,2620,7,《པེ་》《སྣར་》,སྦྱང་།,,
,,2621,8,《པེ་》《སྣར་》,ཅུའི།,,
,,2622,9,《པེ་》《སྣར་》,པར།,,
,,2623,10,《པེ་》《སྣར་》,mམི།,,
,746,2624,1,《པེ་》《སྣར་》,ཏེ།,,
,,2625,2,《སྣར་》,སྐྱེས་པར།,,
,,2626,3,《པེ་》《སྣར་》,mཡང་།,,
,,2627,4,《པེ་》《སྣར་》,གྲོལ།,,
,,2628,5,《པེ་》《སྣར་》,དེ།,,
,,2629,6,《པེ་》《སྣར་》,འཕྲིན།,,
,747,2630,1,《པེ་》《སྣར་》,mབཅོམ་ལྡན་འདས།,,
,,2631,2,《པེ་》《སྣར་》,པའོ།,,
,,2632,3,《པེ་》《སྣར་》,མ།,,
,748,2633,1,《པེ་》,བསྲུང་།,,
,,2634,2,《པེ་》《སྣར་》,སྒོམས།,,
,,2635,3,《པེ་》《སྣར་》,བསྒྲག,,
,,2636,4,《པེ་》《སྣར་》,mན།,,
,749,2637,1,《པེ་》《སྣར་》,pཀྱི།,,
,,2638,2,《པེ་》,སྐྱེས་ཀྱང་།,《སྣར་》,སྐྱེ་ཀྱང་།,
,,2639,3,《པེ་》《སྣར་》,mཡང་།,,
,,2640,4,《པེ་》《སྣར་》,འདུག,,
,750,2641,1,《པེ་》《སྣར་》,mཡོངས་སུ།,,
,,2642,2,《པེ་》《སྣར་》,mབར་འགྱུར།,,
,,2643,3,《པེ་》《སྣར་》,པོ།,,
,,2644,4,《པེ་》《སྣར་》,འཕྲིན།,,
,,2645,5,《སྣར་》,གྱུར།,,
,751,2646,1,《སྣར་》,mདེ།,,
,752,2647,1,《པེ་》《སྣར་》,mནི།,,
,,2648,2,《པེ་》《སྣར་》,ལྟར།,,
,,2649,3,《པེ་》《སྣར་》,བྱ་བ།,,
,753,2650,1,《སྣར་》,mལ།,,
,,2651,2,《པེ་》《སྣར་》,ཁོང་དུ།,,
,,2652,3,《པེ་》《སྣར་》,དེ་དང་།,,
,754,2653,1,《པེ་》《སྣར་》,mཡང་།,,
,,2654,2,《པེ་》《སྣར་》,བསྒྲུབ།,,
,,2655,3,《པེ་》《སྣར་》,རེ་ཞིང་།,,
,,2656,a,,,,
,755,2657,1,《པེ་》《སྣར་》,སྒྲུབ་སྟེ།,,
,,2658,2,《པེ་》《སྣར་》,མྱང་།,,
,,2659,3,《པེ་》《སྣར་》,དོ།,,
,,2660,4,《སྣར་》,mཔ།,,
,,2661,5,《པེ་》《སྣར་》,མྱང་།,,
,,2662,6,《པེ་》《སྣར་》,སྒྲུབ་སྟེ།,,
,,2663,7,《པེ་》《སྣར་》,mདེ།,,
,,2664,8,《པེ་》《སྣར་》,mལ།,,
,756,2665,1,《སྣར་》,mཔ།,,
,757,2666,1,《པེ་》《སྣར་》,ཏོ།།,,
,,2667,2,《སྣར་》,mསོང་།,,
,,2668,3,《པེ་》《སྣར་》,པ།,,
,,2669,4,《པེ་》《སྣར་》,mཇི་སྙེད་པ།,,
,,2670,5,《སྣར་》,གཅིག,,
,,2671,6,《པེ་》《སྣར་》,འཁྲུག,,
,,2672,7,《པེ་》《སྣར་》,ཏོ།།,,
,,2673,8,《པེ་》《སྣར་》,པ།,,
,,2674,a,,,,
,758,2675,1,《པེ་》《སྣར་》,pགང་།,,
,,2676,2,《པེ་》《སྣར་》,pགང་ཇི་སྙེད་པ།,,
,,2677,3,《པེ་》《སྣར་》,པ།,,
,,2678,4,《པེ་》《སྣར་》,ཅན།,,
,,2679,5,《པེ་》《སྣར་》,pགི།,,
,,a,6,《པེ་》《སྣར་》,ཀྱི།,,
,759,2680,1,《པེ་》《སྣར་》,pརྣམས།,,
,,2681,2,《པེ་》《སྣར་》,mནུབ་བྱང་དང་།,,
,,2682,3,《པེ་》《སྣར་》,mམཐར་གྱིས་གནས་པའི་སྙོམས་པར་འཇུག་པ་རྣམས་སམ།,,
,,2683,4,《པེ་》《སྣར་》,pམཐར་གྱི་གནས་པའི་སྙོམས་པར་འཇུག་པ་རྣམས་སམ།,,
,760,2684,1,《སྣར་》,གིས།,,
,,2685,2,《པེ་》《སྣར་》,པར།,,
,,2686,3,《པེ་》《སྣར་》,ཏོ།།,,
,,2687,4,《པེ་》《སྣར་》,འཁྲུག,,
,,2688,5,《པེ་》《སྣར་》,བྱ་བར།,,
,761,2689,1,《པེ་》《སྣར་》,pཅན།,,
,,2690,2,《པེ་》《སྣར་》,mཁྱེད་ཀྱིས།,,
,,2691,3,《པེ་》《སྣར་》,གྱིས།,,
,,2692,4,《སྣར་》,mདེ།,,
,,2693,5,《པེ་》《སྣར་》,ཏེ།,,
,762,2694,1,《པེ་》《སྣར་》,mཀྱིས།,,
,,2695,2,《པེ་》《སྣར་》,ཀྱི།,,
,,2696,3,《པེ་》《སྣར་》,mན།,,
,,2697,4,《པེ་》《སྣར་》,གི།,,
,,2698,5,《པེ་》《སྣར་》,དེ།,,
,,2699,6,《པེ་》《སྣར་》,mངོ་།།,,
,,2700,7,《པེ་》《སྣར་》,གྱི།,,
,763,2701,1,《པེ་》《སྣར་》,པའི།,,
,,2702,2,《པེ་》《སྣར་》,mདུ།,,
,,2703,3,《པེ་》《སྣར་》,གི།,,
,,2704,4,《པེ་》《སྣར་》,པར།,,
,,2705,5,《པེ་》《སྣར་》,ནམ།,,
,,2706,6,《པེ་》《སྣར་》,དེའི།,,
,765,2707,1,《པེ་》《སྣར་》,ཏོ།།,,
,,2708,2,《པེ་》《སྣར་》,བྱ་སྟེ།,,
,,2709,3,《པེ་》《སྣར་》,mཡོངས་སུ།,,
,,2710,4,《པེ་》《སྣར་》,བརྩེ།,,
,766,2711,1,《པེ་》《སྣར་》,བསྟན།,,
,,2712,2,《པེ་》《སྣར་》,འཕྲོག,,
,,2713,3,《པེ་》《སྣར་》,བརྩེ།,,
,,2714,4,《པེ་》《སྣར་》,བརྩེ།,,
,,2715,5,《སྣར་》,འཕྲིན།,,
,,2716,6,《པེ་》《སྣར་》,mཡོངས་སུ།,,
,767,2717,1,《པེ་》《སྣར་》,བཏང་།,,
,768,2718,1,《སྣར་》,pབྱམས་པ་ཆེན་པོ་དང་།,,
,,2719,2,《པེ་》《སྣར་》,བསྒོམ།,,
,,2720,3,《པེ་》《སྣར་》,mམ་འོངས་པ་དང་།,,
,,2721,4,《པེ་》《སྣར་》,དང་།,,
,,2722,5,《པེ་》《སྣར་》,བརྒལ།,,
,,2723,6,《པེ་》《སྣར་》,བརྒལ།,,
,,2724,7,《པེ་》《སྣར་》,བརྒལ།,,
,,2725,8,《པེ་》《སྣར་》,mཐམས་ཅད།,,
,769,2726,1,《པེ་》《སྣར་》,mཐམས་ཅད།,,
,,2727,2,《སྣར་》,འཕྲིན།,,
,770,2728,1,《པེ་》《སྣར་》,pའདི།,,
,,2729,2,《པེ་》《སྣར་》,བར།,,
,,2730,3,《པེ་》《སྣར་》,གིས།,,
,,2731,4,《པེ་》,ལམ་གྱི།,《སྣར་》,ལས་ཀྱི།,
,771,2732,1,《སྣར་》,pབྱམས་པ་ཆེན་པོ་དང་།,,
,,2733,2,《པེ་》《སྣར་》,ཟོད།,,
,772,2734,1,《པེ་》《སྣར་》,བ།,,
,,2735,2,《སྣར་》,པར།,,
,773,2736,1,《པེ་》《སྣར་》,mརྣམས།,,
,,2737,2,《པེ་》《སྣར་》,mའབྱུང་བར།,,
,,2738,3,《སྣར་》,mམེད་པ།,,
,,2739,4,《སྣར་》,mམེད་པ།,,
,,2740,5,《སྣར་》,mམེད་པ།,,
,,2741,6,《སྣར་》,mམེད་པ།,,
,,2742,7,《པེ་》《སྣར་》,འདུ།,,
,,2743,8,《པེ་》,མེད་པ་ལ་འདུ།,《སྣར་》,ལ་འདུ།,
,,2744,9,《སྣར་》,mམེད་པ།,,
,,2745,10,《སྣར་》,པར།,,
,,2746,11,《པེ་》《སྣར་》,པར།,,
,774,2747,1,《པེ་》《སྣར་》,འགྲེལ།,,
,,2748,2,《སྣར་》,རྗོད།,,
,,2749,3,《པེ་》《སྣར་》,གི།,,
,775,2750,1,《པེ་》《སྣར་》,ནས།,,
,,2751,2,《པེ་》《སྣར་》,འདས་པར།,,
,,2752,3,《སྣར་》,ལ།,,
,776,2753,1,《པེ་》《སྣར་》,mབཞི།,,
,,2754,2,《པེ་》《སྣར་》,mདེ།,,
,,2755,3,《པེ་》《སྣར་》,གཏོགས།,,
,,2756,4,《པེ་》《སྣར་》,གཏོགས།,,
,777,2757,1,《པེ་》,pསུ་མེད།,,
,,2758,2,《པེ་》《སྣར་》,དེ། ལམ་སྒོམ།,,
,,2759,3,《པེ་》《སྣར་》,དོ།,,
,,2760,4,《པེ་》《སྣར་》,mན།,,
,,2761,5,《པེ་》《སྣར་》,mཉིད།,,
,,2762,6,《པེ་》《སྣར་》,ལྟ།,,
,778,2763,1,《པེ་》《སྣར་》,མ།,,
,,2764,2,《པེ་》《སྣར་》,བསློབ།,,
,,2765,3,《པེ་》,བསློབ།,,
,780,2766,1,《སྣར་》,mལ།,,
,,2767,2,《སྣར་》,mབྱམས་པ།,,
,781,2768,1,《པེ་》《སྣར་》,mསེམས་དཔའ་ཆེན་པོ།,,
,,2769,2,《པེ་》《སྣར་》,པའོ།།,,
,,2770,3,《པེ་》《སྣར་》,ཞེས།,,
,,2771,4,《སྣར་》,mཔ།,,
,,2772,5,《པེ་》《སྣར་》,mསེམས་དཔའ་ཆེན་པོ།,,
,,2773,6,《པེ་》《སྣར་》,འདི།,,
,782,2774,1,《སྣར་》,འདིའི།,,
,,2775,2,《པེ་》《སྣར་》,མ།,,
,,2776,3,《པེ་》《སྣར་》,པའི།,,
,783,2777,1,《པེ་》《སྣར་》,mའདི།,,
,,2778,2,《པེ་》《སྣར་》,mཔ་ཁོ་ནའོ།,,
,,2779,3,《པེ་》《སྣར་》,pལགས།,,
,,2780,4,《སྣར་》,mཔ།,,
,784,2781,1,《པེ་》《སྣར་》,mན།,,
,,2782,2,《སྣར་》,pནི།,,
,785,2783,1,《པེ་》《སྣར་》,mཀྱི།,,
,,2784,2,《པེ་》《སྣར་》,mམ་མཆིས་པའོ།། …...དོན་དམ་པར་དབྱིངས་བརྗོད་དུ།,,
,,2785,3,《པེ་》《སྣར་》,mརྣམས།,,
,786,2786,1,《སྣར་》,mབར།,,
,,2787,2,《པེ་》《སྣར་》,འདའ་བར།,,
,787,2788,1,《པེ་》《སྣར་》,པ།,,
,,2789,2,《པེ་》《སྣར་》,སྟེ།,,
,,2790,3,《པེ་》《སྣར་》,རྟོག,,
,,2791,4,《པེ་》《སྣར་》,བཟུང་།,,
,788,2792,1,《པེ་》《སྣར་》,pམ།,,
,,2793,2,《པེ་》《སྣར་》,བ་ལ་བཏགས།,,
,,2794,3,《པེ་》《སྣར་》,mལ།,,
,789,2795,1,《པེ་》,བརྟགས་པ་ཡང་།,《སྣར་》,རྟགས་པ་ཡང་།,
,,2796,2,《པེ་》《སྣར་》,བྱའོ།,,
,,2797,3,《པེ་》《སྣར་》,mརྣམས།,,
,790,2798,1,《པེ་》《སྣར་》,བརྟགས།,,
,,2799,2,《སྣར་》,རྟོག,,
,,2800,3,《པེ་》《སྣར་》,mགང་།,,
,,2801,4,《པེ་》《སྣར་》,བརྟགས།,,
,,2802,5,《པེ་》《སྣར་》,mབར་གྱི།,,
,,2803,6,《སྣར་》,གྱིས།,,
,,2804,7,《པེ་》《སྣར་》,དེ།,,
,791,2805,1,《པེ་》《སྣར་》,ཀུན།,,
,,2806,2,《པེ་》《སྣར་》,mནི་གང་ལགས། རྫས་སུ་མ་མཆིས་པ།,,
,,2807,3,《པེ་》《སྣར་》,pརྣམ་པ།,,
,,2808,4,《པེ་》《སྣར་》,pརྣམ་པ།,,
,792,2809,1,《པེ་》,བྱུང་བའི།,《སྣར་》,གྱུར་པའི།,
,,2810,2,《པེ་》《སྣར་》,mགང་།,,
,,2811,3,《པེ་》,རྟོགས་པའི།,《སྣར་》,རྟོགས།,
,793,2812,1,《པེ་》《སྣར་》,mསོ།,,
,,2813,2,《པེ་》《སྣར་》,pགང་།,,
,,2814,3,《པེ་》《སྣར་》,གང་།,,
,794,2815,1,《སྣར་》,mདུ།,,
,,2816,2,《པེ་》《སྣར་》,མེད།,,
,,2817,3,《པེ་》《སྣར་》,pདེ།,,
,,2818,4,《པེ་》《སྣར་》,pསེམས་དཔའ་ཆེན་པོ།,,
,,2819,5,《སྣར་》,ཀྱིས།,,
,,2820,6,《སྣར་》,ལྟར།,,
,,2821,7,《པེ་》《སྣར་》,བལྟ།,,
,795,2822,1,《པེ་》《སྣར་》,མི།,,
,,2823,2,《པེ་》《སྣར་》,mམ་ཡིན་མི་སྤོང་བ་ཡང་།,,
,,2824,3,《པེ་》《སྣར་》,mདུ།,,
,,2825,4,《པེ་》《སྣར་》,དེ།,,
,796,2826,1,《པེ་》《སྣར་》,pཔ་ལགས།,,
,,2827,2,《པེ་》《སྣར་》,mམ།,,
,,2828,3,《པེ་》《སྣར་》,བརྩམས།,,
,,2829,4,《པེ་》《སྣར་》,mལ།,,
,,2830,5,《པེ་》《སྣར་》,གཏང་།,,
,,2831,6,《པེ་》《སྣར་》,འདི།,,
,,2832,7,《པེ་》《སྣར་》,mཡང་།,,
,797,2833,1,《པེ་》《སྣར་》,mདེ།,,
,,2834,2,《པེ་》《སྣར་》,དུ།,,
,,2835,3,《པེ་》《སྣར་》,ལ།,,
,,2836,4,《པེ་》《སྣར་》,གཏང་།,,
,,2837,5,《པེ་》《སྣར་》,གཏང་།,,
,,2838,6,《པེ་》《སྣར་》,pམ།,,
,,2839,7,《པེ་》《སྣར་》,གཏང་།,,
,798,2840,1,《པེ་》《སྣར་》,ཀྱི།,,
,,2841,2,《པེ་》《སྣར་》,པ།,,
,,2842,3,《སྣར་》,འཐོབ།,,
,,2843,4,《པེ་》《སྣར་》,pས།,,
,799,2844,1,《པེ་》《སྣར་》,mནི།,,
,,2845,2,《སྣར་》,བསྐྱོང་།,,
,,2846,3,《པེ་》《སྣར་》,བསྔོ།,,
,,2847,4,《པེ་》《སྣར་》,བསྔོ།,,
,,2848,5,《སྣར་》,གནས།,,
,800,2849,1,《པེ་》《སྣར་》,དཔའ་སེམས་དཔའ་ཆེན་པོའི།,,
,,2850,2,《པེ་》《སྣར་》,pབ།,,
,,2851,3,《སྣར་》,གྱི།,,
,,2852,4,《པེ་》《སྣར་》,འདི།,,
,,2853,5,《པེ་》《སྣར་》,འོད།,,
,801,2854,1,《པེ་》《སྣར་》,འགོད་པར།,,
,802,2855,1,《པེ་》《སྣར་》,ཀྱི།,,
,803,2856,1,《པེ་》《སྣར་》,mའབྲས་བུ་ཆེ་དང་།,,
,,2857,2,《པེ་》《སྣར་》,mསྐྱེ་མཆེད་ཀྱི།,,
,804,2858,1,《པེ་》《སྣར་》,པའོ།,,
,805,2859,1,《སྣར་》,pསེམས་དཔའ།,,
,,2860,2,《པེ་》《སྣར་》,གིར།,,
,,2861,3,《པེ་》《སྣར་》,mདེ་བཞིན་མ་ནོར་བ།,,
,,2862,4,《པེ་》《སྣར་》,བཤུལ།,,
,,2863,5,《པེ་》《སྣར་》,ནས།,,
,,2864,6,《སྣར་》,གཏོག,,
,,2865,7,《པེ་》《སྣར་》,པ།,,
,,2866,8,《པེ་》《སྣར་》,mགང་།,,
,806,2867,1,《པེ་》《སྣར་》,mལ།,,
,,2868,2,《པེ་》《སྣར་》,mལྟ་བུ།,,
,,2869,3,《པེ་》《སྣར་》,pགང་།,,
,,2870,4,《པེ་》《སྣར་》,བསླུ།,,
,807,2871,1,《སྣར་》,mདེ།,,
,,2872,2,《པེ་》《སྣར་》,བསྒོམ།,,
,,2873,3,《པེ་》《སྣར་》,འགྱུར་བ།,,
,808,2874,1,《པེ་》《སྣར་》,mའབྲས་བུ་ཆེ་དང་།,,
,,2875,2,《པེ་》《སྣར་》,གྱིས།,,
,,2876,3,《པེ་》《སྣར་》,mལམ།,,
,810,2877,1,《པེ་》《སྣར་》,སྤོང་།,,
,811,2878,1,《པེ་》《སྣར་》,mའབྲས་བུ་ཆེ་དང་།,,
,,2879,2,《པེ་》《སྣར་》,བ་དང་།,,
,,2880,3,《པེ་》《སྣར་》,mདེ།,,
,812,2881,1,《པེ་》《སྣར་》,བསྒོམ།,,
,,2882,2,《སྣར་》,mབཀའ།,,
,,2883,3,《པེ་》《སྣར་》,mསྐྱེ་མཆེད།,,
,813,2884,1,《པེ་》《སྣར་》,mཡང་།,,
,,2885,2,《པེ་》《སྣར་》,བསྒོམ།,,
,,2886,3,《པེ་》《སྣར་》,གཞི།,,
,,2887,4,《པེ་》《སྣར་》,ཡེ།,,
,814,2888,1,《པེ་》《སྣར་》,pསྟེ།,,
,816,2889,1,《པེ་》《སྣར་》,mབྱམས་པ་ཆེན་པོ་དང་།,,
,,2890,2,《པེ་》《སྣར་》,བྱ།,,
,,2891,3,《པེ་》《སྣར་》,mཡོངས་སུ།,,
,,2892,4,《པེ་》《སྣར་》,བྱས་ཏེ།,,
,,2893,5,《པེ་》《སྣར་》,mསྒྱུ་མ་ལྟ་བུ་དང་།,,
,,2894,6,《པེ་》《སྣར་》,པོ།,,
,818,2895,1,《སྣར་》,mཔ།,,
,,2896,2,《པེ་》《སྣར་》,mབཅུ།,,
,,2897,3,《སྣར་》,mརྫོགས་པར།,,
,819,2898,1,《པེ་》《སྣར་》,མ།,,
,,2899,2,《སྣར་》,mརྫོགས་པར།,,
,820,2900,1,《པེ་》《སྣར་》,ཀྱི།,,
,,2901,2,《པེ་》《སྣར་》,སྒྲུབ།,,
,,2902,3,《པེ་》《སྣར་》,ནི།,,
,821,2903,1,《པེ་》《སྣར་》,རྩོམ།,,
,,2904,2,《པེ་》《སྣར་》,mརྣམས།,,
,,2905,3,《པེ་》《སྣར་》,pརྣམས།,,
,,2906,4,《པེ་》《སྣར་》,གྱི།,,
,822,2907,1,《པེ་》《སྣར་》,mམ།,,
,,2908,2,《པེ་》《སྣར་》,རྩོམ།,,
,823,2909,1,《སྣར་》,མིག,,
,824,2910,1,《སྣར་》,དང་།,,
,,2911,2,《པེ་》《སྣར་》,བ་མ་གཏོགས།,,
,,2912,3,《སྣར་》,pཆོས་ཀྱི་བཟུང་དུ་མེད་པའི།,,
,825,2913,1,《པེ་》《སྣར་》,བསྲུང་།,,
,,2914,2,《པེ་》《སྣར་》,འཇུག,,
,826,2915,1,《སྣར་》,གྲོལ།,,
,,2916,2,《སྣར་》,pབའི།,,
,,2917,3,《པེ་》《སྣར་》,mམཐོང་བ་པོའི་འདུ་ཤེས་སམ།,,
,,2918,4,《པེ་》《སྣར་》,mསྤྱད་པ།,,
,827,2919,1,《པེ་》《སྣར་》,དོ།།,,
,,2920,2,《པེ་》《སྣར་》,mའདི་ནི་ཐོབ་པའོ།།,,
,,2921,3,《པེ་》《སྣར་》,mཆོས།,,
,,2922,4,《པེ་》《སྣར་》,mཉིད།,,
,,2923,5,《པེ་》《སྣར་》,pཔོ།,,
,,2924,6,《སྣར་》,རབ།,,
,828,2925,1,《པེ་》《སྣར་》,པོ།,,
,,2926,2,《པེ་》《སྣར་》,སྒྱུར།,,
,,2927,3,《སྣར་》,pམ།,,
,,2928,4,《པེ་》《སྣར་》,སྒྱུར།,,
,,2929,5,《སྣར་》,ཀྱིས།,,
,,2930,6,《སྣར་》,ཀྱིས།,,
,,2931,7,《སྣར་》,པའི།,,
,829,2932,1,《པེ་》《སྣར་》,mཐམས་ཅད།,,
,,2933,2,《པེ་》《སྣར་》,བོ།,,
,,2934,3,《པེ་》《སྣར་》,ཀྱི།,,
,830,2935,1,《པེ་》《སྣར་》,ཀྱི།,,
,831,2936,1,《པེ་》《སྣར་》,pལ།,,
,,2937,2,《པེ་》《སྣར་》,ཀྱི།,,
,832,2938,1,《སྣར་》,པ།,,
,833,2939,1,《པེ་》《སྣར་》,པའི།,,
,,2940,2,《པེ་》《སྣར་》,ཀྱི།,,
,,2941,3,《པེ་》《སྣར་》,mམ།,,
,,2942,4,《པེ་》《སྣར་》,སོ།,,
,,2943,5,《པེ་》《སྣར་》,པའི།,,
,,2944,6,《པེ་》《སྣར་》《ཅོ་》,ཀྱི།,,
,,2945,7,《པེ་》《སྣར་》,pརྣམས།,,
,,2946,8,《པེ་》《སྣར་》,mདང་།,,
,834,2947,1,《པེ་》《སྣར་》,mགཞན་མ་ཡིན་པ་དེ་བཞིན་ཉིད་དང་།,,
,,2948,2,《པེ་》《སྣར་》,པའི།,,
,,2949,3,《པེ་》《སྣར་》,ཀྱི།,,
,,2950,4,《པེ་》《སྣར་》,ནོར་བ།,,
,835,2951,1,《པེ་》《སྣར་》,pགཞན།,,
,,2952,2,《པེ་》《སྣར་》,པའི།,,
,,2953,3,《པེ་》《སྣར་》,ཀྱི།,,
,,2954,4,《སྣར་》,པ།,,
,,2955,5,《པེ་》《སྣར་》,mརྣམས།,,
,836,2956,1,《སྣར་》,ཀྱིས།,,
,,2957,2,《པེ་》《སྣར་》,mརྣམས།,,
,837,2958,1,《པེ་》《སྣར་》,mཉིད་ཀྱི་ཆོས།,,
,,2959,2,《པེ་》《སྣར་》,mརྣམས།,,
,,2960,3,《པེ་》《སྣར་》,mཇི་ལྟར།,,
,838,2961,1,《པེ་》《སྣར་》,བརྩེ།,,
,,2962,2,《པེ་》《སྣར་》,བརྩེ།,,
,,2963,3,《པེ་》《སྣར་》,པའི།,,
,,2964,4,《པེ་》《སྣར་》,ཀྱི།,,
,839,2965,1,《པེ་》《སྣར་》,ནི།,,
,,2966,2,《པེ་》《སྣར་》,སྟོང་པ།,,
,840,2967,1,《པེ་》《སྣར་》,pབར་གྱི།,,
,,2968,2,《པེ་》《སྣར་》,mརྣམས།,,
,841,2969,1,《སྣར་》,ཀྱིས།,,
,,2970,2,《སྣར་》,སྒོམས།,,
,,2971,3,《པེ་》《སྣར་》,pན།,,
,,2972,4,《སྣར་》,mདེ་ལ།,,
,,2973,5,《པེ་》《སྣར་》,པའི།,,
,,2974,6,《པེ་》《སྣར་》,པའི།,,
,,2975,7,《པེ་》《སྣར་》,ཀྱི།,,
,842,2976,1,《པེ་》《སྣར་》,ཀྱི།,,
,,2977,2,《པེ་》《སྣར་》,ལ།,,
,,2978,3,《སྣར་》,ཡང་།,,
,,2979,4,《སྣར་》,pཡང་།,,
,,2980,5,《སྣར་》,གུས།,,
,,2981,6,《པེ་》《སྣར་》,དེ།,,
,,2982,7,《པེ་》《སྣར་》,པས།,,
,,2983,8,《སྣར་》,རྣམ་པར།,,
,843,2984,1,《པེ་》《སྣར་》,pལ།,,
,,2985,2,《པེ་》《སྣར་》,ཀྱི།,,
,,2986,3,《སྣར་》,pབྱེད་པ་པོའི་འདུ་ཤེས་དང་། ཚོར་བ་པོའི་འདུ་ཤེས་དང་།,,
,844,2987,1,《སྣར་》,ཕྲལ་བ།,,
,,2988,2,《པེ་》《སྣར་》,mརྣམས།,,
,,2989,3,《སྣར་》,pཅིང་།,,
,845,2990,1,《པེ་》《སྣར་》,pཡང་།,,
,,2991,2,《པེ་》《སྣར་》,ཀྱི།,,
,,2992,3,《པེ་》《སྣར་》,དམ།,,
,846,2993,1,《པེ་》《སྣར་》,ཉིད་གང་།,,
,,2994,2,《པེ་》《སྣར་》,ཀྱི།,,
,,2995,3,《པེ་》《སྣར་》,ཀྱི།,,
,,2996,4,《པེ་》《སྣར་》,དཔའི།,,
,,2997,5,《པེ་》《སྣར་》,ཀྱི།,,
,,2998,6,《པེ་》《སྣར་》,སའི།,,
,,2999,7,《པེ་》《སྣར་》,སྦྱོར།,,
,,3000,8,《པེ་》《སྣར་》,mསྤངས།,,
,847,3001,1,《པེ་》《སྣར་》,ཀྱིས།,,
,,3002,2,《པེ་》《སྣར་》,གྱུར།,,
,,3003,3,《པེ་》《སྣར་》,བ།,,
,,3004,4,《པེ་》《སྣར་》,ནོ།། །།,,
,,3005,5,《པེ་》《སྣར་》,ལགས།,,
,848,3006,1,《པེ་》《སྣར་》,ཀ་ཏྱ།,,
,,3007,2,《སྣར་》,འཕངས།,,
,,3008,3,《པེ་》《སྣར་》《ཅོ་》,mའདས།,,
,,3009,4,《པེ་》《སྣར་》,སྒོམ།,,
,,3010,5,《པེ་》《སྣར་》,ཀྲུགས།,,
,,3011,6,《པེ་》《སྣར་》,ལྟ།,,
,,3012,7,《པེ་》《སྣར་》,mཔ་མཁས།,,
,,3013,8,《སྣར་》,mརྒྱས།,,
,,3014,9,《པེ་》《སྣར་》,mའཕགས་པ།,,
,849,3015,1,《པེ་》《སྣར་》,བྱས།,,
,,3016,2,《པེ་》《སྣར་》,པས།,,
,,3017,3,《པེ་》,mམངྒཱ་ལཾ།། ལན་གཅིག་ཞུས།,《སྣར་》,སརྦ་མངྒཱ་ལཾ།,
,,,,,,,
,,,,,ཆོས་མཚན་འདིར་ a རྟགས་ཅན་ ༡༧ ཡོད།།,,
