མཚན་བྱང་།,ཤོག་གྲངས།,1,མཆན་གྲངས།,པར་མ།,མཆན།
བཞི་བརྒྱ་པའི་འགྲེལ་པ་སློབ་དཔོན་ཟླ་བ་གྲགས་པས་མཛད་པ་བཞུགས་སོ།,1008,2,1,,མཚན་བྱང་འདི་ཆོས་ཚན་འདིའི་མཚན་བོད་སྐད་དུ་སྨོས་པ་ལྟར་བཀོད་ཅིང། 《པེ་》《སྣར་》ལ་༄༅། །བཞི་བརྒྱ་པའི་འགྲེལ་པ་སློབ་དཔོན་ཟླ་བ་གྲགས་པས་མཛད་པ་བཞུགས་སོ། །ཞེས་འཁོད། 
,,3,2,《པེ་》《སྣར་》,ཙཱརྱ།
,,4,3,《པེ་》《སྣར་》,ཀ
,,5,4,《པེ་》《སྣར་》,mབ།
,,6,5,《སྣར་》,mཔོ།
,1009,7,1,《པེ་》《སྣར་》,pནི།
,,8,2,《པེ་》《སྣར་》,བཟུང།
,1010,9,1,《སྣར་》,དགོད།
,,10,2,《པེ་》《སྣར་》,རྣམ།
,,11,3,《པེ་》《སྣར་》,བྱུང།
,,12,4,《པེ་》《སྣར་》,བརྒྱུད།
,,13,5,《པེ་》《སྣར་》,གྱུར་ཅིང།
,,14,6,《པེ་》,ཆོས།
,1011,15,1,《པེ་》《སྣར་》,རྟོག
,,16,2,《པེ་》《སྣར་》,འགག
,1012,17,1,《པེ་》《སྣར་》,ཥུན།
,,18,2,《པེ་》《སྣར་》,སྣང།
,,19,3,《པེ་》《སྣར་》,mནི།
,,20,4,《པེ་》,གནན།
,,21,5,《སྣར་》,པས།
,,22,6,《སྣར་》,བུར།
,,23,7,《པེ་》《སྣར་》,ཅིང།
,,24,8,《པེ་》《སྣར་》,pདག
,,25,9,《པེ་》《སྣར་》,pགྱུར་པར།
,,26,10,《པེ་》《སྣར་》,དེའི་ཕྱིར་སྤྱོ།
,,27,11,《པེ་》,mཔ།
,,28,12,《སྣར་》,ཆོས།
,,29,13,《པེ་》《སྣར་》,mདེ།
,1013,30,1,《པེ་》《སྣར་》,སྤྱོ།
,,31,2,《པེ་》《སྣར་》,mམ།
,,32,3,《པེ་》《སྣར་》,དུག
,,33,4,《པེ་》,ཆགས།
,,34,5,《པེ་》《སྣར་》,སྐྱོན།
,,35,6,《པེ་》《སྣར་》,པོ།
,,36,7,《པེ་》《སྣར་》,བཟུང།
,,37,8,《པེ་》《སྣར་》,ཀྱིས།
,,38,9,《པེ་》,བསོད།
,,39,10,《པེ་》,mལ།
,,40,11,《པེ་》《སྣར་》,གྱུར།
,,41,12,《པེ་》《སྣར་》,ནས།
,1014,42,1,《པེ་》《སྣར་》,ལྟ།
,,43,2,《པེ་》《སྣར་》,བཟློག
,,44,3,《པེ་》《སྣར་》,སྤྲོད།
,,45,4,《པེ་》《སྣར་》,བསད།
,,46,5,《པེ་》《སྣར་》,mབོ།
,,47,6,《པེ་》《སྣར་》,མཐའ།
,,48,7,《པེ་》,དེ།
,,49,8,《པེ་》《སྣར་》,བོ།
,1015,50,1,《པེ་》《སྣར་》,གྲངས།
,,51,2,《པེ་》《སྣར་》,བཤེད།
,,52,3,《པེ་》《སྣར་》,བགོམ།
,,53,4,《པེ་》《སྣར་》,སྐྱེན།
,,54,5,《པེ་》《སྣར་》,བ།
,,55,6,《པེ་》《སྣར་》,བསད།
,,56,7,《པེ་》,བསོད།
,,57,8,《པེ་》《སྣར་》,བཟློག
,,58,9,《པེ་》《སྣར་》,དེ།
,1016,59,1,《པེ་》《སྣར་》,པོའི་རེ་བ་རིག་པ།
,,60,2,《པེ་》《སྣར་》,ཀྱི།
,,61,3,《པེ་》《སྣར་》,ཏེ།
,,62,4,《པེ་》《སྣར་》,ལ།
,,63,5,《པེ་》《སྣར་》,mཔར།
,,64,6,《པེ་》《སྣར་》,བཅད།
,,65,7,《པེ་》《སྣར་》,བཅད།
,,66,8,《པེ་》《སྣར་》,བཅད།
,,67,9,《པེ་》《སྣར་》,pནི།
,,68,10,《པེ་》《སྣར་》,དམིགས།
,,69,11,《པེ་》《སྣར་》,བརྡལ།
,,70,12,《པེ་》《སྣར་》,ཏེ།
,1017,71,1,《པེ་》《སྣར་》,སླང།
,,72,2,《པེ་》《སྣར་》,སྣུན།
,,73,3,《པེ་》《སྣར་》,pགི།
,,74,4,《པེ་》《སྣར་》,གྱིས།
,,75,5,《པེ་》《སྣར་》,གྲགས།
,,76,6,《པེ་》《སྣར་》,pལ།
,,77,7,《པེ་》《སྣར་》,བརྡེག
,,78,8,《པེ་》《སྣར་》,pན།
,,79,9,《པེ་》《སྣར་》,སྨྲ་ཞིང།
,,80,10,《པེ་》《སྣར་》,པར།
,,81,11,《པེ་》,མོངས།
,,82,12,《ཅོ་》,པར།
,1018,83,1,《པེ་》《སྣར་》,ཚ།
,,84,2,《སྣར་》,མ།
,,85,3,《པེ་》《སྣར་》,མོངས་པ།
,,86,4,《པེ་》《སྣར་》,pནི།
,,87,5,《པེ་》《སྣར་》,དཔྱའ།
,,88,6,《པེ་》《སྣར་》,གྱིས་དེད་དཔོན་བསད་བྱ་བ།
,,89,7,《པེ་》《སྣར་》,དཔྱའ་འབུལ།
,,90,8,《པེ་》《སྣར་》,བཟུང།
,,91,9,《པེ་》《སྣར་》,བཟུང།
,,92,10,《པེ་》《སྣར་》,པ།
,,93,11,《པེ་》《སྣར་》,པོས།
,,94,12,《པེ་》《སྣར་》,བསད་པར་བྱ་བ་བསད་པར་བྱ་དགོས་སོ།
,,95,13,《པེ་》《སྣར་》,གྱུར།
,,96,14,《པེ་》《སྣར་》,བསད།
,,97,15,《པེ་》《སྣར་》,pལ།
,,98,16,《པེ་》《སྣར་》,mམི།
,1019,99,1,《པེ་》《སྣར་》,ཞིག
,,100,2,《པེ་》《སྣར་》,ཀྱི།
,,101,3,《པེ་》《སྣར་》,mལ།
,,102,4,《སྣར་》,མི།
,,103,5,《པེ་》《སྣར་》,mཔའི།
,,104,6,《པེ་》《སྣར་》,ག
,,105,7,《པེ་》《སྣར་》,བསླུ།
,,106,8,《པེ་》,དམགས།
,,107,9,《པེ་》《སྣར་》,གྱི།
,,108,10,《པེ་》《སྣར་》,གཟན།
,,109,11,《པེ་》《སྣར་》,གཟན།
,,110,12,《པེ་》《སྣར་》,ནི།
,,111,13,《པེ་》,pནི།
,,112,14,《པེ་》《སྣར་》,པོའི།
,,113,15,《པེ་》《སྣར་》,ཏེ།
,,114,16,《པེ་》《སྣར་》,གཟན།
,1020,115,1,《པེ་》《སྣར་》,དང་བ།
,,116,2,《སྣར་》,མཐུ།
,,117,3,《པེ་》《སྣར་》,pམ
,,118,4,《པེ་》《སྣར་》,བསད།
,,119,5,《སྣར་》,ཅེས།
,,120,6,《པེ་》,མོངས།
,,121,7,《པེ་》《སྣར་》,pབ།
,,122,8,《པེ་》《སྣར་》,བསད།
,,123,9,《པེ་》《སྣར་》,མི།
,1021,124,1,《པེ་》《སྣར་》,འགགས།
,,125,2,《པེ་》《སྣར་》,pནི།
,,126,3,《པེ་》《སྣར་》,གསོད་སའི།
,,127,4,《པེ་》《སྣར་》,བསད།
,,128,5,《པེ་》,གསོག་སའི་ཕྱུགས།,《སྣར་》
,,129,6,《པེ་》《སྣར་》,ཀྱི།
,,130,7,《སྣར་》,འདི་ལྟར།
,,131,8,《པེ་》《སྣར་》,སང།
,1022,132,1,《པེ་》《སྣར་》,བྱ་བ།
,,133,2,《པེ་》《སྣར་》,བཟའི།
,,134,3,《པེ་》《སྣར་》,དཔའོ།
,,135,4,《པེ་》《སྣར་》,ཅིང་། གཡུལ་ངོར།
,,136,5,《པེ་》《སྣར་》,བསྟན།
,,137,6,《པེ་》《སྣར་》,ཏེ།
,,138,7,《པེ་》《སྣར་》,ནོ།
,,139,8,《པེ་》《སྣར་》,བྱམས།
,,140,9,《པེ་》,རིགས།,《སྣར་》
,,141,10,《པེ་》《སྣར་》,ན།
,1023,142,1,《པེ་》《སྣར་》,བགོད་རྒོ།
,,143,2,《པེ་》《སྣར་》,ཡུ་བུ།
,,144,3,《པེ་》《སྣར་》,ཐུའོ།
,,145,4,《པེ་》《སྣར་》,ཡི།
,,146,5,《སྣར་》,པ་དང།
,,147,5,《པེ་》《སྣར་》,mཔའི།
,,148,7,《པེ་》《སྣར་》,mབྱས་ཏེ།
,,149,8,《སྣར་》,ན།
,1024,150,1,《པེ་》《སྣར་》,pསྤྱད་པར།
,,151,2,《པེ་》,འཚོངས།
,,152,3,《སྣར་》,བཅོངས།
,,153,4,《པེ་》《སྣར་》,སྒོའི།
,,154,5,《པེ་》《སྣར་》,འདྲོན་པའི།
,,155,6,《པེ་》《སྣར་》,བཙོངས་པར།
,,156,7,《པེ་》《སྣར་》,mཀྱང།
,,157,8,《པེ་》《སྣར་》,ཀྱིས།
,,158,9,《པེ་》《སྣར་》,mཔ།
,,159,10,《པེ་》《སྣར་》,ཀྱིས།
,1025,160,1,《པེ་》,ཕྱིན།
,,161,2,《པེ་》,འཇོགས།
,,162,3,《པེ་》《སྣར་》,pཡང།
,,163,4,《པེ་》《སྣར་》,mདང།
,,164,5,《པེ་》,mཅིག
,,165,6,《པེ་》《སྣར་》,mམ།
,,166,7,《པེ་》《སྣར་》,པས།
,,167,8,《པེ་》《སྣར་》,pཀྱང།
,1026,168,1,《པེ་》《སྣར་》,བློས།
,,169,2,《པེ་》《སྣར་》,mམ།
,,170,3,《སྣར་》,རིག
,,171,4,《པེ་》《སྣར་》,སྤྲོ།
,,172,5,《པེ་》《སྣར་》,བས།
,,173,6,《པེ་》《སྣར་》,pདེ།
,,174,7,《པེ་》《སྣར་》,ན།
,1027,175,1,《པེ་》,སྣང།
,,176,2,《པེ་》《སྣར་》,mདེའི་ཕྱིར།
,,177,3,《པེ་》《སྣར་》,ནོ།
,,178,4,《པེ་》《སྣར་》,སྤྱོད་པ།
,,179,5,《པེ་》《སྣར་》,ཞིང།
,,180,6,《པེ་》《སྣར་》,mཏེ།
,1028,181,1,《སྣར་》,ངེས།
,,182,2,《པེ་》《སྣར་》,mང།
,,183,3,《པེ་》《སྣར་》,བཟུང།
,,184,4,《པེ་》《སྣར་》,mགི།
,,185,5,《པེ་》《སྣར་》,རང།
,,186,6,《པེ་》《སྣར་》,དུ།
,,187,7,《པེ་》《སྣར་》,ཏེ།
,,188,8,《པེ་》《སྣར་》,བློ།
,,189,9,《པེ་》《སྣར་》,mདེ།
,,190,10,《པེ་》《སྣར་》,བློ་བུར་དུ།
,1029,191,1,《པེ་》,གྱི།
,,192,2,《སྣར་》,ཏོལ།
,,193,3,《སྣར་》,ནོ།
,,194,4,《པེ་》《སྣར་》,རྟོགས།
,,195,5,《པེ་》《སྣར་》,པ།
,,196,6,《པེ་》,pཔ།
,,197,7,《པེ་》《སྣར་》,བྱེད་པར།
,,198,7,《པེ་》《སྣར་》,རྩམས།
,1030,199,1,《སྣར་》,ཆེ།
,,200,2,《སྣར་》,pབ།
,,201,3,《པེ་》《སྣར་》,བ།
,,202,4,《པེ་》《སྣར་》,པ་དེའི།
,,203,5,《པེ་》《སྣར་》,ཀྱིས།
,,204,6,《པེ་》《སྣར་》,mནི།
,,205,7,《པེ་》《སྣར་》,རླག
,,206,8,《པེ་》《སྣར་》,རླག
,1031,207,1,《པེ་》《སྣར་》,རྒལ།
,,208,2,《པེ་》《སྣར་》,mགི།
,,209,3,《པེ་》《སྣར་》,འདིའི།
,,210,4,《པེ་》《སྣར་》,གྱིས།
,,211,5,《པེ་》《སྣར་》,ལ།
,,212,6,《པེ་》,དུ།
,,213,7,《པེ་》《སྣར་》,སྐྱོན།
,,214,8,《པེ་》《སྣར་》,བསད།
,,215,9,《པེ་》《སྣར་》,བརྟན།
,1032,216,1,《པེ་》《སྣར་》,པ་འང།
,,217,2,《པེ་》《སྣར་》,mནི།
,,218,3,《པེ་》《སྣར་》,ལས།
,,219,4,《པེ་》《སྣར་》,ཆུ།
,,220,5,《པེ་》《སྣར་》,mལྷ།
,,221,6,《པེ་》《སྣར་》,pབདག་ཉིད།
,,222,7,《སྣར་》,དུ།
,,223,8,《པེ་》《སྣར་》,འགེད།
,,224,9,《པེ་》《སྣར་》,ཞིང།
,,225,10,《སྣར་》,བརྟགས།
,,226,11,《པེ་》《སྣར་》,mན།
,1033,227,1,《པེ་》,འབྲལ།
,,228,2,《པེ་》《སྣར་》,mཀྱང།
,,229,3,《པེ་》《སྣར་》,pཡང།
,,230,4,《པེ་》《སྣར་》,ཕྱི།
,,231,5,《སྣར་》,ལྟུང།
,,232,6,《པེ་》《སྣར་》,རྟོག
,1034,233,1,《པེ་》《སྣར་》,mན།
,,234,2,《པེ་》《སྣར་》,བུ།
,,235,3,《སྣར་》,སྲིད།
,,236,4,《པེ་》《སྣར་》,རྒྱ།
,,237,5,《པེ་》《སྣར་》,mབར།
,,238,6,《པེ་》《སྣར་》,mསླར།
,,239,7,《པེ་》《སྣར་》,བགོས།
,,240,8,《པེ་》《སྣར་》,རིག
,,241,9,《པེ་》《སྣར་》,གྱིས།
,1035,242,1,《པེ་》《སྣར་》,mལ།
,,243,2,《པེ་》,འགའ།
,,244,3,《པེ་》,སྟེ།
,,245,4,《པེ་》《སྣར་》,བའི།
,,246,5,《པེ་》《སྣར་》,སྣ།
,1036,247,1,《པེ་》《སྣར་》,སྣ།
,,248,2,《པེ་》《སྣར་》,དེ་ནས།
,,249,3,《པེ་》《སྣར་》,སྣ།
,,250,4,《པེ་》《སྣར་》,mལ།
,,251,5,《སྣར་》,pབ།
,,252,6,《པེ་》,pའདོད་པ་དེ་ལ་ནི་གདོན་མི་ཟ་བར།
,,253,7,《པེ་》,དེས།
,,254,8,《པེ་》《སྣར་》,ཅེས།
,,255,9,《པེ་》《སྣར་》,ན།
,,256,10,《པེ་》《སྣར་》,པོའི།
,1037,257,1,《པེ་》《སྣར་》,mངོ་།
,,258,2,《པེ་》《སྣར་》,pན།
,,259,3,《པེ་》《སྣར་》,ན།
,,260,4,《སྣར་》,གིས།
,,261,5,《པེ་》,བརྩ་བཏབ།,《སྣར་》
,,262,6,《པེ་》《སྣར་》,པ།
,1038,263,1,《པེ་》《སྣར་》,འགྱུར།
,,264,2,《པེ་》《སྣར་》,mདེ།
,,265,3,《པེ་》《སྣར་》,mའདི།
,,266,4,《པེ་》《སྣར་》,ཅིར་རིགས་ཤེས།
,,267,5,《པེ་》《སྣར་》,pན།
,1039,268,1,《པེ་》《སྣར་》,གི།
,,269,2,《པེ་》《སྣར་》,འབའ།
,,270,3,《པེ་》《སྣར་》,མངོན།
,,271,4,《པེ་》《སྣར་》,དཔྱའ།
,,272,5,《པེ་》《སྣར་》,འབུལ།
,,273,6,《པེ་》《སྣར་》,དཔྱའ།
,,274,7,《པེ་》《སྣར་》,pདུ།
,,275,8,《པེ་》《སྣར་》,བཏང།
,,276,9,《པེ་》《སྣར་》,བཏང།
,,277,10,《སྣར་》,སྐྱེད།
,,278,11,《པེ་》《སྣར་》,འཚལ།
,,279,12,《པེ་》《སྣར་》,ནི།
,,280,13,《པེ་》《སྣར་》,གསལ།
,,281,14,《སྣར་》,སྙམས།
,,282,15,《པེ་》《སྣར་》,གཏོང།
,,283,16,《པེ་》《སྣར་》,བཏང།
,1040,284,1,《པེ་》《སྣར་》,བརྡར།
,,285,2,《པེ་》《སྣར་》,བཏང།
,,286,3,《པེ་》《སྣར་》,བཙལ་བས་ཅི་ཞིག
,,287,4,《པེ་》《སྣར་》,བརྡར།
,,288,5,《པེ་》《སྣར་》,mཡང།
,,289,6,《པེ་》《སྣར་》,mབ།
,,290,7,《པེ་》《སྣར་》,བཟུང།
,,291,8,《པེ་》《སྣར་》,སྒོམ།
,,292,9,《པེ་》《སྣར་》,mཕྱིར།
,1041,293,1,《པེ་》《སྣར་》,ཀྱི།
,,294,2,《པེ་》《སྣར་》,པའི།
,,295,3,《པེ་》《སྣར་》,།།
,,296,4,《སྣར་》,mདང།
,,297,5,《པེ་》《སྣར་》,སྣུན།
,,298,6,《པེ་》《སྣར་》,པའི།
,,299,7,《པེ་》《སྣར་》,བརྟག་པ།
,1042,300,1,《པེ་》《སྣར་》,mབར།
,,301,2,《སྣར་》,གྱུར་པ།
,,302,3,《པེ་》《སྣར་》,འཆིང།
,,303,4,《སྣར་》,ནི་འཆག,《པེ་》
,,304,5,《པེ་》《སྣར་》,འདི།
,,305,6,《པེ་》《སྣར་》,བསྲུང་བར་བྱ་བ།
,,306,7,《སྣར་》,ཁྱད།
,1043,307,1,《པེ་》《སྣར་》,pགང།
,,308,2,《པེ་》《སྣར་》,mཁོ་ན།
,,309,3,《པེ་》,pབ།
,,310,4,《པེ་》《སྣར་》,དྲན།
,,311,5,《པེ་》《སྣར་》,བསད།
,,312,6,《པེ་》《སྣར་》,mཤ་ཟ་མོ།
,,313,7,《པེ་》《སྣར་》,པར།
,,314,8,《སྣར་》,mརོ།
,1044,315,1,《པེ་》《སྣར་》,འཇིག
,,316,2,《སྣར་》,སྙམས།
,,317,3,《པེ་》《སྣར་》,ལྷས།
,,318,4,《པེ་》《སྣར་》,གཏིང།
,,319,5,《པེ་》《སྣར་》,བཏགས།
,,320,6,《པེ་》《སྣར་》,བརྩིས།
,,321,7,《པེ་》《སྣར་》,འཕངས།
,,322,8,《པེ་》《སྣར་》,pནི།
,,323,9,《པེ་》,གྱི།
,1045,324,1,《པེ་》《སྣར་》,pམི།
,,325,2,《སྣར་》,དུ།
,,326,3,《པེ་》《སྣར་》,གྱིས།
,,327,4,《སྣར་》,གྱི།
,,328,5,《པེ་》《སྣར་》,སཱི།
,,329,6,《པེ་》《སྣར་》,སཱི།
,,330,7,《པེ་》《སྣར་》,mལ།
,,331,8,《པེ་》《སྣར་》,ལ།
,,332,9,《པེ་》《སྣར་》,སྒྲུབ།
,,333,10,《པེ་》《སྣར་》,པ།
,,334,11,《པེ་》《སྣར་》,སྙེག
,,335,12,《པེ་》《སྣར་》,བུ་ལ།
,,336,13,《པེ་》《སྣར་》,ལ།
,1046,337,1,《སྣར་》,ཡིན།,《ཅོ་》
,,338,2,《པེ་》《སྣར་》,འཕོངས།
,,339,3,《པེ་》《སྣར་》,འབྲེང།
,,340,4,《པེ་》《སྣར་》,འབྲང།
,,341,5,《པེ་》《སྣར་》,སྙེད།
,,342,6,《པེ་》《སྣར་》,སྒྲུབ།
,,343,7,《པེ་》《སྣར་》,སྙེད།
,1047,344,1,《པེ་》《སྣར་》,བུན།
,,345,2,《པེ་》《སྣར་》,mཔ།
,,346,3,《པེ་》《སྣར་》,འཚམས།
,,347,4,《པེ་》《སྣར་》,དེ།
,,348,5,《པེ》,མདོད་ཏེ།,《སྣར་》
,,349,6,《པེ་》《སྣར་》,mན།
,,350,7,《པེ་》《སྣར་》,དེར།
,,351,8,《སྣར་》,pནས།
,1048,352,1,《པེ་》《སྣར་》,ཀའི།
,,353,2,《པེ་》《སྣར་》,མཚོག
,,354,3,《པེ་》《སྣར་》,གི།
,,355,4,《པེ་》《སྣར་》,ནོན།
,,356,5,《པེ་》《སྣར་》,རིག
,1049,357,1,《པེ་》《སྣར་》,mནི།
,,358,2,《པེ་》《སྣར་》,བའི།
,,359,3,《སྣར་》,སྙམས།
,,360,4,《པེ་》《སྣར་》,mཀྱིས།
,,361,5,《པེ་》《སྣར་》,ཡིན།
,,362,6,《པེ་》《སྣར་》,ཀྱི།
,,363,7,《པེ་》《སྣར་》,བརླབས།
,,364,8,《སྣར་》,སྐྱེད།
,1050,365,1,《པེ་》《སྣར་》,བར།
,,366,2,《པེ་》《སྣར་》,དེས།
,,367,3,《པེ་》《སྣར་》,སད།
,,368,4,《པེ་》《སྣར་》,mདག
,1051,369,1,《སྣར་》,པ།
,,370,2,《པེ་》《སྣར་》,ལྟར།
,,371,3,《པེ་》,དེས།
,,372,4,《པེ་》《སྣར་》,དུ།
,1052,373,1,《པེ་》《སྣར་》,ཞིག་གཏོན།
,,374,2,《པེ་》《སྣར་》,ཆལ།
,,375,3,《པེ་》《སྣར་》,དེ།
,,376,4,《པེ་》《སྣར་》,mགྱིས།
,,377,5,《པེ་》,དེའི།
,,378,6,《པེ་》《སྣར་》,mཔ།
,,379,7,《པེ་》《སྣར་》,བ་དེའི།
,,380,8,《པེ་》《སྣར་》,ཀྱི།
,1053,381,1,《པེ་》《སྣར་》,mཤིན་ཏུ།
,,382,2,《པེ་》《སྣར་》,mལ།
,,383,3,《ཅོ་》,གིས།
,,384,4,《པེ་》《སྣར་》,པ།
,,385,5,《པེ་》,ཐབས།
,,386,6,《པེ་》《སྣར་》,pཀྱི་ནི།
,,387,7,《པེ་》《སྣར་》,འཐོབ།
,1054,388,1,《པེ་》《སྣར་》,ལྟར།
,,389,2,《པེ་》《སྣར་》,mདེ་ལྟ།
,,390,3,《པེ་》《སྣར་》,mབདེ་བ།
,,391,4,《པེ་》《སྣར་》,mནི།
,,392,5,《པེ་》《སྣར་》,གྱུར།
,,393,6,《པེ་》《སྣར་》,pལ།
,,394,7,《པེ་》《སྣར་》,པས།
,,395,8,《པེ་》《སྣར་》,དོ།
,1055,396,1,《པེ་》,ཉམས།
,,397,2,《པེ་》《སྣར་》,pགྱི།
,,398,3,《པེ་》《སྣར་》,སྲི།
,,399,4,《པེ་》《སྣར་》,mཆེས།
,,400,5,《པེ་》《སྣར་》,mཔ་ཡིན་ནོ། །དེའི་ཕྱིར་དེ་ལྟར་ན་སྡུག་བསྔལ་ཆེས་སྟོབས་དང་ལྡན།
,,401,6,《པེ་》《སྣར་》,ཀྱི།
,,402,7,《པེ་》《སྣར་》,mནི།
,,403,8,《པེ་》《སྣར་》,mབ་མཐོང།
,,404,9,《པེ་》《སྣར་》,pམ།
,,405,10,《པེ་》《སྣར་》,འགྱུར།
,,406,11,《སྣར་》,རྗོད།
,,407,12,《པེ་》《སྣར་》,pམ།
,1056,408,1,《པེ་》《སྣར་》,ཏུ།
,,409,2,《པེ་》《སྣར་》,འཇིགས།
,,410,3,《སྣར་》,འཆིས་བས།
,,411,4,《པེ་》《སྣར་》,མཆིན།
,,412,5,《པེ་》《སྣར་》,ཁམས།
,,413,6,《པེ་》《སྣར་》,དེ་ནས།
,,414,7,《པེ་》《སྣར་》,སྟེ།
,1057,415,1,《པེ་》《སྣར་》,pལ།
,,416,2,《སྣར་》,རྒྱུར།
,,417,3,《པེ་》《སྣར་》,pཀྱང།
,,418,4,《པེ་》《སྣར་》,pསོ།
,,419,5,《པེ་》《སྣར་》,pའང།
,1058,420,1,《པེ་》,mམི།
,,421,2,《པེ་》《སྣར་》,ཀྱི།
,,422,3,《པེ་》《སྣར་》,པ།
,,423,4,《པེ་》《སྣར་》,ཡང་བ།
,,424,5,《པེ་》《སྣར་》,ལྟ།
,,425,6,《པེ་》《སྣར་》,སྐམས།
,1059,426,1,《པེ་》《སྣར་》,mབསྡུས་པའི།
,,427,2,《པེ་》,ཡིས།
,,428,3,《པེ་》《སྣར་》,ཡང།
,,429,4,《པེ་》《སྣར་》,ལས་ལ།
,,430,5,《པེ་》《སྣར་》,pཡང་མི་བྱེད་པ་དེ་བཞིན།
,,431,6,《པེ་》《སྣར་》,དེ།
,,432,7,《པེ་》《སྣར་》,mདེ།
,,433,8,《པེ་》《སྣར་》,བཅོ་འཚོ།
,,434,9,《པེ་》,གྲངས་པའི་ཚེ་གྲངས་པའི།
,,435,10,《པེ་》《སྣར་》,བརྟེན།
,,436,11,《པེ་》,སྲིད།
,1060,437,1,《པེ་》《སྣར་》,དེ།
,,438,2,《པེ་》《སྣར་》,བསྟེན།
,,439,3,《པེ་》《སྣར་》,pནི།
,,440,4,《པེ་》《སྣར་》,ཞག
,,441,5,《པེ་》,འདས།
,,442,6,《པེ་》,འདས།
,,443,7,《པེ་》《སྣར་》,འདི་དང་། དེ།
,,444,8,《པེ་》《སྣར་》,བཙེས།
,,445,9,《པེ་》《སྣར་》,དང།
,,446,10,《པེ་》,རྟགས།
,,447,11,《པེ་》《སྣར་》,ལྷས།
,,448,12,《པེ་》《སྣར་》,འཕྲོའོ།
,,449,13,《པེ་》《སྣར་》,པར།
,,450,14,《པེ་》《སྣར་》,mབྱ།
,,451,15,《སྣར་》,གྱི།
,1061,452,1,《པེ་》《སྣར་》,mབརྐྱང་བ་དང།
,,453,2,《པེ་》《སྣར་》,བཞིན།
,,454,3,《པེ་》《སྣར་》,ལས།
,,455,4,《པེ་》《སྣར་》,བརྡའ།
,,456,5,《པེ་》《སྣར་》,བཤེད།
,,457,6,《པེ་》《སྣར་》,pའང།
,1062,458,1,《པེ་》《སྣར་》,པར།
,,459,2,《པེ་》《སྣར་》,mབདག་ཉིད།
,,460,3,《པེ་》《སྣར་》,ལས།
,,461,4,《པེ་》《སྣར་》,རྟ།
,,462,5,《པེ་》《སྣར་》,mདེ།
,,463,6,《པེ་》《སྣར་》,mཔ།
,,464,7,《པེ་》《སྣར་》,བར།
,,465,8,《པེ་》《སྣར་》,འདྲངས།
,1063,466,1,《པེ་》《སྣར་》,ཕ།
,,467,2,《པེ་》《སྣར་》,mདེ།
,,468,3,《པེ་》《སྣར་》,འཆོ་བ།
,,469,4,《པེ་》《སྣར་》,སྐྱུག
,,470,5,《པེ་》《སྣར་》,འཆོ་བར།
,,471,6,《པེ་》《སྣར་》,སྐྱུག
,,472,7,《པེ་》《སྣར་》,པོ།
,,473,8,《པེ་》《སྣར་》,སྐྱུག་པར།
,,474,9,《པེ་》《སྣར་》,སྐྱེ་བར།
,,475,10,《པེ་》《སྣར་》,pལ།
,,476,11,《པེ་》《སྣར་》,mདེ།
,,477,12,《པེ་》《སྣར་》,ཀྱི།
,1064,478,1,《པེ་》《སྣར་》,pཔ།
,,479,2,《སྣར་》,པ།
,,480,3,《པེ་》《སྣར་》,mཏུ།
,,481,4,《པེ་》《སྣར་》,འཇིག
,,482,5,《པེ་》《སྣར་》,ལ།
,,483,6,《པེ་》《སྣར་》,སྤྱད།
,,484,7,《པེ་》《སྣར་》,ཀ་ཏྱའི།
,1065,485,1,《པེ་》《སྣར་》,རྩོལ་བས།
,,486,2,《པེ་》《སྣར་》,བྱིས།
,,487,3,《པེ་》《སྣར་》,ཀྱི།
,,488,4,《པེ་》《སྣར་》,pཅིག
,,489,5,《པེ་》《སྣར་》,རིག
,,490,6,《པེ་》《སྣར་》,mབོ།
,,491,7,《པེ་》,འདས་པ།,《སྣར་》
,,492,8,《པེ་》《སྣར་》,དུརྦའི།
,,493,9,《པེ་》《སྣར་》,པོས་ཨ་ཛ་ག
,,494,10,《པེ་》《སྣར་》,བསྒགས།
,,495,11,《པེ་》《སྣར་》,སྙེག
,1066,496,1,《པེ་》《སྣར་》,mབ།
,,497,2,《པེ་》《སྣར་》,དུརྦ།
,,498,3,《པེ་》《སྣར་》,པས།
,,499,4,《པེ་》《སྣར་》,ཛ།
,,500,5,《པེ་》《སྣར་》,བསྒྲགས།
,,501,6,《པེ་》,འཕྱེས་མངོན་པ་བསྙེག,《སྣར་》
,,502,7,《པེ་》《སྣར་》,དུརྦའི།
,,503,8,《པེ་》,mཡང།
,,504,9,《པེ་》《སྣར་》,བོའི།
,,505,10,《པེ་》《སྣར་》,བདེར།
,,506,11,《པེ་》《སྣར་》,ཉིན་ཚན་དྲོ་བོ།
,,507,12,《པེ་》《སྣར་》,ཀྱིས།
,1067,508,1,《པེ་》《སྣར་》,རྟོགས།
,,509,2,《པེ་》《སྣར་》,ཞེས།
,,510,3,《པེ་》《སྣར་》,གཟུང།
,,511,4,《སྣར་》,བཟུང།
,,512,5,《པེ་》《སྣར་》,བཟུང།
,,513,6,《སྣར་》,འདི།
,,514,7,《པེ་》《སྣར་》,mཁོ་ན།
,,515,8,《པེ་》《སྣར་》,mགང།
,1068,516,1,《པེ་》《སྣར་》,ཀྱིས།
,,517,2,《པེ་》《སྣར་》,བའི།
,,518,3,《པེ་》《སྣར་》,ནས།
,,519,4,《པེ་》《སྣར་》,ཅི།
,1069,520,1,《པེ་》《སྣར་》,པོར།
,,521,2,《པེ་》《སྣར་》,mཉེ་དུའམ།
,,522,3,《པེ་》《སྣར་》,ཉེ།
,,523,4,《པེ་》,གསུངས།
,,524,5,《པེ་》《སྣར་》,ཛྷཥཱ་ཤ་ན།
,,525,6,《པེ་》《སྣར་》,བློང།
,,526,7,《པེ་》《སྣར་》,བྱ།
,1070,527,1,《པེ་》《སྣར་》,mཔ།
,,528,2,《པེ་》《སྣར་》,བསྔོ།
,,529,3,《པེ་》《སྣར་》,ཆོག
,,530,4,《པེ་》《སྣར་》,ཞིང། རྟོག་པས།
,,531,5,《པེ་》《སྣར་》,པའི།
,1071,532,1,《པེ་》《སྣར་》,pན།
,,533,2,《པེ་》《སྣར་》,pན།
,,534,3,《པེ་》《སྣར་》,སྒྲུབ།
,,535,4,《པེ་》《སྣར་》,ལ།
,,536,5,《སྣར་》,mགྱི།
,,537,6,《པེ་》《སྣར་》,འགལ།
,,538,7,《པེ་》《སྣར་》,ཤེས།
,,539,8,《སྣར་》,བཉེན།
,,540,9,《པེ་》《སྣར་》,mདེ་ལ།
,,541,10,《པེ་》《སྣར་》,གསུང་བར།
,1072,542,1,《པེ་》《སྣར་》,གི།
,,543,2,《པེ་》《སྣར་》,ཆོལ།
,,544,3,《པེ་》《སྣར་》,པ།
,,545,4,《པེ་》,ནས་རྟོག་པ།,《སྣར་》
,,546,5,《པེ་》《སྣར་》,བ་ཡིད།
,,547,6,《སྣར་》,སྙམས།
,1073,548,1,《པེ་》,པ།
,,549,2,《པེ་》《སྣར་》,རྣམ།
,,550,3,《པེ་》《སྣར་》,དེའི།
,,551,4,《པེ་》《སྣར་》,pནི།
,,552,5,《པེ་》《སྣར་》,ནས།
,,553,6,《སྣར་》,དེ་ནས།
,,554,7,《པེ་》《སྣར་》,བརྟེན།
,,555,8,《པེ་》《སྣར་》,mཔ།
,,556,9,《སྣར་》,རིགས།
,,557,10,《པེ་》《སྣར་》,དེར།
,1074,558,1,《པེ་》《སྣར་》,pའདོད་ཆགས་དང།
,,559,2,《པེ་》《སྣར་》,ཉིད།
,,560,3,《པེ་》《སྣར་》,པར།
,,561,4,《པེ་》《སྣར་》,མའི།
,1075,562,1,《ཅོ་》,རྣམས།
,,563,2,《པེ་》《སྣར་》,mདངོས་པོ།
,,564,3,《པེ་》《སྣར་》,འཐུག
,,565,4,《པེ་》《སྣར་》,ཆུང་དང་མིའི།
,,566,5,《པེ་》《སྣར་》,mདང།
,,567,6,《པེ་》《སྣར་》,རྣབས།
,,568,7,《པེ་》《སྣར་》,སྐྱེ།
,1076,569,1,《པེ་》《སྣར་》《ཅོ་》,ལྟ།
,,570,2,《པེ་》《སྣར་》,ཡོད།
,,571,3,《པེ་》《སྣར་》,pསློབ་དཔོན།
,,572,4,《པེ་》《སྣར་》,སྒོམ།
,,573,5,《པེ་》《སྣར་》,pམི།
,,574,6,《པེ་》《སྣར་》,mཡོད་པ།
,,575,7,《པེ་》《སྣར་》,པའི།
,,576,8,《པེ་》《སྣར་》,mདེ་ཡང།
,,577,9,《ཅོ་》,ལོངས།
,1077,578,1,《སྣར་》,བྱེས།
,,579,2,《པེ་》《སྣར་》,mདང།
,,580,3,《པེ་》《སྣར་》,mན།
,,581,4,《པེ་》《སྣར་》,pལ།
,,582,5,《པེ་》《སྣར་》,ནི།
,,583,6,《པེ་》《སྣར་》,པའི།
,,584,7,《པེ་》《སྣར་》,mདུ།
,1078,585,1,《པེ་》,ལྟར།,《སྣར་》
,1079,586,1,《པེ་》《སྣར་》,mབྱ་བའི་བར་གྱིས།
,,587,2,《པེ་》《སྣར་》,རྟོགས།
,,588,3,《པེ་》《སྣར་》,ངོར།
,,589,4,《པེ་》,ཤེས།
,,590,5,《པེ་》《སྣར་》,mབྱུང།
,1080,591,1,《པེ་》《སྣར་》,ལས།
,,592,2,《པེ་》《སྣར་》,ས།
,,593,3,《པེ་》《སྣར་》,mའདི།
,,594,4,《ཅོ་》,རྟོགས།
,,595,5,《པེ་》《སྣར་》,འཕངས།
,1081,596,1,《པེ་》《སྣར་》,བུ།
,,597,2,《པེ་》《སྣར་》,བདག
,,598,3,《པེ་》《སྣར་》,mདང།
,,599,4,《པེ་》《སྣར་》,ན།
,1082,600,1,《སྣར་》,pདོན་གྱི།
,,601,2,《པེ་》《སྣར་》,གསལ།
,,602,3,《པེ་》《སྣར་》,ཀྱིས།
,,603,4,《པེ་》《སྣར་》,pཀྱིས།
,,604,5,《པེ་》《སྣར་》,mལྟར།
,,605,6,《པེ་》,པ་རོས་ཚིམ།,《སྣར་》
,,606,7,《པེ་》《སྣར་》,བརྟེན།
,1083,607,1,《པེ་》《སྣར་》,བྱ།
,,608,2,《པེ་》《སྣར་》,བརྟེན།
,,609,3,《པེ་》《སྣར་》,པ།
,,610,4,《པེ་》《སྣར་》,ཀྱིས།
,,611,5,《པེ་》《སྣར་》,ཚོགས།
,,612,6,《སྣར་》,mརོ།
,,613,7,《པེ་》《སྣར་》《ཅོ་》,བའི།
,,614,8,《པེ་》《སྣར་》,དཔྱད།
,,615,9,《པེ་》《སྣར་》,mལ།
,1084,616,1,《པེ་》《སྣར་》,གང།
,,617,2,《པེ་》《སྣར་》,ལ།
,,618,3,《པེ་》《སྣར་》,གི་གཡེང་བའི།
,,619,4,《པེ་》《སྣར་》,གིས།
,,620,5,《པེ་》《སྣར་》,ཆུང་འབོགས་པ་ཡིས།
,1085,621,1,《སྣར་》,འཇུག་པར།
,,622,2,《སྣར་》,འཁྲིགས།
,,623,3,《པེ་》《སྣར་》,གྱིས་ཀྱང།
,,624,4,《པེ་》《སྣར་》,སྤྱད།
,,625,5,《པེ་》《སྣར་》,བརྟབས།
,,626,6,《པེ་》《སྣར་》,རྟོག
,,627,7,《པེ་》《སྣར་》,འདིས།
,,628,8,《པེ་》《སྣར་》,pདང།
,,629,9,《པེ་》《སྣར་》,mམི་གཙང་བའི།
,,630,10,《པེ་》《སྣར་》,པར།
,,631,11,《པེ་》《སྣར་》,བུ།
,,632,12,《པེ་》《སྣར་》,རས།
,,633,13,《པེ་》《སྣར་》,བཏུམས།
,,634,14,《པེ་》《སྣར་》,རྟོགས།
,,635,15,《པེ་》《སྣར་》,རྣམས།
,,636,16,《པེ་》《སྣར་》,mརྒྱུའི།
,1086,637,1,《པེ་》《སྣར་》,ཐུན།
,,638,2,《པེ་》《སྣར་》,ཀྱིས་ཀྱང།
,,639,3,《པེ་》《སྣར་》,གིས།
,,640,4,《པེ་》《སྣར་》,pཅི་ཞིག
,,641,5,《པེ་》《སྣར་》,mཤིག
,,642,6,《པེ་》《སྣར་》,pཔར་གྱུར།
,,643,7,《པེ་》《སྣར་》,སྤྱོད།
,,644,8,《པེ་》《སྣར་》,mནི།
,,645,9,《པེ་》《སྣར་》,གྱིས།
,1087,646,1,《པེ་》《སྣར་》,པས།
,,647,2,《པེ་》《སྣར་》,རྣམ་ལྟས།,《ཅོ་》
,,648,3,《པེ་》《སྣར་》,བརློམ།
,,649,4,《པེ་》《སྣར་》,pདག
,,650,5,《པེ་》《སྣར་》,pལ།
,,651,6,《པེ་》《སྣར་》,དེའི་ལྟ།
,1088,652,1,《པེ་》《སྣར་》,བ།
,,653,2,《ཅོ་》,འཕྲོགས།
,,654,3,《པེ་》《སྣར་》,རྙེད།
,,655,4,《སྣར་》,mབ།
,,656,5,《པེ་》《སྣར་》,ས་ལའི།
,,657,6,《པེ་》《སྣར་》,ས་ལའི།
,,658,7,《པེ་》《སྣར་》,ཀྱི།
,,659,8,《པེ་》《སྣར་》,mམི།
,,660,9,《པེ་》《སྣར་》,ལ།
,1089,661,1,《པེ་》《སྣར་》,འཚོལ།
,,662,2,《པེ་》《སྣར་》,pཔ་མེད།
,,663,3,《པེ་》《སྣར་》,mན།
,,664,4,《པེ་》《སྣར་》,ལ།
,,665,5,《སྣར་》,དུ།
,1090,666,1,《པེ་》《སྣར་》,ལས།
,,667,2,《སྣར་》,པ།
,,668,3,《པེ་》《སྣར་》,pརྒྱུ།
,,669,4,《པེ་》《སྣར་》,བར།
,,670,5,《སྣར་》,ཐུག
,,671,6,《པེ་》《སྣར་》,དེངས།
,,672,7,《པེ་》《སྣར་》,གིས།
,1091,673,1,《པེ་》《སྣར་》,བར།
,,674,2,《པེ་》《སྣར་》,འགྱུར།
,,675,3,《པེ་》《སྣར་》,mངུ་བ་ལས་བཟློག་པ་མི་ནུས་པ།
,,676,4,《པེ་》《སྣར་》,རྒྱུ།
,,677,5,《པེ་》《སྣར་》,ཀྱི།
,,678,6,《པེ་》,ཤིང།,《སྣར་》
,,679,7,《པེ་》《སྣར་》,ལྟར།
,,680,8,《པེ་》《སྣར་》,བརྟེན།
,,681,9,《པེ་》《སྣར་》,ཁྱོད།
,,682,10,《པེ་》《སྣར་》,བསྲུངས་པར།
,,683,11,《པེ་》《སྣར་》,གྱི།
,,684,12,《པེ་》《སྣར་》,ཁྱོད།
,,685,13,《པེ་》,ཁྱོད།
,,686,14,《པེ་》《སྣར་》,གྱི།
,,687,15,《པེ་》《སྣར་》,pན།
,,688,16,《པེ་》《སྣར་》,དགའ།
,,689,17,《པེ་》《སྣར་》,སྒྲུབ།
,1092,690,1,《པེ་》《སྣར་》,བརྡའ།
,,691,2,《པེ་》《སྣར་》,pདེ།
,,692,3,《སྣར་》,pདེ།
,,693,4,《སྣར་》,mདུ།
,,694,5,《པེ་》《སྣར་》,འགྲོ།
,,695,6,《པེ་》《སྣར་》,ཤེས་རྗེའོ།
,,696,7,《པེ་》《སྣར་》,བསྟན།
,,697,8,《པེ་》《སྣར་》,པ།
,,698,9,《པེ་》《སྣར་》,ཅན།
,,699,10,《པེ་》《སྣར་》,འདིས།
,,700,11,《པེ་》《སྣར་》,pདང།
,,701,12,《པེ་》《སྣར་》,སྤྱད།
,1093,702,1,《པེ་》《སྣར་》,ཀྱི་མ་ལ།
,,703,2,《པེ་》《སྣར་》,རྐ།
,,704,3,《པེ་》《སྣར་》,པས།
,,705,4,《པེ་》《སྣར་》,mདེ།
,,706,5,《པེ་》《སྣར་》,གི།
,,707,6,《པེ་》《སྣར་》,ལས།
,,708,7,《པེ་》《སྣར་》,བཟུང།
,1094,709,1,《པེ་》《སྣར་》,pལ།
,,710,2,《པེ་》,pཆགས་པར་གྱུར་པ་དེའི་ཚེ་ནི།
,,711,3,《པེ་》《སྣར་》,mདོན།
,,712,4,《པེ་》《སྣར་》,པོས།
,,713,5,《པེ་》《སྣར་》,pབཞིན་དུ།
,,714,6,《པེ་》《སྣར་》,སོ།
,,715,7,《པེ་》《སྣར་》,པ།
,,716,8,《པེ་》《སྣར་》,བཟུང།
,,717,9,《སྣར་》,pལ།
,,718,10,《པེ་》《སྣར་》,pགིས།
,,719,11,《པེ་》《སྣར་》,བསྐོངས།
,,720,12,《པེ་》《སྣར་》,mདེའི།
,1095,721,1,《པེ་》《སྣར་》,པ།
,,722,2,《པེ་》《སྣར་》,འཕྲད།
,,723,3,《པེ་》《སྣར་》,འདུ།
,,724,4,《པེ་》《སྣར་》,ཞིག
,,725,5,《པེ་》《སྣར་》,པར།
,,726,6,《པེ་》《སྣར་》,འཐོབ།
,1096,727,1,《པེ་》《སྣར་》,pནི།
,,728,2,《པེ་》《སྣར་》,pལོངས།
,,729,3,《པེ་》《སྣར་》,གཡེང་བ།
,,730,4,《པེ་》,མོ་དྲོད།,《སྣར་》
,,731,5,《པེ་》《སྣར་》,གྱུར་ཅིང།
,,732,6,《པེ་》《སྣར་》,mཔ།
,,733,7,《པེ་》《སྣར་》,བཏང།
,,734,8,《པེ་》《སྣར་》,ལ།
,1097,735,1,《པེ་》《སྣར་》,ལྟར།
,,736,2,《པེ་》《སྣར་》,བ།
,,737,3,《པེ་》《སྣར་》,ཀྱི།
,,738,4,《སྣར་》,mཏུ།
,,739,5,《པེ་》《སྣར་》,ཆེར།
,1098,740,1,《པེ་》《སྣར་》,ལྔའི།
,,741,2,《པེ་》《སྣར་》,ནའང།
,,742,3,《པེ་》《སྣར་》,བསླབས།
,,743,4,《པེ་》《སྣར་》,mལོངས།
,,744,5,《པེ་》《སྣར་》,pལ།
,,745,6,《པེ་》《སྣར་》,འགྱུར།
,,746,7,《སྣར་》,mརོ།
,1099,747,1,《པེ་》《སྣར་》,བརྩིས་མེད་པ།
,,748,2,《པེ་》《སྣར་》,ཀྱིས།
,,749,3,《པེ་》《སྣར་》,ལྤགས་པ་བཤུས།
,,750,4,《པེ་》《སྣར་》,བལྟ།
,1100,751,1,《པེ་》《སྣར་》,ལ།
,,752,2,《པེ་》《སྣར་》,པར།
,,753,3,《པེ་》《སྣར་》,བརྒྱན།
,,754,4,《པེ་》《སྣར་》,བརྟེན།
,,755,5,《པེ་》《སྣར་》,mམ།
,,756,6,《པེ་》《སྣར་》,སྐྱག
,,757,7,《པེ་》《སྣར་》,mདག
,,758,8,《པེ་》《སྣར་》《ཅོ་》,ཆེར་འཕོངས།
,,759,9,《སྣར་》,བརྙེས།
,,760,10,《པེ་》《སྣར་》,pདེ་ལྟར་བརྙས་ཀྱང།
,1101,761,1,《པེ་》《སྣར་》,མོ།
,,762,2,《པེ་》《སྣར་》,ལྷུང།
,,763,3,《པེ་》,ཆགས།,《སྣར་》
,,764,5,《པེ་》,འཛེམ་པ།,《སྣར་》
,,765,5,《པེ་》《སྣར་》,ག་ལ།
,,766,6,《པེ་》《སྣར་》,ལའང་ཆགས་བསྐྱེད་ཅིང།
,,767,7,《པེ་》《སྣར་》,སྟུག་པོའི།
,1102,768,1,《པེ་》,mདོག
,,769,2,《པེ་》《སྣར་》,ཕྲག་དོག
,,770,3,《པེ་》《སྣར་》,ཆུང།
,,771,4,《པེ་》《སྣར་》,པ།
,,772,5,《པེ་》《སྣར་》,སྣོད།
,,773,6,《པེ་》《སྣར་》,རྩོག་པར་རྟོགས།
,,774,7,《པེ་》《སྣར་》,རིག
,,775,8,《སྣར་》,བལྟ།
,,776,9,《པེ་》,བཀབ།
,,777,10,《པེ་》《སྣར་》,pདེ་ལ།
,,778,11,《པེ་》《སྣར་》,ཏེ།
,1103,779,1,《པེ་》《སྣར་》,གནས།
,,780,2,《པེ་》《སྣར་》,པ་ཁོ།
,,781,3,《པེ་》《སྣར་》,གྱུར།
,,782,4,《ཅོ་》,བ།
,,783,5,《སྣར་》,pདག
,,784,6,《སྣར་》,mདུ།
,,785,7,《པེ་》《སྣར་》,རྣམ།
,,786,8,《སྣར་》,ནི།
,,787,9,《པེ་》《སྣར་》,ནི།
,,788,10,《པེ་》《སྣར་》,འབྱུང་བས་སུན་བྱུང།
,,789,11,《པེ་》《སྣར་》,pབྱ་བར།
,,790,12,《པེ་》《སྣར་》,mཔ།
,1104,791,1,《པེ་》《སྣར་》,འགྲང།
,,792,2,《པེ་》《སྣར་》,བཀག
,,793,3,《པེ་》,དེའི་རང་བཞིན་ཡིན་ཕྱིར་དང། ,《སྣར་》
,,794,4,《སྣར་》,སྨྲས།
,,795,5,《པེ་》《སྣར་》,བ།
,,796,6,《པེ་》《སྣར་》,དོ། །
,,797,7,《པེ་》《སྣར་》,mམ།
,,798,8,《པེ་》《སྣར་》,བ།
,,799,9,《པེ་》,ཀུར་གུམ།,《སྣར་》
,,800,10,《པེ་》《སྣར་》,mདེ་ལ།
,,801,11,《པེ་》《སྣར་》,ལུས་དེ།
,,802,12,《སྣར་》,mམ།
,,803,13,《པེ་》《སྣར་》,གྱུར་པ།
,,804,14,《པེ་》《སྣར་》,བསྒོ།
,1105,805,1,《པེ་》《སྣར་》,ལ་དེ།
,,806,2,《པེ་》《སྣར་》,mལ།
,,807,3,《པེ་》《སྣར་》,ཉིང་ཁུས།
,,808,4,《པེ་》《སྣར་》,དྲེགས།
,,809,5,《པེ་》《སྣར་》,པོ་སྐྱག་འཁྲོན།
,,810,6,《པེ་》《སྣར་》,བཟུང།
,,811,7,《སྣར་》,སྲོས།
,,812,8,《པེ་》《སྣར་》,pན།
,,813,9,《པེ་》《སྣར་》,བབས།
,,814,10,《པེ་》《སྣར་》,pཀྱང།
,,815,11,《པེ་》《སྣར་》,གིས།
,,816,12,《པེ་》《སྣར་》,དོ། །
,1106,817,1,《པེ་》《སྣར་》,ཀྱིས།
,,818,2,《པེ་》,mབ།
,,819,3,《པེ་》《སྣར་》《ཅོ་》,mདེ་དེའི་ཕྱིར་ཡང་གཙང་བ་ཉིད་ཡོད།
,,820,4,《པེ་》,ཕྱིར།
,,821,5,《པེ་》《སྣར་》,གསང།
,,822,6,《པེ་》《སྣར་》,pབ།
,,823,7,《པེ་》《སྣར་》,ཀྱིས།
,,824,8,《པེ་》《སྣར་》,བླར་བཀོས།
,1107,825,1,《སྣར་》,ཤེས།
,,826,2,《པེ་》《སྣར་》,བླར།
,,827,3,《པེ་》《སྣར་》,བསྐྱང།
,,828,4,《པེ་》《སྣར་》,བརྒད།
,,829,5,《པེ་》《སྣར་》,པར།
,,830,6,《པེ་》《སྣར་》,mནི།
,,831,7,《པེ་》《སྣར་》,ཆགས།
,,832,8,《པེ་》《སྣར་》,འབྱུང།
,,833,9,《པེ་》《སྣར་》,mགང།
,,834,10,《པེ་》《སྣར་》,བར།
,,835,11,《པེ་》《སྣར་》,མཛེན།
,,836,12,《པེ་》《སྣར་》,མཛེན།
,1108,837,1,《པེ་》《སྣར་》,རྙོགས།
,,838,2,《པེ་》《སྣར་》,pདག
,,839,3,《པེ་》《སྣར་》,pནི།
,,840,4,《པེ་》,མོངས་པ།,《སྣར་》
,,841,5,《པེ་》《སྣར་》,mཅན།
,,842,6,《པེ་》《སྣར་》,mབ།
,,843,7,《པེ་》《སྣར་》,འགྱུར།
,,844,8,《པེ་》《སྣར་》,སྤོང།
,,845,9,《པེ་》《སྣར་》,mའགྱུར་བ།
,,846,10,《པེ་》《སྣར་》,ལ།
,,847,11,《པེ་》,mགྱི།
,,848,12,《པེ་》《སྣར་》,ལྡུམ།
,,849,13,《པེ་》《སྣར་》,རྒྱུའི།
,,850,14,《པེ་》《སྣར་》,རྐེ།
,,851,15,《སྣར་》,སྨྱོས་པར།
,1109,852,1,《པེ་》《སྣར་》,བརྟགས།
,,853,2,《སྣར་》,པའི།
,,854,3,《པེ་》《སྣར་》,གྱུར།
,,855,4,《པེ་》《སྣར་》,དུ།
,,856,5,《པེ་》,pབ།
,,857,6,《པེ་》《སྣར་》,ཀུན་དུ།
,,858,7,《པེ་》《སྣར་》,mལར།
,,859,8,《པེ་》《སྣར་》,སྐེ་སྦས་མ་བཅགས།
,,860,9,《པེ་》《སྣར་》,མཆོག
,,861,10,《པེ་》《སྣར་》,པ།
,,862,11,《པེ་》,བརྟེན།
,,863,12,《པེ་》《སྣར་》,འཕྱོ་མེ་ཏོག་ལས། །སོགས།
,,864,13,《པེ་》《སྣར་》,སྡུམ།
,,865,14,《པེ་》《སྣར་》,པའི་སྣ་སེལ།
,1110,866,1,《པེ་》《སྣར་》,འཕྱོ་བ།
,,867,2,《པེ་》《སྣར་》,བརྒྱན།
,,868,3,《སྣར་》,བདག
,,869,4,《པེ་》《སྣར་》,སྲེལ།
,,870,5,《པེ་》《སྣར་》,mལ།
,,871,6,《པེ་》,ན།
,,872,7,《པེ་》《སྣར་》,ལ་སྣ།
,,873,8,《པེ་》《སྣར་》,གྱིས།
,,874,9,《པེ་》《སྣར་》,རླ།
,,875,10,《པེ་》《སྣར་》,དང།
,,876,11,《པེ་》《སྣར་》,དེ།
,,877,12,《པེ་》《སྣར་》,མཐད།
,1111,878,1,《པེ་》,mདེ་ལ།
,,879,2,《པེ་》《སྣར་》,mདང།
,,880,3,《པེ་》《སྣར་》,སོན།
,,881,4,《པེ་》《སྣར་》,གྱུར་ཅིང།
,,882,5,《པེ་》《སྣར་》,བརྩེ།
,,883,6,《པེ་》《སྣར་》,མོའི།
,1112,884,1,《པེ་》《སྣར་》,འདི་བསམས།,《ཅོ་》
,,885,2,《པེ་》《སྣར་》,pདུ།
,,886,3,《པེ་》《སྣར་》,pམེད་པ།
,,887,4,《པེ་》《སྣར་》,mལ།
,,888,5,《པེ་》《སྣར་》,ཀྱི།
,1113,889,1,《པེ་》《སྣར་》,mབ།
,,890,2,《པེ་》《སྣར་》,སྤང།
,,891,3,《སྣར་》,འབྲེལ།
,,892,4,《པེ་》《སྣར་》,བཀླགས།
,1114,893,1,《པེ་》《སྣར་》,རྟོག
,,894,2,《པེ་》《སྣར་》,གི།
,,895,3,《པེ་》,འཕྱན།,《སྣར་》
,,896,4,《པེ་》《སྣར་》,mཡང།
,,897,5,《སྣར་》,mཔ།
,,898,6,《པེ་》,pལ།
,,899,7,《སྣར་》,དྲེན།
,1115,900,1,《པེ་》《སྣར་》,ལ་དབང་དུ་བྱས་པའི།
,,901,2,《པེ་》《སྣར་》,mགིས།
,,902,3,《སྣར་》,བླས།
,,903,4,《པེ་》《སྣར་》,གྱུར།
,,904,5,《པེ་》《སྣར་》,ད།
,,905,6,《སྣར་》,ནས།
,,906,7,《པེ་》《སྣར་》,pནི།
,,907,8,《པེ་》《སྣར་》,གྱུར།
,1116,908,1,《སྣར་》,ནོ། །
,,909,2,《པེ་》《སྣར་》,པ།
,,910,3,《པེ་》《སྣར་》,mདང།
,,911,4,《པེ་》《སྣར་》,དྲེག་པ།
,,912,5,《པེ་》《སྣར་》,རྗེའི་གཏོང་པོར།
,,913,6,《པེ་》《སྣར་》,རྗེའོ།
,,914,7,《པེ་》《སྣར་》,པོ།
,,915,8,《པེ་》《སྣར་》,རྗེའོ།
,,916,9,《པེ་》《སྣར་》,པོ།
,,917,10,《པེ་》《སྣར་》,འཕངས།
,,918,11,《པེ་》《སྣར་》,པོ།
,,919,12,《པེ་》《སྣར་》,mཀྱང།
,,920,13,《པེ་》《སྣར་》,mབ།
,1117,921,1,《པེ་》《སྣར་》,གྱི་དྲེགས།
,,922,2,《པེ་》《སྣར་》,mམ།
,,923,3,《པེ་》《སྣར་》,སྒྲུབ།
,,924,4,《པེ་》《སྣར་》,བུ།
,,925,5,《པེ་》《སྣར་》,pདེ།
,1118,926,1,《པེ་》《སྣར་》,བ།
,,927,2,《སྣར་》,གིས།
,,928,3,《པེ་》《སྣར་》,གྱིས།
,,929,4,《པེ་》《སྣར་》,ཁྱོད།
,,930,5,《པེ་》《སྣར་》,བུས།
,,931,6,《པེ་》《སྣར་》,ནས།
,,932,7,《སྣར་》,pདང།
,,933,8,《པེ་》,ཁྱོད།
,,934,9,《སྣར་》,བསྲུང་།
,,935,10,《སྣར་》,གིས།
,,936,11,《པེ》《སྣར་》,གྱིས།
,,937,12,《པེ་》《སྣར་》,ཡིད།
,,938,13,《པེ་》《སྣར་》,pརྒྱལ་པོ།
,,939,14,《པེ་》《སྣར་》,mདང་།
,,940,15,《པེ་》《སྣར་》,བསྟེན།
,1119,941,1,《པེ་》《སྣར་》,བའི།
,,942,2,《པེ་》,ལྷོད་པར་གྱུར་ཅིང།,《སྣར་》
,,943,3,《པེ་》《སྣར་》,གིས།
,,944,4,《པེ་》《སྣར་》,འཕུང།
,,945,5,《པེ་》《སྣར་》,ཀྱིས་ཉེ་བར།
,,946,6,《པེ་》《སྣར་》,པར།
,,947,7,《པེ་》《སྣར་》,ཡི།
,1120,948,1,《པེ་》《སྣར་》,mགྱུར་པ།
,,949,2,《པེ་》《སྣར་》,གྱུར་ཅིང།
,,950,3,《པེ་》《སྣར་》,འགྲོག
,,951,4,《པེ་》《སྣར་》,དེ།
,1121,952,1,《པེ་》《སྣར་》,སྲུང།
,,953,2,《པེ་》《སྣར་》,རྐྱང།
,,954,3,《སྣར་》,འདྲོག
,,955,4,《པེ་》《སྣར་》,mཉིད།
,,956,5,《པེ་》《སྣར་》,བརྡུང་བ།
,,957,6,《པེ་》《སྣར་》,སྐུ།
,,958,7,《པེ་》《སྣར་》,འཁྲུག
,,959,8,《སྣར་》,ཡོང།
,,960,9,《པེ་》《སྣར་》,mདེ།
,1122,961,1,《པེ་》《སྣར་》,འཚོགས།
,,962,2,《པེ་》《སྣར་》,ཅན་ཉིད།
,,963,3,《པེ་》《སྣར་》,བཅད།
,,964,4,《སྣར་》,ཕྱིན།
,,965,5,《སྣར་》,བ།
,,966,6,《པེ་》《སྣར་》,གཉིས་ཀྱིས།
,,967,7,《པེ་》《སྣར་》,བསྲུང།
,,968,8,《པེ་》《སྣར་》,སྲུང།
,1123,969,1,《པེ་》《སྣར་》,བསྲུང།
,,970,2,《སྣར་》,བསྐྱང།
,,971,3,《སྣར་》,pདམ་པ།
,,972,4,《པེ་》《སྣར་》,ཡིན།
,,973,5,《པེ་》,བསོད།
,,974,6,《པེ་》《སྣར་》,ཆེས།
,1124,975,1,《པེ་》《སྣར་》,བཅད།
,,976,2,《སྣར་》,mཔ།
,,977,3,《པེ་》《སྣར་》,འདོད།
,,978,4,《ཅོ་》,ཏོ། །
,,979,5,《པེ་》《སྣར་》,མཇལ།
,,980,6,《པེ་》《སྣར་》,བར།
,,981,7,《པེ་》《སྣར་》,mདང།
,,982,8,《པེ་》《སྣར་》,ཤེའོ།
,1125,983,1,《པེ་》《སྣར་》,mབདག
,,984,2,《པེ་》《སྣར་》,mསྤྱོད་པ།
,,985,3,《པེ་》《སྣར་》,སྐྱེལ།
,,986,4,《པེ་》《སྣར་》,བ།
,,987,5,《སྣར་》,pནས།
,,988,6,《པེ་》,ཞེས་འོ།
,,989,7,《པེ་》,ཅིའི།
,,990,8,《པེ་》《སྣར་》,བརྟགས།
,,991,9,《པེ་》《སྣར་》,བསྲུང།
,,992,10,《པེ་》《སྣར་》,ས་རྐོ།
,,993,11,《པེ་》《སྣར་》,བསྡུང།
,,994,12,《པེ་》《སྣར་》,བརྡུང།
,,995,13,《པེ་》《སྣར་》,mཕྱིར།
,,996,14,《པེ་》《སྣར་》,བརྡུང།
,1126,997,1,《པེ་》《སྣར་》,འགྱུར་བ།
,,998,2,《པེ་》《སྣར་》,དག
,,999,3,《པེ་》《སྣར་》,བྱ་བའི་ཆོག
,,1000,4,《པེ་》《སྣར་》,སྡོམས།
,,1001,5,《པེ་》《སྣར་》,རྣམས།
,1127,1002,1,《པེ་》《སྣར་》,པ།
,,1003,2,《པེ་》《སྣར་》,ཕར།
,,1004,3,《པེ་》《སྣར་》,བསྲུང་བ།
,,1005,4,《སྣར་》,ཤེས།
,,1006,5,《པེ་》《སྣར་》,མིན།
,,1007,6,《པེ་》《སྣར་》,pབ།
,,1008,7,《པེ་》,mམཐོང་བ་དང་མ།
,,1009,8,《པེ་》《སྣར་》,གླགས།
,1128,1010,1,《པེ་》《སྣར་》,ཅིང།
,,1011,2,《ཅོ་》,གྱིས།
,,1012,3,《པེ་》《སྣར་》,གྲག
,,1013,4,《པེ་》,བཞུག
,,1014,5,《པེ་》《སྣར་》,མཚན་ཏེ།
,,1015,6,《སྣར་》,བཞུག
,,1016,7,《པེ་》《སྣར་》,འཇེལ།
,,1017,8,《པེ་》《སྣར་》,མཚན།
,,1018,9,《སྣར་》,གཉེས།
,,1019,10,《པེ་》《སྣར་》,གང་གིས།
,,1020,11,《པེ་》《སྣར་》,mགནས།
,,1021,12,《པེ་》《སྣར་》,བསད།
,,1022,13,《པེ་》《སྣར་》,བསྲུང།
,,1023,14,《པེ་》《སྣར་》,བརྩེ།
,,1024,15,《པེ་》,འདི།
,,1025,16,《པེ་》《སྣར་》,ཀྱི།
,1129,1026,1,《པེ་》《སྣར་》,སྨན།
,,1027,2,《པེ་》《སྣར་》,བྱ།
,,1028,3,《པེ་》《སྣར་》,mཉིད།
,,1029,4,《པེ་》《སྣར་》,mདུ།
,,1030,5,《པེ་》《སྣར་》,བུ།
,,1031,6,《པེ་》《སྣར་》,བུ།
,,1032,7,《སྣར་》,mལ།
,,1033,8,《པེ་》《སྣར་》,ཛ་བུ།
,,1034,9,《པེ་》《སྣར་》,མཆོད།
,1130,1035,1,《པེ་》《སྣར་》,mབ།
,,1036,2,《པེ་》《སྣར་》,སྲི།
,,1037,3,《པེ་》《སྣར་》,བཤིས།
,,1038,4,《པེ་》《སྣར་》,བསྟན།
,,1039,5,《སྣར་》,བྱེ།
,,1040,6,《པེ་》《སྣར་》,རཱ།
,,1041,7,《པེ་》《སྣར་》,དེ།
,,1042,8,《པེ་》《སྣར་》,pདུ།
,,1043,9,《པེ་》《སྣར་》,ཡང།
,,1044,10,《པེ་》《སྣར་》,ཀྱིས།
,,1045,11,《པེ་》《སྣར་》,འཚེམས།
,,1046,12,《པེ་》,གྱིས།
,,1047,13,《པེ་》《སྣར་》,གླགས།
,,1048,14,《པེ་》《སྣར་》,བྱའོ།
,,1049,15,《པེ་》《སྣར་》,སྤྲད།
,,1050,16,《པེ་》《སྣར་》,པ།
,,1051,17,《པེ་》《སྣར་》,མཱ་དཱ་གྣཱིའི་བུའི་གཞུའི།
,1131,1052,1,《པེ་》《སྣར་》,བསྟེན།
,,1053,2,《པེ་》《སྣར་》,ལོ།
,,1054,3,《སྣར་》,pཔ།
,1132,1055,1,《ཅོ་》,བདེ་བར་གྱུར།
,,1056,2,《སྣར་》,པར།
,,1057,3,《སྣར་》,pདེ།
,,1058,4,《པེ་》《སྣར་》,mཡང།
,,1059,5,《པེ་》《སྣར་》,སྙེད།
,,1060,6,《པེ་》《སྣར་》,བློན།
,,1061,7,《པེ་》《སྣར་》,བུ།
,,1062,8,《པེ་》《སྣར་》,བསད།
,,1063,9,《པེ་》《སྣར་》,ཏུ།
,,1064,10,《སྣར་》,པ།
,1133,1065,1,《པེ་》《སྣར་》,པ།
,,1066,2,《པེ་》《སྣར་》,བའི།
,,1067,3,《པེ་》,པ།
,,1068,4,《པེ་》《སྣར་》,དག
,,1069,5,《པེ་》《སྣར་》《ཅོ་》,ཡོངས།
,,1070,6,《པེ་》《སྣར་》,བརྟེན་པ།
,,1071,7,《པེ་》《སྣར་》,གི།
,,1072,8,《པེ་》《སྣར་》,བརྩམ་པ།
,,1073,9,《པེ་》《སྣར་》,བསད།
,,1074,10,《པེ་》《སྣར་》,མོ།
,,1075,11,《པེ་》《སྣར་》,སྟོབས།
,1134,1076,1,《པེ་》《སྣར་》,སོན་པ།
,,1077,2,《པེ་》《སྣར་》,སོད།
,,1078,3,《པེ་》《སྣར་》,སོད།
,,1079,4,《སྣར་》,བཀའ།
,,1080,5,《པེ་》《སྣར་》,ཁྱོ་མགྲོན་ལ་སོན་པ།
,,1081,6,《པེ་》《སྣར་》,སྐུ།
,,1082,7,《པེ་》《སྣར་》,pདང།
,,1083,8,《པེ་》《སྣར་》,མོས།
,,1084,9,《པེ་》《སྣར་》,ཀྭཱའི།
,,1085,10,《པེ་》《སྣར་》,འདི།
,,1086,11,《པེ་》《སྣར་》,mཔར།
,,1087,12,《པེ་》《སྣར་》,བ།
,,1088,13,《པེ་》《སྣར་》,ཅིང།
,,1089,14,《པེ་》《སྣར་》,རྗེའོ།
,,1090,15,《པེ་》《སྣར་》,ཀྱིས།
,1135,1091,1,《པེ་》《སྣར་》,བསོད།
,,1092,2,《པེ་》《སྣར་》,ཇི་སྐད།
,,1093,3,《པེ་》《སྣར་》,མ།
,,1094,4,《པེ་》《སྣར་》,mསྦྱིན་པ།
,,1095,5,《སྣར་》,ངས།
,,1096,6,《སྣར་》,བ།
,,1097,7,《པེ་》《སྣར་》,གྱུར།
,1136,1098,1,《པེ་》《སྣར་》,སྤང།
,,1099,2,《པེ་》《སྣར་》,ཡི།
,,1100,3,《པེ་》《སྣར་》,གཞན།
,,1101,4,《པེ་》《སྣར་》,mཡང།
,,1102,5,《པེ་》《སྣར་》,འགའ།
,,1103,6,《སྣར་》,རིག
,,1104,7,《སྣར་》,pའབྱུང་བར་འགྱུར་ན་ནི།
,,1105,8,《པེ་》《སྣར་》,ན།
,1137,1106,1,《པེ་》《སྣར་》,pན།
,,1107,2,《པེ་》《སྣར་》,mཔ།
,,1108,3,《པེ་》,ལྷུང།
,,1109,4,《པེ་》《སྣར་》,ལྕེབ།
,,1110,5,《པེ་》《སྣར་》,pའགའ།
,,1111,6,《སྣར་》,འགག
,,1112,7,《པེ་》《སྣར་》,བུ།
,,1113,8,《པེ་》《སྣར་》,བུ།
,1138,1114,1,《པེ་》《སྣར་》,སྐྱེད།
,,1115,2,《པེ་》《སྣར་》,པར།
,,1116,3,《པེ་》《སྣར་》,pན།
,,1117,4,《པེ་》《སྣར་》《ཅོ་》,ཐོབ།
,,1118,5,《པེ་》《སྣར་》,ཤེས་བརྙད།
,,1119,6,《པེ་》,pན།
,,1120,7,《པེ་》《སྣར་》,བརྫུས།
,1139,1121,1,《པེ་》《སྣར་》,ཟས།
,,1122,2,《པེ་》《སྣར་》,བརྫུས།
,,1123,3,《པེ་》,ཁམས།
,,1124,4,《སྣར་》,ཇས།
,,1125,5,《པེ་》《སྣར་》,mཔ།
,,1126,6,《པེ་》《སྣར་》,mཕྱིར།
,,1127,7,《པེ་》,སོགས།
,,1128,8,《པེ་》《སྣར་》,འཚེ།
,,1129,9,《པེ་》《སྣར་》,བསྐོས།
,,1130,10,《པེ་》《སྣར་》,ལས་བྱེད།
,,1131,11,《པེ་》《སྣར་》,mའཇིག་རྟེན་ན་ནི་རིགས་ཞེས་བརྗོད། །
,1140,1132,1,《པེ་》《སྣར་》,གསར།
,,1133,2,《པེ་》《སྣར་》,རྗེའུ།
,,1134,3,《པེ་》《སྣར་》,ཀྱིས།
,,1135,4,《པེ་》《སྣར་》,སང།
,1141,1136,1,《པེ་》《སྣར་》,དེ།
,,1137,2,《པེ་》《སྣར་》,རིང་མོ།
,,1138,3,《པེ་》《སྣར་》,འགའ་ཞིག་གི།
,,1139,4,《པེ་》《སྣར་》,mཡུན།
,,1140,5,《པེ་》《སྣར་》,རྗེའུ།
,,1141,6,《པེ་》《སྣར་》,རྩིབས།
,,1142,7,《པེ་》,ཀྱི་སྔ་དྲོ་ཁུ་སྣ།,《སྣར་》
,,1143,8,《པེ་》《སྣར་》,གྲགས་ཏེ།
,,1144,9,《པེ་》《སྣར་》,ཀྱིས།
,1142,1145,1,《པེ་》《སྣར་》,ཀྱིས།
,,1146,2,《པེ་》《སྣར་》,ཏུ།
,,1147,3,《པེ་》《སྣར་》,ཏུ།
,,1148,4,《པེ་》《སྣར་》,དག
,,1149,5,《པེ་》《སྣར་》,pགྲུ་ཕ་རོལ་ཏུ་སོང།
,,1150,6,《པེ་》《སྣར་》,ཀྱི།
,,1151,7,《པེ་》,མཚོང།
,,1152,8,《པེ་》《སྣར་》,གྱི།
,1143,1153,1,《སྣར་》,པར།
,,1154,2,《པེ་》《སྣར་》,སོག་ཅིང།
,,1155,3,《པེ་》《སྣར་》,ཤེན།
,,1156,4,《པེ་》《སྣར་》,ཧེ།
,,1157,5,《པེ་》《སྣར་》,པ་དང།
,1144,1158,1,《པེ་》《སྣར་》,ཏུའང།
,,1159,2,《སྣར་》,འདིར།
,,1160,3,《པེ་》《སྣར་》,རྗེའོ།
,,1161,4,《པེ་》《སྣར་》,བསད།
,,1162,5,《པེ་》《སྣར་》,སྟེང།
,,1163,6,《པེ་》,མཚམ།
,,1164,7,《པེ་》《སྣར་》,བརྗེད།
,1145,1165,1,《པེ་》《སྣར་》,ཕྱུང།
,,1166,2,《པེ་》《སྣར་》,པའི།
,,1167,3,《པེ་》《སྣར་》,བཟུང།
,,1168,4,《པེ་》《སྣར་》,ཀྱིས།
,1146,1169,1,《སྣར་》,ཐེམས།
,,1170,2,《པེ་》《སྣར་》,འགྱུར།
,,1171,3,《པེ་》《སྣར་》,ལྟ་ཞོག་ཅིག
,,1172,4,《པེ་》《སྣར་》,དཔའི།
,,1173,5,《པེ་》《སྣར་》,mཅན།
,,1174,6,《པེ་》《སྣར་》,བལྟམ།
,,1175,7,《པེ་》,པ་ཁེབས།,《སྣར་》
,1147,1176,1,《སྣར་》,ལྕེ་ཕྲད་པས།,《པེ་》
,,1177,2,《པེ་》《སྣར་》,དེས།
,,1178,3,《སྣར་》,སྙམས།
,,1179,4,《པེ་》《སྣར་》,mདད་པ།
,,1180,5,《པེ་》《སྣར་》,ཀྱིས།
,,1181,6,《པེ་》《སྣར་》,འཆག
,,1182,7,《པེ་》《སྣར་》,བཞུགས།
,,1183,8,《པེ་》《སྣར་》,པའི།
,,1184,9,《པེ་》《སྣར་》,བརྟེན།
,,1185,10,《སྣར་》,གྱིས།
,,1186,11,《པེ་》《སྣར་》,རོ། །བྱམས་པར།
,,1187,12,《པེ་》《སྣར་》,བཏད།
,,1188,13,《པེ་》《སྣར་》,mདེ།
,,1189,14,《པེ་》《སྣར་》,pགིས།
,,1190,15,《པེ་》《སྣར་》,གྱིས།
,,1191,16,《པེ་》《སྣར་》,འགྲོན།
,,1192,17,《པེ་》《སྣར་》,ཞིང།
,1148,1193,1,《པེ་》《སྣར་》,རྫང།
,,1194,2,《པེ་》《སྣར་》,mཕྱིར།
,,1195,3,《པེ་》《སྣར་》,འཁོར།
,,1196,4,《པེ་》《སྣར་》,གང།
,,1197,5,《པེ་》,ཐུགས།
,,1198,6,《སྣར་》,འཇིག
,,1199,7,《པེ་》《སྣར་》,འདས་ཤིང།
,,1200,8,《པེ་》《སྣར་》,སྐྲུན།
,1149,1201,1,《སྣར་》,ངེའི།
,,1202,2,《པེ་》《སྣར་》,pདུ།
,,1203,3,《པེ་》《སྣར་》,སྤྲུག
,,1204,4,《པེ་》《སྣར་》《ཅོ་》,mཔ།
,,1205,5,《པེ་》,མི།
,,1206,6,《པེ་》《སྣར་》,པ།
,1150,1207,1,《པེ་》《སྣར་》,ཞེས།
,,1208,2,《པེ་》,བརྡའ།
,,1209,3,《པེ་》,འདྲིས།
,,1210,4,《པེ་》《སྣར་》,ཡང།
,,1211,5,《པེ་》,pམཁྱེན་པ།
,,1212,6,《པེ་》《སྣར་》,བྱ།
,,1213,7,《སྣར་》,ཐོག
,,1214,8,《པེ་》《སྣར་》,mབ།
,,1215,9,《པེ་》《སྣར་》,པར།
,,1216,10,《པེ་》《སྣར་》,བར།
,1151,1217,1,《པེ་》《སྣར་》,པར།
,,1218,2,《པེ་》《སྣར་》,འདྲི།
,,1219,3,《པེ་》《སྣར་》,བསམ།
,,1220,4,《པེ་》《སྣར་》,འགྲོན།
,1152,1221,1,《པེ་》《སྣར་》,mབྱེད་པར།
,,1222,2,《པེ་》《སྣར་》,ཇི་ལྟར་ལྷས་སྦྱིན་ལ།
,,1223,3,《པེ་》《སྣར་》,མ།
,,1224,4,《ཅོ་》,བསྐྱུངས་པའི།
,,1225,5,《པེ་》,འཕུང།
,,1226,6,《པེ་》《སྣར་》,པས།
,,1227,7,《པེ་》,བར།
,,1228,8,《པེ་》《སྣར་》,ནི།
,1153,1229,1,《པེ་》《སྣར་》,བླངས་པ།
,,1230,2,《པེ་》《སྣར་》,བཅད།
,,1231,3,《པེ་》《སྣར་》,ཞིག
,,1232,4,《པེ་》《སྣར་》,བ།
,,1233,5,《པེ་》《སྣར་》,པས།
,,1234,6,《པེ་》《སྣར་》,mདང།
,,1235,7,《པེ་》《སྣར་》,རེ།
,,1236,8,《པེ་》《སྣར་》,དམན།
,,1237,9,《པེ་》,བསྲོགས།
,,1238,10,《པེ་》《སྣར་》,བསྲེག
,1154,1239,1,《པེ་》,ལྟར།
,,1240,2,《པེ་》《སྣར་》,mདག
,,1241,3,《པེ་》《སྣར་》,mབར།
,,1242,4,《པེ་》《སྣར་》,pབ།
,,1243,5,《པེ་》《སྣར་》,བདེའི།
,1155,1244,1,《པེ་》,བསྒྲུབ།
,,1245,2,《པེ་》《སྣར་》,mམ།
,,1246,3,《པེ་》《སྣར་》,mམི།
,,1247,4,《པེ་》,གསུངས།
,,1248,5,《སྣར་》,pམ་ཡིན་པ།
,,1249,6,《པེ་》《སྣར་》,ཕྲ།
,,1250,7,《པེ་》《སྣར་》,བ།
,1156,1251,1,《པེ་》《སྣར་》,སྔོན།
,,1252,2,《པེ་》《སྣར་》,འཐོབ།
,,1253,3,《པེ་》《སྣར་》,mས།
,,1254,4,《པེ་》《སྣར་》,ཉམ།
,,1255,5,《པེ་》《སྣར་》,ཉམས།
,,1256,6,《པེ་》《སྣར་》,འགྱུར།
,,1257,7,《པེ་》《སྣར་》,བསྒགས།
,,1258,8,《པེ་》《སྣར་》,ཚོང།
,,1259,9,《ཅོ་》,གཞོན།
,1157,1260,1,《པེ་》《སྣར་》,mལྔ།
,,1261,2,《པེ་》《སྣར་》,mཐུང།
,,1262,3,《སྣར་》,ཀྱིས།
,,1263,4,《པེ་》《སྣར་》,ཅིག
,,1264,5,《པེ་》《སྣར་》,ཏེ།
,,1265,6,《སྣར་》,ལྟ།
,,1266,7,《པེ་》《སྣར་》,ཉམས།
,,1267,8,《པེ་》,གདུགས།
,,1268,9,《པེ་》《སྣར་》,སེམས་དཔའ།
,1158,1269,1,《པེ་》《སྣར་》,pཔ།
,,1270,2,《པེ་》《སྣར་》,mས།
,,1271,3,《པེ་》《སྣར་》,ལོ།
,,1272,4,《སྣར་》,ལོ།
,,1273,5,《པེ་》《སྣར་》,ཀྱི།
,,1274,6,《པེ་》《སྣར་》,ཟླ།
,,1275,7,《པེ་》《སྣར་》,བཟུང།
,,1276,8,《པེ་》《སྣར་》,བསད།
,,1277,9,《པེ་》《སྣར་》,བསད།
,1159,1278,1,《པེ་》《སྣར་》,ལོ་སྒྱུར།,《ཅོ་》
,,1279,2,《སྣར་》,mཅད།
,,1280,3,《པེ་》《སྣར་》,pཔ།
,,1281,4,《སྣར་》,གྱུར་པ།
,,1282,5,《སྣར་》,ལོ།
,,1283,6,《པེ་》《སྣར་》,ལོ།
,1160,1284,1,《སྣར་》,བསྐྱེད།
,,1285,2,《པེ་》《སྣར་》,mརྣམས།
,,1286,3,《པེ་》《སྣར་》,མཐས།
,,1287,4,《པེ་》《སྣར་》,བརྩེག
,,1288,5,《པེ་》《སྣར་》,mརང་བཞིན་གྱི།
,,1289,6,《པེ་》《སྣར་》,གཅིག་པ།
,,1290,7,《པེ་》《སྣར་》,ཅིང།
,1161,1291,1,《པེ་》《སྣར་》,གྱིས།
,,1292,2,《པེ་》《སྣར་》,སྦྱང་བ།
,,1293,3,《པེ་》《སྣར་》,སྲོལ།
,,1294,4,《པེ་》《སྣར་》,སྤུར།
,,1295,5,《པེ་》《སྣར་》,སྦྱང་བ།
,,1296,6,《པེ་》《སྣར་》,mགིས།
,,1297,7,《པེ་》《སྣར་》,སྤུར།
,,1298,8,《པེ་》《སྣར་》,རྒྱུད།
,,1299,9,《པེ་》《སྣར་》,རྣམས།
,,1300,10,《པེ་》《སྣར་》,འདི།
,,1301,11,《པེ་》《སྣར་》,བཅད།
,,1302,12,《པེ་》《སྣར་》,ཞེས།
,,1303,13,《པེ་》《སྣར་》,mདང།
,,1304,14,《སྣར་》,སྲིད།
,,1305,15,《སྣར་》,བཞུག
,,1306,16,《པེ་》,པའི་ཧཱགས།,《སྣར་》
,,1307,17,《པེ་》《སྣར་》,དཀྲི།
,,1308,18,《པེ་》《སྣར་》,སྦྱོང།
,1162,1309,1,《པེ་》《སྣར་》,བསྙན།
,,1310,2,《པེ་》《སྣར་》,ཡིས།
,,1311,3,《པེ་》《སྣར་》,བཤིས།
,,1312,4,《སྣར་》,སྒྲུབ།
,,1313,5,《པེ་》《སྣར་》,mམ།
,,1314,6,《པེ་》《སྣར་》,འགྲོ།
,,1315,7,《པེ་》《སྣར་》,པ་བྱེད་ཏེ།
,,1316,8,《པེ་》《སྣར་》,གྱི།
,,1317,9,《པེ་》《སྣར་》,བཤེས།
,,1318,10,《པེ་》《སྣར་》,པོ།
,1163,1319,1,《པེ་》《སྣར་》,བརླབ།
,,1320,2,《པེ་》《སྣར་》,བ། །དེ་ཡི་དེ་དེ་ལྔར་སྤྱད།
,,1321,3,《པེ་》《སྣར་》,པོ།
,,1322,4,《པེ་》《སྣར་》,pཔ།
,,1323,5,《པེ་》《སྣར་》,mདེ།
,1164,1324,1,《པེ་》《སྣར་》,mརོ།
,,1325,2,《པེ་》《སྣར་》,mསུམ།
,,1326,3,《པེ་》,སྦྱོར།
,,1327,4,《པེ་》《སྣར་》,mལ།
,,1328,5,《པེ་》《སྣར་》,ཀྱིས།
,,1329,6,《པེ་》《སྣར་》,རྣམ།
,1165,1330,1,《པེ་》《སྣར་》,གྱུར་ཅིང།
,,1331,2,《པེ་》《སྣར་》,བྱེད།
,,1332,3,《པེ་》,བྱས་ཏེ་རིམ་འགྲོ།,《སྣར་》
,,1333,4,《པེ་》《སྣར་》,སྣལ།
,,1334,5,《པེ་》《སྣར་》,བསད།
,,1335,6,《པེ་》《སྣར་》,པོས།
,,1336,7,《སྣར་》,དུ།
,,1337,8,《པེ་》《སྣར་》,mམ།
,,1338,9,《པེ་》《སྣར་》,བརྩེའོ།
,,1339,10,《པེ་》《སྣར་》,mན།
,,1340,11,《པེ་》《སྣར་》,པ།
,,1341,12,《པེ་》《སྣར་》,གྱུར།
,,1342,13,《པེ་》《སྣར་》,པ།
,1166,1343,1,《སྣར་》,བྱེ།
,,1344,2,《པེ་》《སྣར་》,འཚམས་པ།
,,1345,3,《པེ་》,བསྣུམ།
,,1346,4,《པེ་》《སྣར་》,mདེ་དང།
,,1347,5,《པེ་》《སྣར་》,བསྒྱུར།
,,1348,6,《པེ་》《སྣར་》,འདུན།
,,1349,7,《པེ་》《སྣར་》,mཡང།
,,1350,8,《པེ་》《སྣར་》,དཔའ།
,,1351,9,《ཅོ་》,དུ།
,,1352,10,《པེ་》《སྣར་》,པ།
,,1353,11,《པེ་》《སྣར་》,སྐྲུན།
,1167,1354,1,《པེ་》《སྣར་》,གིས།
,,1355,2,《པེ་》《སྣར་》,mནོ།
,,1356,3,《པེ་》《སྣར་》,བུའི།
,,1357,4,《སྣར་》,དེ་ནས།
,,1358,5,《པེ་》《སྣར་》,པ།
,,1359,6,《པེ་》《སྣར་》,གང།
,,1360,7,《པེ་》《སྣར་》,འཚམས།
,1168,1361,1,《པེ་》《སྣར་》,ཀྱིས།
,,1362,2,《པེ་》《སྣར་》,ཤེས།
,,1363,3,《པེ་》《སྣར་》,པོའི།
,,1364,4,《པེ་》《སྣར་》,pབ།
,,1365,5,《པེ་》,ཉམས།
,,1366,6,《པེ་》《སྣར་》,ཀྱི།
,1169,1367,1,《པེ་》《སྣར་》,གྱིས།
,,1368,2,《པེ་》《སྣར་》,པ།
,,1369,3,《པེ་》,རིགས།
,,1370,4,《པེ་》《སྣར་》,ཕྱུང།
,,1371,5,《པེ་》《སྣར་》,སྔང།
,,1372,6,《པེ་》《སྣར་》,རྗེ།
,,1373,7,《པེ་》《སྣར་》,བརླགས།
,,1374,8,《པེ་》《སྣར་》,ཀྱི་སྔང།
,,1375,9,《པེ་》《སྣར་》,འཕུང།
,,1376,10,《པེ་》《སྣར་》,འཕུང་།
,,1377,11,《པེ་》《སྣར་》,མཁར་བས་རྒྱལ་བ།
,1170,1378,1,《པེ་》《སྣར་》,པོ།
,,1379,2,《པེ་》,པ།
,,1380,3,《པེ་》《སྣར་》,pལ།
,,1381,4,《པེ་》《སྣར་》,གཏང།
,,1382,5,《པེ་》《སྣར་》,གི།
,,1383,6,《པེ་》,ལུགས།
,,1384,7,《པེ་》,ལུགས།
,,1385,8,《པེ་》,གཞིན།
,,1386,8,《པེ་》《སྣར་》,རྩེས།
,,1387,9,《པེ་》《སྣར་》,བཏམས་པས།
,1171,1388,1,《ཅོ་》,ཀྱི།
,,1389,2,《པེ་》《སྣར་》,བ།
,,1390,3,《པེ་》《སྣར་》,པ།
,,1391,4,《པེ་》,སྦྱ།
,,1392,5,《པེ་》《སྣར་》,འཕུང།
,,1393,6,《པེ་》《སྣར་》,pལ།
,,1394,7,《པེ་》《སྣར་》,བསྡོམས།
,,1395,8,《པེ་》《སྣར་》,དེ།
,1172,1396,1,《པེ་》《སྣར་》,pཅིག
,,1397,2,《པེ་》《སྣར་》,mབྲན་ཕོ་དང།
,,1398,3,《པེ་》,གདགས།
,,1399,4,《པེ་》《སྣར་》,སྣོམས།
,,1400,5,《པེ་》《སྣར་》,mདེའི།
,,1401,6,《པེ་》《སྣར་》,pའཁོར།
,,1402,7,《པེ་》《སྣར་》,ཞིང།
,,1403,8,《པེ་》《སྣར་》,ཅུས།
,,1404,9,《པེ་》《སྣར་》,ནར།
,,1405,10,《པེ་》《སྣར་》,ལག་པར།
,1173,1406,1,《སྣར་》,གསོས་པར།
,,1407,2,《པེ་》《སྣར་》,གཞུས།
,,1408,3,《པེ་》《སྣར་》,ཕང།
,,1409,4,《པེ་》《སྣར་》,བརྟེན།
,,1410,5,《པེ་》《སྣར་》,སྨོས།
,,1411,6,《པེ་》《སྣར་》,pནས།
,,1412,7,《པེ་》《སྣར་》,པོ།
,,1413,8,《པེ་》《སྣར་》,པོའི།
,,1414,9,《པེ་》《སྣར་》,པོ།
,,1415,10,《པེ་》《སྣར་》,mཔོ།
,,1416,11,《པེ་》《སྣར་》,ཀྱིས།
,,1417,12,《པེ་》《སྣར་》,ལོ།
,,1418,13,《པེ་》《སྣར་》,ཅིག
,1174,1419,1,《པེ་》《སྣར་》,བསྲུང།
,,1420,2,《པེ་》《སྣར་》,mགི།
,,1421,3,《སྣར་》,དུ།
,,1422,4,《པེ་》《སྣར་》,སྨོས།
,,1423,5,《པེ་》《སྣར་》,པི་ན་ཛ།
,1175,1424,1,《པེ་》《སྣར་》,གིས།
,,1425,2,《པེ་》《སྣར་》,ཡུངས།
,1176,1426,1,《པེ་》《སྣར་》,འདབ།
,,1427,2,《པེ་》《སྣར་》,དབྱིངས།
,,1428,3,《པེ་》《སྣར་》,pཚེ།
,,1429,4,《སྣར་》,བརྗོད།
,,1430,5,《སྣར་》,བརྗོད།
,,1431,6,《པེ་》《སྣར་》,དེ་དང།
,,1432,7,《པེ་》《སྣར་》,དབྱིངས།
,,1433,8,《པེ་》《སྣར་》,བསད།
,,1434,9,《པེ་》《སྣར་》,བསད།
,1178,1435,1,《པེ་》,pགང་གི་ཆོས་ཀྱི་སྒྲིབ་པ་རྣམས།།
,,1436,2,《པེ་》《སྣར་》,བའི།
,,1437,3,《པེ་》《སྣར་》,སྲིད།
,,1438,4,《པེ་》《སྣར་》,pགང།
,1179,1439,1,《པེ་》《སྣར་》,pབ།
,,1440,2,《པེ་》《སྣར་》,pམ།
,,1441,3,《པེ་》《སྣར་》,ཉོན་མོངས།
,,1442,4,《སྣར་》,བཅིག
,,1443,5,《པེ་》《སྣར་》,སྤྱོད།
,,1444,6,《པེ་》《སྣར་》,pལ།
,,1445,7,《པེ་》《སྣར་》,དེས།
,1180,1446,1,《པེ་》《སྣར་》,ཀྱིས།
,,1447,2,《པེ་》《སྣར་》,འདི།
,,1448,3,《པེ་》《སྣར་》,mརྣམས་སོ།
,,1449,4,《པེ་》《སྣར་》,གཅིག
,,1450,5,《པེ་》《སྣར་》,ཉེས་པར།
,,1451,6,《པེ་》《སྣར་》,གྲངས།
,1181,1452,1,《པེ་》,mཔར།
,,1453,2,《པེ་》《སྣར་》,ཅིག
,,1454,3,《པེ་》《སྣར་》,པ།
,,1455,4,《པེ་》《སྣར་》,གི་བཅའ་བའི།
,,1456,5,《པེ་》《སྣར་》,བདག
,,1457,6,《སྣར་》,བ།
,1182,1458,1,《པེ་》《སྣར་》,བསླུ།
,,1459,2,《པེ་》《སྣར་》,pབློ་ཐ་དད་པ་འམ།
,,1460,3,《པེ་》《སྣར་》,པ།
,,1461,4,《པེ་》《སྣར་》,མཆེས།
,,1462,5,《པེ་》《སྣར་》,mཔ།
,,1463,6,《པེ་》《སྣར་》,དགྲོང་བྱར།
,1183,1464,1,《པེ་》《སྣར་》,mབར་འགྱུར།
,,1465,2,《པེ་》《སྣར་》,ས།
,,1466,3,《པེ་》《སྣར་》,དེ།
,,1467,4,《པེ་》《སྣར་》,རི་བོ།
,,1468,5,《པེ་》,རྐང་པོ།,《སྣར་》
,1184,1469,1,《པེ་》《སྣར་》,ཞིག
,,1470,2,《པེ་》《སྣར་》,mན།
,,1471,3,《པེ་》《སྣར་》,ཚེ་ཀུན་ཚེ།
,,1472,4,《པེ་》《སྣར་》,པ།
,,1473,5,《པེ་》《སྣར་》,གཞན།
,,1474,6,《པེ་》《སྣར་》,འབྱུང།
,,1475,7,《པེ་》《སྣར་》,མོ།
,,1476,8,《པེ་》《སྣར་》,གིས།
,1185,1477,1,《པེ་》,pའདོད་པར།
,,1478,2,《པེ་》《སྣར་》,པར།
,,1479,3,《པེ་》《སྣར་》,གྱུར།
,,1480,4,《པེ་》《སྣར་》,ཀླས།
,,1481,5,《པེ་》《སྣར་》,གནའ།
,,1482,6,《པེ་》《སྣར་》,ཀྱིས།
,,1483,7,《པེ་》《སྣར་》,འབྱོ།
,1186,1484,1,《པེ་》《སྣར་》,ཀྱིས།
,,1485,2,《པེ་》《སྣར་》,བཅད།
,,1486,3,《པེ་》,བཀགས།,《སྣར་》
,,1487,4,《པེ་》《སྣར་》,བཅད།
,,1488,5,《པེ་》《སྣར་》,བལྟར།
,1187,1489,1,《པེ་》《སྣར་》,མཚོན།
,,1490,2,《པེ་》《སྣར་》,གཏུམ།
,,1491,3,《པེ་》《སྣར་》,རྔས།
,,1492,4,《པེ་》《སྣར་》,རྒྱན།
,,1493,5,《པེ་》《སྣར་》,ཅི་སྟེ།
,,1494,6,《པེ་》《སྣར་》,སྤང་བ།
,1188,1495,1,《སྣར་》,ཤེས།
,,1496,2,《སྣར་》,ལྷག
,,1497,3,《སྣར་》,བར།
,,1498,4,《པེ་》《སྣར་》,སྐྱེད་པར།
,,1499,5,《པེ་》《སྣར་》,mཐལ་བར།
,,1500,6,《པེ་》《སྣར་》,འདུལ།
,,1501,7,《པེ་》《སྣར་》,ཚིར།
,,1502,8,《པེ་》《སྣར་》,mཔ།
,1189,1503,1,《པེ་》《སྣར་》,པ།
,,1504,2,《པེ་》《སྣར་》,ལྟར།
,,1505,3,《ཅོ་》,དྭགས་འདབ།
,,1506,4,《པེ་》,རིག
,,1507,5,《པེ་》《སྣར་》,ན།
,,1508,6,《པེ་》《སྣར་》,ན།
,,1509,7,《པེ་》《སྣར་》,སྤོང།
,1190,1510,1,《པེ་》《སྣར་》,གསལ།
,,1511,2,《སྣར་》,དོ། །
,,1512,3,《པེ་》《སྣར་》,བུ་མེས་སྐྲོག
,,1513,4,《པེ་》《སྣར་》,སྒྲུབ།
,,1514,5,《པེ་》《སྣར་》,སྙེམས།
,,1515,6,《པེ་》,སྨྲས་འོ།
,,1516,7,《པེ་》《སྣར་》,ཤེའོ།
,,1517,8,《པེ་》《སྣར་》,རྟོག
,,1518,9,《པེ་》《སྣར་》,མིའི།
,1191,1519,1,《པེ་》《སྣར་》,pཀྱིས།
,,1520,2,《པེ་》《སྣར་》,མཆེས།
,,1521,3,《པེ་》《སྣར་》,ཀྱང།
,,1522,4,《པེ་》《སྣར་》,པས།
,,1523,5,《པེ་》《སྣར་》,ཞིང།
,,1524,6,《སྣར་》,འདེབ།
,,1525,7,《པེ་》,འགྲོ།
,,1526,8,《སྣར་》,འདི།
,,1527,9,《པེ་》《སྣར་》,གྱི།
,1192,1528,1,《སྣར་》,ཉིས།
,,1529,2,《པེ་》《སྣར་》,སྐྱེ།
,,1530,3,《སྣར་》,བཟད།
,,1531,4,《པེ་》《སྣར་》,ལྡོངས།
,1193,1532,1,《པེ་》《སྣར་》,བསྐལ་པ།
,,1533,2,《པེ་》《སྣར་》,སྐྱེ།
,,1534,3,《པེ་》《སྣར་》,འཐོབ།
,,1535,4,《པེ་》《སྣར་》,དམ་ཡོད་པ།
,,1536,5,《པེ་》,མེད་དེ།,《སྣར་》
,,1537,6,《པེ་》《སྣར་》,གི།
,,1538,7,《པེ་》,མེར།,《སྣར་》
,,1539,8,《པེ་》,གྱི།
,1194,1540,1,《པེ་》《སྣར་》,བསྟེན།
,,1541,2,《པེ་》《སྣར་》,སྲེལ།
,,1542,3,《པེ་》《སྣར་》,བཏུད་ཅིང།
,,1543,4,《པེ་》《སྣར་》,གྲོར།
,,1544,5,《པེ་》《སྣར་》,ནི།
,,1545,6,《པེ་》《སྣར་》,གྱིས།
,,1546,7,《པེ་》《སྣར་》,བྱས་ཏེ།
,,1547,8,《པེ་》,བུང།
,,1548,9,《སྣར་》,བྱང་བ།
,,1549,10,《སྣར་》,དུ།
,,1550,11,《པེ་》《སྣར་》,བཟུང།
,1195,1551,1,《པེ་》《སྣར་》,བརྙའ།
,,1552,2,《པེ་》《སྣར་》,ཕྱིར།
,,1553,3,《པེ་》《སྣར་》,mཞུ།
,,1554,4,《པེ་》《སྣར་》,ཞིང།
,,1555,5,《པེ་》,mཉམས།
,,1556,6,《པེ་》《སྣར་》,བཞུ།
,,1557,7,《པེ་》《སྣར་》,སྦྱིན་གྱིས་ཞེས།
,,1558,8,《པེ་》《སྣར་》,ཞིང།
,,1559,9,《པེ་》《སྣར་》,བཞུས།
,,1560,10,《སྣར་》,བརྒྱུ།
,,1561,11,《པེ་》《སྣར་》,འབྱུང།
,,1562,12,《པེ་》《སྣར་》,ནས་མཚན་པོ།
,1196,1563,1,《པེ་》《སྣར་》,mཕྱིར།
,,1564,2,《པེ་》《སྣར་》,mཁོ་ན།
,,1565,3,《པེ་》《སྣར་》,ཟས།
,,1566,4,《པེ་》《སྣར་》,mཔ།
,,1567,5,《པེ་》《སྣར་》,འཕྲིགས་པས་དེས།
,,1568,6,《པེ་》《སྣར་》,pགང།
,,1569,7,《པེ་》《སྣར་》,ནམ།
,,1570,8,《སྣར་》,འཛའ།
,,1571,9,《སྣར་》,ལྟགས།
,,1572,10,《པེ་》《སྣར་》,བ།
,,1573,11,《པེ་》《སྣར་》,mཔ།
,,1574,12,《པེ་》《སྣར་》,mརང།
,1197,1575,1,《པེ་》《སྣར་》,པས།
,,1576,2,《པེ་》《སྣར་》,སེང།
,,1577,3,《པེ་》《སྣར་》,སེང།
,,1578,4,《པེ་》《སྣར་》,གྲགས།
,,1579,5,《པེ་》《སྣར་》,mཀའི་ཚེ་ཉི་མ་ནུབ།
,,1580,6,《པེ་》《སྣར་》,ཞིང།
,,1581,7,《པེ་》《སྣར་》,ལྟ།
,,1582,8,《པེ་》《སྣར་》,ཞིང།
,,1583,9,《པེ་》《སྣར་》,ལ།
,1198,1584,1,《པེ་》《སྣར་》,mཔ།
,,1585,2,《པེ་》《སྣར་》,བས།
,,1586,3,《པེ་》《སྣར་》,mབ།
,,1587,4,《པེ་》《སྣར་》,ཚོགས།
,,1588,5,《པེ་》《སྣར་》,mཏེ།
,,1589,6,《པེ་》《སྣར་》,pཔས་འཇིག
,,1590,7,《པེ་》《སྣར་》,pགང་དག་གཉིས།
,,1591,8,《པེ་》《སྣར་》,mཔར།
,1199,1592,1,《པེ་》《སྣར་》,འབྱང།
,,1593,2,《པེ་》《སྣར་》,ཀྱི་འབྱང།
,,1594,3,《པེ་》《སྣར་》,ཞིང།
,,1595,4,《པེ་》《སྣར་》,རྣམས་མཐར།
,,1596,5,《པེ་》《སྣར་》,པར།
,,1597,6,《པེ་》《སྣར་》,བསྲེག
,,1598,7,《སྣར་》,mགྱི།
,,1599,8,《པེ་》《སྣར་》,སྤོང།
,,1600,9,《པེ་》《སྣར་》,པོའི།
,,1601,10,《པེ་》《སྣར་》,ཀྱི།
,,1602,11,《པེ་》《སྣར་》,mགཉིས།
,1200,1603,1,《པེ་》《སྣར་》,pཔ།
,,1604,2,《པེ་》《སྣར་》,mདེ།
,,1605,3,《པེ་》《སྣར་》,རྡུགས།
,,1606,4,《པེ་》《སྣར་》,pདུ།
,,1607,5,《པེ་》《སྣར་》,འཆག
,,1608,6,《པེ་》《སྣར་》,ཀྱིས།
,,1609,7,《པེ་》,པའི།
,1201,1610,1,《པེ་》《སྣར་》,mའཇུག་པར།
,,1611,2,《པེ་》《སྣར་》,དབང།
,,1612,3,《པེ་》《སྣར་》,ན་ལུས་ཀྱི་དབང་པོ་ལ།
,,1613,4,《པེ་》《སྣར་》,mཞི་ན་ཉོན་མོངས་པ་ཐམས་ཅད་རབ་ཏུ།
,,1614,5,《པེ་》《སྣར་》,རིག
,,1615,6,《པེ་》《སྣར་》,སྒྲུབ།
,1202,1616,1,《པེ་》《སྣར་》,ལས།
,,1617,2,《པེ་》《སྣར་》,དོ། །
,,1618,3,《པེ་》《སྣར་》,བ།
,,1619,4,《པེ་》《སྣར་》,ལ་སོགས།
,1203,1620,1,《པེ་》《སྣར་》,པ་ཡིའོ།
,,1621,2,《པེ་》《སྣར་》,pནོར་བསྒྱུར་གྱི་ཤ་ཟ་ནི།
,,1622,3,《སྣར་》,འཚོགས།
,,1623,4,《སྣར་》,འཚོགས།
,,1624,5,《པེ་》《སྣར་》,ཀྱི།
,,1625,6,《པེ་》《སྣར་》,སྤང་བ།
,,1626,7,《པེ་》《སྣར་》,ཐད།
,,1627,8,《པེ་》,བྲལ་བ།,《སྣར་》
,,1628,9,《པེ་》《སྣར་》,ཀྱི།
,1204,1629,1,《པེ་》《སྣར་》,pཔ།
,,1630,2,《པེ་》,ཕྱིར།
,,1631,3,《པེ་》,mལག
,,1632,4,《པེ་》《སྣར་》,mན།
,,1633,5,《པེ་》《སྣར་》,pལ།
,,1634,6,《པེ་》《སྣར་》,ཟེ།
,,1635,7,《པེ་》《སྣར་》,གྲོ།
,,1636,8,《པེ་》《སྣར་》,བསྟེན།
,1205,1637,1,《སྣར་》,བསྟོན།
,,1638,2,《པེ་》《སྣར་》,སྤངས་པར།
,,1639,3,《ཅོ་》,རྟོག
,,1640,4,《པེ་》《སྣར་》,mམི།
,,1641,5,《པེ་》《སྣར་》《ཅོ་》,mདག
,,1642,6,《པེ་》《སྣར་》,རྩེ།
,,1643,7,《པེ་》《སྣར་》,mགནོད་སེམས་ལ་སྤྱོད་པའི།
,,1644,8,《པེ་》《སྣར་》,འཕུང།
,,1645,9,《པེ་》《སྣར་》,མཆེད།
,,1646,10,《པེ་》《སྣར་》,པ།
,,1647,11,《སྣར་》,དུ།
,,1648,12,《པེ་》《སྣར་》,གསད།
,,1649,13,《པེ་》《སྣར་》,ཞིང།
,,1650,14,《པེ་》《སྣར་》,ཀྱིས།
,1206,1651,1,《སྣར་》,པ།
,,1652,2,《པེ་》《སྣར་》,mའདི་ནི་དེ་དག་ཟད་པ་ལས། །
,,1653,3,《པེ་》《སྣར་》,བཤེ།
,,1654,4,《པེ་》《སྣར་》,པ།
,,1655,5,《པེ་》《སྣར་》,mདེ་ལྟ།
,1207,1656,1,《པེ་》《སྣར་》,pའགའ།
,,1657,2,《སྣར་》,ཞིང།
,,1658,3,《པེ་》《སྣར་》,གྱིས།
,,1659,4,《པེ་》《སྣར་》,གི།
,,1660,5,《པེ་》《སྣར་》,དེས།
,,1661,6,《པེ་》,གྱིས་སྐྱོན།,《སྣར་》
,,1662,7,《པེ་》《སྣར་》,བཤེ།
,1208,1663,1,《པེ་》《སྣར་》,གཅད།
,,1664,2,《པེ་》,སྟོད་པ།,《སྣར་》
,,1665,3,《པེ་》《སྣར་》,བཅད།
,,1666,4,《སྣར་》,ཡང།
,,1667,5,《པེ་》《སྣར་》,བསད།
,,1668,6,《པེ་》,གཞིན།
,,1669,7,《པེ་》《སྣར་》,ཇི།
,,1670,8,《པེ་》《སྣར་》,བ་ཞེས་བྱ་བའམ་ལག་རྡུམ།
,,1671,9,《པེ་》《སྣར་》,pཔར་གྱུར།
,,1672,10,《པེ་》《སྣར་》,ཀྱིས།
,,1673,11,《པེ་》《སྣར་》,ལ་དེ་ལས།
,1209,1674,1,《པེ་》《སྣར་》,པས།
,,1675,2,《པེ་》《སྣར་》,mརོ།
,,1676,3,《པེ་》《སྣར་》,ཡང།
,,1677,4,《པེ་》《སྣར་》,mཔོ།
,,1678,5,《པེ་》《སྣར་》,བེའུ།
,1210,1679,1,《པེ་》《སྣར་》,བེའུ།
,,1680,2,《པེ་》《སྣར་》,བུ།
,,1681,3,《པེ་》《སྣར་》,དགའ།
,,1682,4,《པེ་》《སྣར་》,བརླང།
,,1683,5,《པེ་》《སྣར་》,pབྱ།
,,1684,6,《པེ་》《སྣར་》,mམེད།
,1211,1685,1,《པེ་》《སྣར་》,རྟོགས།
,,1686,2,《པེ་》,སོག་པ།,《སྣར་》
,1212,1687,1,《པེ་》,བཤེ།
,,1688,2,《པེ་》《སྣར་》,mགི།
,,1689,3,《པེ་》《སྣར་》,བཤད།
,,1690,4,《པེ་》《སྣར་》,བསམས་ཤིང།
,,1691,5,《པེ་》《སྣར་》,པར་གྱུར།
,,1692,6,《པེ་》《སྣར་》,ཞན།
,,1693,7,《པེ་》《སྣར་》,ཕྱིར།
,1213,1694,1,《པེ་》《སྣར་》,ཀྱི།
,,1695,2,《པེ་》《སྣར་》,བསད།
,,1696,3,《སྣར་》,ཞེན།
,1214,1697,1,《པེ་》《སྣར་》,བསྔལ་བར།
,,1698,2,《པེ་》《སྣར་》,mཅན།
,,1699,3,《པེ་》《སྣར་》,mཔར།
,,1700,4,《པེ་》《སྣར་》,གྱིས།
,,1701,5,《པེ་》《སྣར་》,པོའི།
,,1702,6,《པེ་》《སྣར་》,པ།
,,1703,7,《པེ་》《སྣར་》,མཚར།
,,1704,8,《པེ་》《སྣར་》,mདང།
,,1705,9,《པེ་》《སྣར་》,mཔ།
,,1706,10,《པེ་》《སྣར་》,mགང།
,1215,1707,1,《པེ་》《སྣར་》,pདེ།
,,1708,2,《པེ་》《སྣར་》,བསད་དུ་པ་སྲན།
,,1709,3,《པེ་》《སྣར་》,pཅིང།
,,1710,4,《པེ་》《སྣར་》,གྱུར།
,,1711,5,《པེ་》《སྣར་》,དེ།
,,1712,6,《པེ་》《སྣར་》,ཨཾ
,,1713,7,《པེ་》《སྣར་》,དེ་ལི་པི།
,,1714,8,《པེ་》《སྣར་》,ཏུ།
,,1715,9,《པེ་》《སྣར་》,སྐྲན།
,,1716,10,《པེ་》《སྣར་》,mདག
,,1717,11,《པེ་》《སྣར་》,mཏུ།
,,1718,12,《པེ་》,སྙམས།
,,1719,13,《པེ་》《སྣར་》,གསད།
,,1720,14,《པེ་》《སྣར་》,ལ།
,1216,1721,1,《པེ་》《སྣར་》,འཕུང།
,,1722,2,《པེ་》《སྣར་》,གྱིས།
,,1723,3,《པེ་》《སྣར་》,ན།
,,1724,4,《པེ་》《སྣར་》,mལ།
,,1725,5,《པེ་》《སྣར་》,mཔར་འཇུག
,,1726,6,《པེ་》《སྣར་》,mགནས་པ་དང་བྲལ་བའི་ཕྱིར་རོ། །
,1217,1727,1,《པེ་》《སྣར་》,mན།
,,1728,2,《པེ་》《སྣར་》,mའདོན་པ།
,,1729,3,《པེ་》《སྣར་》,བ།
,,1730,4,《པེ་》《སྣར་》,པའོ།། །།
,1218,1731,1,《པེ་》《སྣར་》,།།
,,1732,2,《པེ་》《སྣར་》,འཇིག
,,1733,3,《པེ་》《སྣར་》,པོ།
,,1734,4,《པེ་》《སྣར་》,ཀློང།
,,1735,5,《པེ་》,རྒྱ།
,,1736,6,《པེ་》《སྣར་》,རུལ།
,,1737,7,《པེ་》《སྣར་》,ལང།
,,1738,8,《པེ་》《སྣར་》,འཇིག
,,1739,9,《པེ་》《སྣར་》,གདོང་བའི་སྲོག་འབྲལ་བ།
,,1740,10,《པེ་》《སྣར་》,mབ།
,1219,1741,1,《པེ་》《སྣར་》,དག
,,1742,2,《པེ་》《སྣར་》,འགྲོ་བོ།
,,1743,3,《པེ་》《སྣར་》,mཔར།
,,1744,4,《པེ་》,དུག
,,1745,5,《པེ་》《སྣར་》,ངན།
,,1746,6,《པེ་》《སྣར་》,རྩམ།
,,1747,7,《པེ་》《སྣར་》,ཀྱི།
,,1748,8,《པེ་》《སྣར་》,ཆོས།
,1220,1749,1,《པེ་》《སྣར་》,mཀྱིས།
,,1750,2,《པེ་》《སྣར་》,པའི།
,,1751,3,《པེ་》《སྣར་》,སྔོན།
,,1752,4,《པེ་》《སྣར་》,སྔོན།
,,1753,5,《པེ་》《སྣར་》,སྔོ།
,,1754,6,《པེ་》,mཔ།
,,1755,7,《པེ་》《སྣར་》,འབྱུང།
,1221,1756,1,《པེ་》《སྣར་》,ཁྱད།
,,1757,2,《པེ་》《སྣར་》,གསར་པ།
,,1758,3,《པེ་》《སྣར་》,mཀྱི།
,,1759,4,《པེ་》《སྣར་》,བཅད།
,,1760,5,《པེ་》《སྣར་》,ཐམས་ཅད།
,,1761,6,《སྣར་》,སོ།
,,1762,7,《པེ་》《སྣར་》,སྟེ།
,,1763,8,《པེ་》《སྣར་》,ལས།
,,1764,9,《པེ་》《སྣར་》,བ།
,,1765,10,《པེ་》《སྣར་》,pཡང།
,1222,1766,1,《པེ་》《སྣར་》,ཆོམ།
,,1767,2,《པེ་》《སྣར་》,ཀྱིས།
,,1768,3,《པེ་》,mབྱས།
,,1769,4,《པེ་》《སྣར་》,mམི།
,,1770,5,《པེ་》,བལྟ།
,,1771,6,《པེ་》《སྣར་》,ཀྱི།
,,1772,7,《པེ་》,pཞེས།
,,1773,8,《པེ་》《སྣར་》,དེ།
,,1774,9,《པེ་》《སྣར་》,གྱིས།
,1223,1775,1,《པེ་》《སྣར་》,བསྒྲིམས།
,,1776,2,《པེ་》《སྣར་》,བཟུང།
,,1777,3,《པེ་》《སྣར་》,pདང།
,,1778,4,《པེ་》《སྣར་》,པ།
,,1779,5,《པེ་》《སྣར་》,དེ་ནས།
,,1780,6,《པེ་》《སྣར་》,སྤྱོད།
,,1781,7,《པེ་》《སྣར་》,པ་པོ།
,,1782,8,《པེ་》《སྣར་》,དུམྦ།
,1224,1783,1,《པེ་》《སྣར་》,mདུ།
,,1784,2,《པེ་》《སྣར་》,དེ།
,,1785,3,《པེ་》《སྣར་》,དུམྦ།
,,1786,4,《པེ་》《སྣར་》,དུམྦ།
,,1787,5,《པེ་》《སྣར་》,པར།
,,1788,6,《པེ་》《སྣར་》,དབོགས།
,,1789,7,《པེ་》《སྣར་》,ཆེར་ནི།
,1225,1790,1,《པེ་》,རིགས།
,,1791,2,《པེ་》《སྣར་》,mམངོན་པར།
,,1792,3,《པེ་》《སྣར་》,དོ་ཞེས།
,,1793,4,《པེ་》《སྣར་》,ཤེས།
,,1794,5,《པེ་》《སྣར་》,འཚོ་བར།
,,1795,6,《པེ་》《སྣར་》,mདེ།
,,1796,7,《པེ་》《སྣར་》,བཞོན་ནོ།
,,1797,8,《པེ་》《སྣར་》,རལ།
,,1798,9,《པེ་》《སྣར་》,རལ།
,,1799,10,《པེ་》《སྣར་》,mགྱི།
,,1800,11,《པེ་》《སྣར་》,mའདི།
,1226,1801,1,《པེ་》《སྣར་》,སྟེང།
,,1802,2,《སྣར་》,འདི།
,,1803,3,《པེ་》《སྣར་》,གསོད།
,,1804,4,《པེ་》《སྣར་》,pཔ།
,,1805,5,《པེ་》《སྣར་》,mཀྱང།
,,1806,6,《པེ་》《སྣར་》,རྩོམ།
,,1807,7,《པེ་》,mདེས།
,,1808,8,《པེ་》《སྣར་》,གྱུར།
,1227,1809,1,《པེ་》《སྣར་》,mཀྱི་ལས།
,,1810,2,《པེ་》《སྣར་》,mལ།
,,1811,3,《པེ་》《སྣར་》,བསྟེན།
,,1812,4,《པེ་》《སྣར་》,pཅན།
,,1813,5,《པེ་》《སྣར་》,mཐོབ་པ་ཉིད།
,,1814,6,《པེ་》《སྣར་》,གཡོ་བའི།
,,1815,7,《པེ་》《སྣར་》,བརྡོལ་ཐབས་ཀྱང།
,1228,1816,1,《པེ་》《སྣར་》,རྩུག
,,1817,2,《པེ་》《སྣར་》,བས་མི་འདོད་ཅེས།
,,1818,3,《པེ་》,གསངས་ཏེ།,《སྣར་》
,,1819,4,《པེ་》《སྣར་》,pའདི།
,,1820,5,《པེ་》《སྣར་》,ལྟར།
,,1821,6,《པེ་》《སྣར་》,བགྱིས།
,,1822,7,《པེ་》《སྣར་》,ལྟར།
,,1823,8,《པེ་》《སྣར་》,ན།
,1229,1824,1,《པེ་》《སྣར་》,ཅིང།
,,1825,2,《པེ་》《སྣར་》,རྒོད།
,,1826,3,《པེ་》《སྣར་》,ལས།
,,1827,4,《པེ་》《སྣར་》,ལྟ།
,,1828,5,《པེ་》,བསྲོགས།,《སྣར་》
,,1829,6,《པེ་》《སྣར་》,འཆགས།
,,1830,7,《པེ་》《སྣར་》,mདེ།
,,1831,8,《པེ་》《སྣར་》,འཕེན།
,,1832,9,《པེ་》《སྣར་》,pཔ།
,1230,1833,1,《པེ་》《སྣར་》,pའགྲོ་བ་ཇི་ལྟ།
,,1834,2,《པེ་》《སྣར་》,ལ།
,,1835,3,《པེ་》,mཔ།
,1231,1836,1,《པེ་》,བྲེལ།
,,1837,2,《པེ་》《སྣར་》,ཏུ།
,,1838,3,《པེ་》《སྣར་》,mབྱ་བ།
,,1839,4,《པེ་》《སྣར་》,དབྱུག
,,1840,5,《སྣར་》,དང་ཆུས།
,,1841,6,《པེ་》,འདིར།
,,1842,7,《པེ་》《སྣར་》,འཇོག
,,1843,8,《པེ་》《སྣར་》,བཅད།
,,1844,9,《པེ་》《སྣར་》,mགྱི།
,1232,1845,1,《པེ་》《སྣར་》,ཆགས།
,,1846,2,《པེ་》《སྣར་》,pལས།
,,1847,3,《པེ་》《སྣར་》,mདང།
,,1848,4,《པེ་》《སྣར་》,mལ།
,,1849,5,《པེ་》《སྣར་》,པར།
,,1850,6,《པེ་》《སྣར་》,ལྟར།
,1233,1851,1,《པེ་》《སྣར་》,mཔ།
,,1852,2,《པེ་》《སྣར་》,ཁྱོད།
,,1853,3,《པེ་》《སྣར་》,སོགས།
,,1854,4,《པེ་》《སྣར་》,སོགས།
,,1855,5,《པེ་》《སྣར་》,གི།
,,1856,6,《པེ་》《སྣར་》,གིས།
,,1857,7,《སྣར་》,pཔ།
,,1858,8,《སྣར་》,mརོ།
,,1859,9,《པེ་》《སྣར་》,རྩིག་པ།
,,1860,10,《པེ་》《སྣར་》,བསྐྱེད།
,,1861,11,《པེ་》《སྣར་》,བསྐྱེད།
,1234,1862,1,《པེ་》《སྣར་》,བསྐྱེད།
,,1863,2,《པེ་》《སྣར་》,རེ།
,,1864,3,《པེ་》《སྣར་》,mལ།
,,1865,4,《པེ་》《སྣར་》,mཀྱི།
,,1866,5,《པེ་》《སྣར་》,འཇུག
,,1867,6,《པེ་》《སྣར་》,འབའ་ལིའི།
,,1868,7,《པེ་》《སྣར་》,རུང།
,,1869,8,《པེ་》《སྣར་》,mདང་པོ།
,,1870,9,《པེ་》《སྣར་》,mབ།
,,1871,10,《པེ་》《སྣར་》,བསྲུངས།
,,1872,11,《པེ་》《སྣར་》,བསྲུངས་པར།
,,1873,12,《པེ་》《སྣར་》,བསྐྱེད།
,1135,1874,1,《པེ་》《སྣར་》,བསྐྱེད།
,,1875,2,《པེ་》《སྣར་》,འབའ་ལི།
,,1876,3,《པེ་》《སྣར་》,དབོན་བྱིན།
,,1877,4,《པེ་》《སྣར་》,བརྔམས།
,,1878,5,《པེ་》,བ།
,,1879,6,《པེ་》,པའམ།
,,1880,7,《སྣར་》,ཏུ།,《ཅོ་》
,,1881,8,《ཅོ་》,བོའི།
,,1882,9,《སྣར་》,བྱང།
,,1883,10,《པེ་》《སྣར་》,པར།
,,1884,11,《པེ་》《སྣར་》,འཇིགས།
,,1885,13,《པེ་》,པ།
,,1886,14,《པེ་》《སྣར་》,འཇིགས།
,1236,1887,1,《པེ་》《སྣར་》,འབྱུང།
,,1888,2,《པེ་》《སྣར་》,བཏང་བ་ལས།
,,1889,3,《པེ་》《སྣར་》,འཇིགས།
,,1890,4,《པེ་》《སྣར་》,pཔར།
,,1891,5,《པེ་》《སྣར་》,ཀྱི།
,,1892,6,《པེ་》《སྣར་》,སོགས་པའི།
,,1893,7,《པེ་》《སྣར་》,pའབྱུང་བ།
,,1894,8,《པེ་》《སྣར་》,ཀྱིས།
,1237,1895,1,《པེ་》《སྣར་》,ལྷུང།
,,1896,2,《པེ་》《སྣར་》,མཱ་དཱ་གྣཱིའི།
,,1897,3,《པེ་》《སྣར་》,སྟེང།
,,1898,4,《པེ་》《སྣར་》,སྟེང།
,,1899,5,《པེ་》《སྣར་》,དཀའོ།
,,1900,6,《པེ་》《སྣར་》,mདག
,,1901,7,《པེ་》《སྣར་》,སྔགས།
,,1902,8,《སྣར་》,ནས།
,,1903,9,《པེ་》《སྣར་》,ནི།
,,1904,10,《པེ་》《སྣར་》,mའདི།
,,1905,11,《པེ་》《སྣར་》,mཔ།
,,1906,12,《པེ་》《སྣར་》,ཅི།
,1238,1907,1,《པེ་》《སྣར་》,རིང།
,,1908,2,《པེ་》《སྣར་》,mམ།
,,1909,3,《པེ་》《སྣར་》,ཡོང།
,,1910,4,《པེ་》《སྣར་》,བརྒྱས།
,,1911,5,《སྣར་》,པས།
,,1912,6,《པེ་》《སྣར་》,mན།
,,1913,7,《པེ་》《སྣར་》,འཆམས་ཤིང།
,,1914,8,《པེ་》《སྣར་》,མྱང།
,,1915,9,《པེ་》《སྣར་》,འབྲས།
,1239,1916,1,《པེ་》《སྣར་》,mབ།
,,1917,2,《པེ་》《སྣར་》,ཚུལ་གྱིས།
,,1918,3,《པེ་》《སྣར་》,mལ།
,,1919,4,《པེ་》《སྣར་》,གྱི།
,,1920,5,《པེ་》《སྣར་》,ཀྱིས།
,,1921,6,《པེ་》《སྣར་》,ལ།
,,1922,7,《པེ་》,དེས།,《སྣར་》
,,1923,8,《པེ་》,སྨ་ཏེ།,《སྣར་》
,,1924,9,《པེ་》《སྣར་》,mལ།
,1240,1925,1,《པེ་》《སྣར་》,pཉིད།
,,1926,2,《པེ་》《སྣར་》,པ་ཡིས།
,,1927,3,《པེ་》《སྣར་》,mདུ།
,,1928,4,《པེ་》《སྣར་》,ཙེའི།
,,1929,5,《པེ་》《སྣར་》,mདགོས་པའི།
,,1930,6,《པེ་》《སྣར་》,ཞིག
,,1931,7,《པེ་》《སྣར་》,དང་པོར།
,1241,1932,1,《པེ་》《སྣར་》,རོཀྵ།
,,1933,2,《པེ་》《སྣར་》,ཀྱིས།
,,1934,3,《པེ་》《སྣར་》,གྱིས།
,,1935,4,《པེ་》《སྣར་》,ཐོབ།
,,1936,5,《པེ་》《སྣར་》,པོའི་རིགས།
,1242,1937,1,《པེ་》《སྣར་》,pཙམ།
,,1938,2,《པེ་》《སྣར་》,ཞིང་མི་བདེ།
,,1939,3,《པེ་》《སྣར་》,ཞེས།
,,1940,4,《པེ་》《སྣར་》,ལ།
,,1941,5,《པེ་》,pཔ།
,,1942,6,《པེ་》《སྣར་》,གྱུར།
,,1943,7,《པེ་》《སྣར་》,དོར།
,,1944,8,《པེ་》《སྣར་》,བསད།
,,1945,9,《པེ་》《སྣར་》,ནས།
,,1946,10,《པེ་》《སྣར་》,སྤང།
,1243,1947,1,《པེ་》《སྣར་》,གལ།
,,1948,2,《སྣར་》,གལ།
,,1949,3,《པེ་》《སྣར་》,བུའི།
,,1950,4,《པེ་》《སྣར་》,mཔ།
,,1951,5,《པེ་》《སྣར་》,གི།
,,1952,6,《པེ་》《སྣར་》,mའབྲས་བུ།
,,1953,7,《པེ་》《སྣར་》,mལ།
,,1954,8,《པེ་》《སྣར་》,pད།
,,1955,9,《པེ་》《སྣར་》,བསྐལ།
,,1956,10,《པེ་》《སྣར་》,ལ་ཁ་འཕོ།
,1244,1957,1,《པེ་》《སྣར་》,བཏུམས།
,,1958,2,《པེ་》《སྣར་》,སློངས།
,,1959,3,《སྣར་》,ཏེ།
,,1960,4,《པེ་》《སྣར་》,ངོ་།
,,1961,5,《པེ་》《སྣར་》,དགེ་བ་དང་མི་དགེ་བ་ལ་སོགས་པའི་ལས་དག་བྱེད་ཅིང་བདེ་བ་དང་ཡིད་བདེ་བ་དང་རྣམ་པར་ཤེས་པ་ལ་སོགས་པའི་རྣམ་པར་སྨིན་པའི་ཕྱིར།
,,1962,6,《པེ་》《སྣར་》,པར།
,,1963,7,《པེ་》《སྣར་》,བ།
,,1964,8,《པེ་》《སྣར་》,བ།
,,1965,9,《པེ་》《སྣར་》,པ།
,,1966,10,《པེ་》《སྣར་》,གྱི།
,,1967,11,《པེ་》《སྣར་》,mནས།
,1245,1968,1,《པེ་》《སྣར་》,གིས།
,,1969,2,《པེ་》《སྣར་》,འགྱུར།
,,1970,3,《པེ་》《སྣར་》,བསྔགས།
,,1971,4,《པེ་》《སྣར་》,mཏེ།
,,1972,5,《པེ་》《སྣར་》,mགི།
,,1973,6,《པེ་》《སྣར་》,དེ།
,,1974,7,《པེ་》《སྣར་》,ཀླན།
,,1975,8,《པེ་》《སྣར་》,ཚ།
,,1976,9,《པེ་》《སྣར་》,བསོད།
,,1977,10,《པེ་》《སྣར་》,mའཁོར་བ་ལ་མངོན་པར་དགའ་བ་དང།
,,1978,11,《པེ་》《སྣར་》,བར།
,1246,1979,1,《པེ་》《སྣར་》,པ།
,,1980,2,《པེ་》《སྣར་》,དེ།
,,1981,3,《པེ་》《སྣར་》,བར།
,,1982,4,《པེ་》《སྣར་》,མ།
,,1983,5,《པེ་》《སྣར་》,ཀྱི།
,,1984,6,《པེ་》《སྣར་》,ཀྱིས།
,,1985,7,《པེ་》《སྣར་》,བ།
,,1986,8,《པེ་》《སྣར་》,གཏད།
,,1987,9,《པེ་》《སྣར་》,སྤོངས་པར།
,,1988,10,《པེ་》《སྣར་》,དོགས།
,1247,1989,1,《པེ་》《སྣར་》,ལྟ།
,,1990,2,《པེ་》《སྣར་》,ཀྱི་སེམས་ཀྱིས།
,,1991,3,《པེ་》《སྣར་》,སྔོན།
,,1992,4,《པེ་》《སྣར་》,ཁྱེའུ།
,,1993,5,《པེ་》《སྣར་》,ལན་ཀྣན།
,,1994,6,《པེ་》《སྣར་》,ཁོ།
,1248,1995,1,《པེ་》《སྣར་》,དེ།
,,1996,2,《པེ་》《སྣར་》,ཁོ།
,,1997,3,《པེ་》《སྣར་》,ཀྱི།
,,1998,4,《པེ་》《སྣར་》,རིང།
,,1999,5,《པེ་》《སྣར་》,བརྒྱལ་བ།
,,2000,6,《པེ་》《སྣར་》,སྤོངས་པ།
,,2001,7,《པེ་》《སྣར་》,ནོ། །
,,2002,8,《སྣར་》,དེ།
,,2003,9,《པེ་》《སྣར་》,mདེ།
,,2004,10,《པེ་》《སྣར་》,པ་དང་བར་མ་བྱས་པར།
,1249,2005,1,《པེ་》《སྣར་》,ཕྱིར་ན།
,,2006,2,《པེ་》《སྣར་》,mའདོད་ཆགས་སྤོང་བ་མི་སྲིད་པ་མ་ཡིན་པས།
,,2007,3,《པེ་》《སྣར་》,ནི་མཐོང་ནས།
,,2008,4,《པེ་》,mཔར།
,,2009,5,《པེ་》《སྣར་》,mཉོན་མོངས་པའི་ཀུན་ནས།
,,2010,6,《པེ་》,ཆགས།
,,2011,7,《པེ་》《སྣར་》,བ།
,1250,2012,1,《པེ་》,mན།
,,2013,2,《པེ་》《སྣར་》,mམ།
,,2014,3,《པེ་》《སྣར་》,ལ།
,,2015,4,《པེ་》《སྣར་》,ཀྱི།
,,2016,5,《པེ་》《སྣར་》,ཞིག
,,2017,6,《པེ་》《སྣར་》,པའི།
,1251,2018,1,《པེ་》《སྣར་》,pགཞན།
,,2019,2,《པེ་》《སྣར་》,གྱིས།
,,2020,3,《པེ་》《སྣར་》,pགྲོལ་བ་མེད་པའི་ཕྱིར།
,,2021,4,《པེ་》《སྣར་》,mཡང།
,,2022,5,《པེ་》《སྣར་》,བ།
,,2023,6,《པེ་》《སྣར་》,གི།
,,2024,7,《པེ་》,དྲུལ།
,1252,2025,1,《པེ་》《སྣར་》,pགང།
,,2026,2,《སྣར་》,རྒྱུ་བ།
,,2027,3,《པེ་》《སྣར་》,ཀྱི་ལྷག
,,2028,4,《པེ་》《སྣར་》,རྒྱུད།
,,2029,5,《པེ་》,mསྟོང་པ།
,,2030,6,《པེ་》《སྣར་》,ཇི།
,,2031,7,《པེ་》《སྣར་》,pགཅིག
,,2032,8,《པེ་》《སྣར་》,mནམ།
,,2033,9,《པེ་》,pའགྱུར།,《སྣར་》
,,2034,10,《པེ་》《སྣར་》,བའི།
,,2035,11,《པེ་》《སྣར་》,བ།
,,2036,12,《པེ་》《ཅོ་》,བསྟོན་ཞིང།,《སྣར་》
,,2037,13,《པེ་》《སྣར་》,pནས།
,,2038,14,《པེ་》《སྣར་》,བ།
,,2039,15,《པེ་》《སྣར་》,ཞིང།
,1253,2040,1,《པེ་》《སྣར་》,ཀྱི།
,,2041,2,《པེ་》《སྣར་》,བཞག
,,2042,3,《པེ་》《སྣར་》,རིགས།
,1254,2043,1,《པེ་》《སྣར་》,mབ།
,,2044,2,《པེ་》《སྣར་》,mགང་ཡིན་པ།
,1255,2045,1,《པེ་》,སྔགས།
,,2046,2,《པེ་》《སྣར་》,ཆུ་བོ།
,,2047,3,《པེ་》《སྣར་》,mཡོད།
,,2048,4,《སྣར་》,པས།
,,2049,5,《པེ་》《སྣར་》,mཆེན་པོ།
,,2050,6,《པེ་》《སྣར་》,pབྱ་དགོས་པར།
,,2051,7,《པེ་》《སྣར་》,བྱུང།
,,2052,8,《པེ་》《སྣར་》,ལ།
,1256,2053,1,《པེ་》《སྣར་》,mདེ་ལས།
,,2054,2,《པེ་》《སྣར་》,ལ།
,,2055,3,《པེ་》《སྣར་》,mདུ།
,,2056,4,《སྣར་》,བ།
,,2057,5,《པེ་》《སྣར་》,བཏང།
,,2058,6,《པེ་》《སྣར་》,ཀྱིས།
,,2059,7,《པེ་》《སྣར་》,འཇིག
,1257,2060,1,《པེ་》《སྣར་》,pཡང།
,,2061,2,《པེ་》《སྣར་》,pའཇུག་པའི་ཕྱིར།
,,2062,3,《པེ་》《སྣར་》,རྒྱུའི།
,,2063,4,《པེ་》《སྣར་》,ལ།
,,2064,5,《སྣར་》,ཞེ།
,,2065,6,《པེ་》《སྣར་》,བས།
,,2066,7,《པེ་》《སྣར་》,ལ།
,,2067,8,《པེ་》《སྣར་》,པར་ཞི་བདེ།
,1258,2068,1,《པེ་》《སྣར་》,ཞིང།
,,2069,2,《པེ་》,ལྟ།,《སྣར་》
,,2070,3,《པེ་》《སྣར་》,སྒྲུབ་པར།
,,2071,4,《པེ་》,པ་ལ་གཅིག,《སྣར་》
,,2072,5,《པེ་》《སྣར་》,mཐོབ་པ།
,,2073,6,《པེ་》《སྣར་》,པས།
,1259,2074,1,《པེ་》《སྣར་》,mདེ།
,,2075,2,《པེ་》《སྣར་》,གྱུར།
,,2076,3,《པེ་》《སྣར་》,བ།
,,2077,4,《པེ་》《སྣར་》,བྱ།
,,2078,5,《པེ་》《སྣར་》,བསད།
,,2079,6,《པེ་》《སྣར་》,བསད།
,,2080,7,《པེ་》《སྣར་》,མེད།
,1260,2081,1,《པེ་》《སྣར་》,རིག
,,2082,2,《པེ་》《སྣར་》,འགྲོ།
,,2083,3,《པེ་》《སྣར་》,འཇུགས།
,,2084,4,《པེ་》《སྣར་》,mཔའི།
,,2085,5,《པེ་》《སྣར་》,གིས།
,,2086,6,《པེ་》《སྣར་》,པ།
,,2087,7,《པེ་》《སྣར་》,mདུ།
,,2088,8,《པེ་》《སྣར་》,mཡིན།
,,2089,9,《པེ་》《སྣར་》,ན།
,,2090,10,《པེ་》《སྣར་》《ཅོ་》,ཀྱི།
,1261,2091,1,《སྣར་》,mཔ།
,,2092,2,《པེ་》《སྣར་》,mལས།
,,2093,3,《པེ་》《སྣར་》,འཕངས།
,,2094,4,《པེ་》《སྣར་》,འཕངས།
,,2095,5,《པེ་》《སྣར་》,ན།
,,2096,6,《པེ་》《སྣར་》,mལ།
,,2097,7,《པེ་》《སྣར་》,པ།
,,2098,8,《པེ་》《སྣར་》,དང།
,,2099,9,《པེ་》《སྣར་》,ལ།
,,2100,10,《པེ་》《སྣར་》,mནི།
,,2101,11,《པེ་》《སྣར་》,mདང།
,1262,2102,1,《པེ་》《སྣར་》,བསྲབས།
,,2103,2,《པེ་》《སྣར་》,mལ།
,,2104,3,《པེ་》《སྣར་》,གི།
,,2105,4,《པེ་》《སྣར་》,mནི།
,,2106,5,《པེ་》《སྣར་》,mཔའི་ཕྱིར།
,,2107,6,《པེ་》《སྣར་》,སླ།
,1263,2108,1,《པེ་》《སྣར་》,གྱིས།
,,2109,2,《སྣར་》,mཇི།
,,2110,3,《པེ་》《སྣར་》,གིས།
,,2111,4,《སྣར་》,ད།
,,2112,5,《པེ་》《སྣར་》,mདེ།
,,2113,6,《པེ་》《སྣར་》,ཀྱི་ཆར་ཡང།
,,2114,7,《པེ་》《སྣར་》,ཅར་གྱི་ཡང་ངོ་།
,,2115,8,《པེ་》《སྣར་》,བ།
,,2116,9,《པེ་》《སྣར་》,དང་པོ་གཅིག་གིས།
,,2117,10,《པེ་》《སྣར་》,mཔ།
,,2118,11,《པེ་》《སྣར་》,དེ།
,1264,2119,1,《པེ་》《སྣར་》,pདེ་བཞིན་གྱིས་མ་སྐྱེས་པ་ཡང་ཡོངས་སུ་ཤེས་པར་འགྱུར་ཏེ།
,,2120,2,《པེ་》《སྣར་》,གི།
,,2121,3,《པེ་》《སྣར་》,དྲེག
,,2122,4,《པེ་》《སྣར་》,ཆུ།
,,2123,5,《སྣར་》,པར་འདོད་པས།
,1265,2124,1,《པེ་》《སྣར་》,mམཐོ་རིས།
,,2125,2,《པེ་》《སྣར་》,mཉིད།
,,2126,3,《པེ་》《སྣར་》,བ་ར་ཎཱ་སིར།
,,2127,4,《པེ་》《སྣར་》,དེར།
,,2128,5,《པེ་》《སྣར་》,འདས་པར།
,1266,2129,1,《པེ་》,སྔགས།
,,2130,2,《པེ་》《སྣར་》,ཀྱིས།
,,2131,3,《པེ་》《སྣར་》,ན།
,,2132,4,《པེ་》《སྣར་》,ཀྱི།
,1267,2133,1,《པེ་》《སྣར་》,སྦྱར་བ།
,,2134,2,《པེ་》《སྣར་》,འཐུངས་པ།
,,2135,3,《པེ་》《སྣར་》,རྩྭའི།
,,2136,4,《པེ་》《སྣར་》,རྩྭ།
,,2137,5,《པེ་》《སྣར་》,mསྨན།
,,2138,6,《པེ་》《སྣར་》,ཐོབ།
,,2139,7,《པེ་》《སྣར་》,pདེ།
,1268,2140,1,《པེ་》《སྣར་》,གྱི།
,,2141,2,《པེ་》《སྣར་》,དེ།
,,2142,3,《པེ་》《སྣར་》,ཡི་མ་གཏོགས།
,,2143,4,《པེ་》《སྣར་》,བཞག
,,2144,5,《སྣར་》,mན།
,,2145,6,《པེ་》《སྣར་》,pདམ།
,,2146,7,《པེ་》《སྣར་》,བརྟན།
,1269,2147,1,《པེ་》《སྣར་》,བཅད།
,,2148,2,《པེ་》《སྣར་》,འགྱུར།
,,2149,3,《པེ་》《སྣར་》,ཞིང།
,,2150,4,《པེ་》《སྣར་》,འགྱུར།
,,2151,5,《པེ་》《སྣར་》,mགྱི་རྒྱུ།
,,2152,6,《པེ་》《སྣར་》,pགདུང་བས།
,,2153,7,《སྣར་》,ན།
,,2154,8,《པེ་》《སྣར་》,ཀྱི།
,1270,2155,1,《པེ་》《སྣར་》,ཏོ། །
,,2156,2,《པེ་》《སྣར་》,mདུ།
,,2157,3,《པེ་》《སྣར་》,ནི།
,,2158,4,《པེ་》《སྣར་》,བསྔོགས།
,,2159,5,《པེ་》《སྣར་》,འདིས།
,,2160,6,《པེ་》《སྣར་》,འདབས་གཅིག
,,2161,7,《པེ་》《སྣར་》,pསྩོལ་ཅིག
,,2162,8,《པེ་》《སྣར་》,mགི།
,1271,2163,1,《པེ་》《སྣར་》,དེའི།
,,2164,2,《པེ་》《སྣར་》,mདེ།
,,2165,3,《སྣར་》,འགྱུར།
,,2166,4,《པེ་》《སྣར་》,ཅིག
,1272,2167,1,《པེ་》,mདོན།
,,2168,2,《པེ་》《སྣར་》《ཅོ་》,པར།
,,2169,3,《པེ་》,མྱངས།
,,2170,4,《པེ་》《སྣར་》,སྦྱོར།
,,2171,5,《པེ་》《སྣར་》,mམཐོང་བར།
,,2172,6,《པེ་》,འབྱུང་བར།,《སྣར་》
,1273,2173,1,《པེ་》《སྣར་》,mལ།
,,2174,2,《པེ་》《སྣར་》《ཅོ་》,mནི།
,,2175,3,《པེ་》《སྣར་》,ལྟར།
,,2176,4,《པེ་》《སྣར་》,དཀའ།
,,2177,5,《པེ་》《སྣར་》,སྐུད།
,,2178,6,《པེ་》《སྣར་》,པོ།
,,2179,7,《པེ་》,ལྡགས།
,,2180,8,《པེ་》《སྣར་》,བསྐལ་པ།
,,2181,9,《པེ་》《སྣར་》,ཟད།
,,2182,10,《པེ་》《སྣར་》,pཉིད།
,1274,2183,1,《པེ་》《སྣར་》,mཡང།
,,2184,2,《པེ་》《སྣར་》,བ།
,,2185,3,《པེ་》《སྣར་》,ལས།
,,2186,4,《པེ་》《སྣར་》,ཀྱི།
,1275,2187,1,《སྣར་》,mདེ།
,,2188,2,《པེ་》《སྣར་》,པ་ལས་ཀྱིས།
,,2189,3,《པེ་》《སྣར་》《ཅོ་》,བ་མུར་ཐུགས།
,,2190,4,《པེ་》《སྣར་》,བསིལ།
,,2191,5,《པེ་》《སྣར་》,mའགྱུར་ལ་མེད་ན་མི།
,,2192,6,《པེ་》,གཏོན།
,,2193,7,《པེ་》《སྣར་》,mམངོན་པར།
,,2194,8,《པེ་》《སྣར་》,mམ།
,,2195,9,《པེ་》《སྣར་》,ནི།
,1276,2196,1,《པེ་》《སྣར་》,འདོད།
,,2197,2,《པེ་》《སྣར་》,ན།
,,2198,3,《པེ་》《སྣར་》,ཀྱི།
,,2199,4,《པེ་》《སྣར་》,སྦྱོང།
,,2200,5,《པེ་》《སྣར་》,འབྱེད།
,1277,2201,1,《པེ་》《སྣར་》,མ།
,,2202,2,《པེ་》《སྣར་》,ཅིང།
,,2203,3,《པེ་》《སྣར་》,རྟག
,,2204,4,《པེ་》《སྣར་》,mདང།
,,2205,5,《པེ་》《སྣར་》,པོ།
,,2206,6,《པེ་》《སྣར་》,pདེ་ལྟར་ན་འདུས་བྱས་ཐམས་ཅད་དག་ཉིད་ཇི་ལྟ་བ་བཞིན་དུ་འབྲས་བུའི་དོན་དུ་སྐྱེ་བ་དེའི་ཕྱིར་དེ་རྟག་པ་མ་ཡིན་ནོ། །
,1278,2207,1,《པེ་》《སྣར་》,བ་རྟོགས།
,,2208,2,《པེ་》《སྣར་》,བསྟན།
,,2209,3,《སྣར་》,mཔ།
,,2210,4,《སྣར་》,mཔ།
,,2211,5,《པེ་》《སྣར་》,རིག
,,2212,6,《པེ་》,གསུངས།
,,2213,7,《པེ་》《སྣར་》,བར།
,1279,2214,1,《པེ་》《སྣར་》,སྐྱེས་པ།
,,2215,2,《པེ་》《སྣར་》,གཏོགས།
,,2216,3,《པེ་》《སྣར་》,mཔ།
,,2217,4,《པེ་》《སྣར་》,pཏེ།
,,2218,5,《པེ་》《སྣར་》,pདེ།
,,2219,6,《པེ་》《སྣར་》,གྱི།
,,2220,7,《པེ་》《སྣར་》,བར།
,,2221,8,《པེ་》《སྣར་》,mཔ།
,,2222,9,《པེ་》《སྣར་》,mགྱིས།
,,2223,10,《པེ་》《སྣར་》,གཏོགས།
,,2224,11,《པེ་》《སྣར་》,པོས།
,,2225,12,《པེ་》《སྣར་》,pགཞན།
,1280,2226,1,《པེ་》《སྣར་》,mལ།
,,2227,2,《པེ་》《སྣར་》,སྒྲུབ།
,,2228,3,《པེ་》《སྣར་》,པར།
,,2229,4,《པེ་》《སྣར་》,mཡང།
,,2230,5,《པེ་》《སྣར་》,གྱུར་པའི།
,,2231,6,《པེ་》《སྣར་》,རིག
,,2232,7,《པེ་》《སྣར་》,རིག
,,2233,8,《པེ་》《སྣར་》,རིག
,,2234,9,《པེ་》《སྣར་》,mཔ།
,,2235,10,《པེ་》《སྣར་》,རྒྱུ་རུ།
,,2236,11,《པེ་》《སྣར་》,ཞེས།
,,2237,12,《པེ་》《སྣར་》,mདེ།
,,2238,13,《པེ་》《སྣར་》,mནི།
,1281,2239,1,《པེ་》《སྣར་》,mནི།
,,2240,2,《པེ་》《སྣར་》,mལྟར།
,,2241,3,《པེ་》《སྣར་》,pརོ།
,,2242,4,《པེ་》《སྣར་》,ལ།
,,2243,5,《པེ་》《སྣར་》,ལ།
,,2244,6,《པེ་》《སྣར་》,mམ་ཡིན་པ་ལ་དངོས་པོ་ཡོད་པ།
,,2245,7,《པེ་》《སྣར་》,བ།
,,2246,8,《པེ་》《སྣར་》,པ།
,,2247,9,《པེ་》《སྣར་》,mགྱི།
,,2248,10,《པེ་》《སྣར་》,འབེབས།
,1282,2249,1,《པེ་》《སྣར་》,པོ།
,,2250,2,《པེ་》《སྣར་》,མ།
,1283,2251,1,《པེ་》《སྣར་》,mདེ།
,,2252,2,《པེ་》《སྣར་》,mཏེ།
,,2253,3,《པེ་》《སྣར་》,པ།
,,2254,4,《པེ་》《སྣར་》,ནི།
,,2255,5,《པེ་》《སྣར་》,བྱུང།
,,2256,6,《པེ་》《སྣར་》,གསལ།
,,2257,7,《པེ་》《སྣར་》,རིག
,,2258,8,《པེ་》《སྣར་》,ལྟར།
,1284,2259,1,《པེ་》《སྣར་》,mཔོ།
,,2260,2,《པེ་》《སྣར་》,དུ།
,,2261,3,《པེ་》《སྣར་》,ལྟར།
,,2262,4,《པེ་》《སྣར་》,མཐའ།
,,2263,5,《པེ་》《སྣར་》,བརྟེན།
,,2264,6,《པེ་》《སྣར་》,པ།
,,2265,7,《པེ་》《སྣར་》,mདེ།
,1285,2266,1,《པེ་》《སྣར་》,རིག་པ།
,,2267,2,《པེ་》《སྣར་》,འདོན།
,,2268,3,《པེ་》《སྣར་》,ལས།
,,2269,4,《སྣར་》,རྣམ་པ།
,,2270,5,《པེ་》《སྣར་》,mན།
,1286,2271,1,《པེ་》《སྣར་》,སྒྲུབ།
,,2272,2,《པེ་》《སྣར་》,པ།
,,2273,3,《པེ་》《སྣར་》,གིས།
,,2274,4,《པེ་》《སྣར་》,ནི།
,,2275,5,《པེ་》《སྣར་》,pཐམས་ཅད།
,,2276,6,《པེ་》《སྣར་》,mཕྱིར།
,1287,2277,1,《པེ་》《སྣར་》,ཉམས་པར།
,,2278,2,《པེ་》《སྣར་》,pནི།
,,2279,3,《པེ་》《སྣར་》,mཡང།
,,2280,4,《པེ་》《སྣར་》,mམ།
,,2281,5,《སྣར་》,སྦྱར།
,,2282,6,《པེ་》,བླངས་པར།
,,2283,7,《པེ་》《སྣར་》,mམི།
,,2284,8,《པེ་》,པ།
,,2285,9,《པེ་》《སྣར་》,སྲུང།
,1288,2286,1,《པེ་》《སྣར་》,mདེ་བཞིན་དུ།
,,2287,2,《པེ་》《སྣར་》,mབྱ་བ།
,,2288,3,《པེ་》《སྣར་》,བསྡུད།
,,2289,4,《པེ་》《སྣར་》,mཔ།
,,2290,5,《པེ་》《སྣར་》,mདང།
,,2291,6,《པེ་》《སྣར་》,ལྟར།
,,2292,7,《པེ་》《སྣར་》,རེ།
,,2293,8,《པེ་》《སྣར་》,mབ།
,1289,2294,1,《པེ་》《སྣར་》,བར།
,,2295,2,《པེ་》《སྣར་》,བརྟག
,,2296,3,《པེ་》《སྣར་》,ལ།
,,2297,4,《པེ་》《སྣར་》,དོ། །
,,2298,5,《པེ་》《སྣར་》,ན།
,,2299,6,《པེ་》《སྣར་》,ཤེས།
,1290,2300,1,《པེ་》《སྣར་》,བུ།
,,2301,2,《པེ་》《སྣར་》,pའབྲས་བུའི།
,,2302,3,《པེ་》《སྣར་》,mལ།
,,2303,4,《པེ་》《སྣར་》,པས།
,,2304,5,《པེ་》《སྣར་》,pནམ།
,,2305,6,《པེ་》《སྣར་》,ཏུ།
,,2306,7,《པེ་》《སྣར་》,ཏུ།
,,2307,8,《པེ་》《སྣར་》,mཟད།
,,2308,9,《པེ་》,རྟོག
,,2309,10,《པེ་》《སྣར་》,གྱུར་ན།
,1291,2310,1,《པེ་》《སྣར་》,གི།
,,2311,2,《པེ་》《སྣར་》,གིས།
,,2312,3,《པེ་》《སྣར་》,བྱུང།
,,2313,4,《པེ་》《སྣར་》,mཔ།
,,2314,5,《པེ་》《སྣར་》,mདུ།
,,2315,6,《པེ་》《སྣར་》,mལ།
,1292,2316,1,《པེ་》《སྣར་》,mཕྱིར་རོ། །འདི་ནི་འགྲོ་བ་སྣ་ཚོགས་མི་རྟག་པ་ཉིད་ཀྱི།
,,2317,2,《པེ་》《སྣར་》,བའམ།
,,2318,3,《པེ་》《སྣར་》,ཀྱི།
,,2319,4,《པེ་》《སྣར་》,དེ།
,,2320,5,《པེ་》《སྣར་》,བྱུང།
,,2321,6,《པེ་》《སྣར་》,ཇི་ལྟར།
,1293,2322,1,《པེ་》《སྣར་》,དུརྦ།
,,2323,2,《པེ་》《སྣར་》,mསྐྱེ་བ།
,,2324,3,《པེ་》《སྣར་》,དེ།
,,2325,4,《པེ་》《སྣར་》,mམེད་པའི་ཕྱིར་ཏེ།
,,2326,5,《པེ་》《སྣར་》,གྱིས།
,,2327,6,《པེ་》《སྣར་》,pཔ།
,,2328,7,《པེ་》《སྣར་》,དེས་ན།
,,2329,8,《པེ་》《སྣར་》,པ།
,1294,2330,1,《པེ་》《སྣར་》,ཀྱི།
,,2331,2,《པེ་》《སྣར་》,pཀྱི།
,,2332,3,《པེ་》《སྣར་》,ཀྱི།
,,2333,4,《པེ་》《སྣར་》,pརྡུལ་ཕྲ་རབ།
,,2334,5,《པེ་》《སྣར་》,གིས།
,,2335,6,《པེ་》《སྣར་》,pཕྱོགས།
,,2336,7,《པེ་》《སྣར་》,ཀྱི།
,,2337,8,《པེ་》《སྣར་》,བུ།
,,2338,9,《པེ་》《སྣར་》,mཀྱི།
,1295,2339,1,《པེ་》《སྣར་》,mརྡུལ་ཕྲ་རབ།
,,2340,2,《པེ་》《སྣར་》,གིས།
,,2341,3,《པེ་》《སྣར་》,mརྡུལ་ཕྲ་རབ།
,,2342,4,《པེ་》《སྣར་》,mཕྱིར།
,,2343,5,《པེ་》《སྣར་》,mནི།
,,2344,6,《པེ་》《སྣར་》,དེ།
,,2345,7,《པེ་》《སྣར་》,བརྙད།
,,2346,8,《པེ་》《སྣར་》,ཕྱོགས་ཀྱི།,《ཅོ་》
,,2347,9,《པེ་》《སྣར་》,ཀྱི།
,1296,2348,1,《པེ་》《སྣར་》,pཔོ།
,,2349,2,《པེ་》《སྣར་》,རྟོག
,,2350,3,《པེ་》《སྣར་》,mགང།
,,2351,4,《པེ་》《སྣར་》,mཡང།
,,2352,5,《པེ་》《སྣར་》,mཕྱིར།
,,2353,6,《སྣར་》,པར།
,,2354,7,《པེ་》《སྣར་》,བཟུང།
,,2355,8,《པེ་》《སྣར་》,པའི།
,,2356,9,《པེ་》《སྣར་》,mཔ།
,1297,2357,1,《པེ་》《སྣར་》,mསླར་རགས་པ་རྣམས།
,,2358,2,《པེ་》《སྣར་》,འགྱུར་བ།
,,2359,3,《པེ་》《སྣར་》,pཕྱིར།
,,2360,4,《པེ་》,ལ།,《སྣར་》
,,2361,5,《པེ་》《སྣར་》,རྒྱུའི།
,1298,2362,1,《པེ་》《སྣར་》,pདེ།
,,2363,2,《པེ་》《སྣར་》,pདག
,,2364,3,《སྣར་》,mསོ།
,,2365,4,《པེ་》《སྣར་》,mན།
,,2366,5,《པེ་》《སྣར་》,pཀྱི།
,1299,2367,1,《པེ་》《སྣར་》,བཞག
,,2368,2,《པེ་》《སྣར་》,mནི།
,,2369,3,《པེ་》《སྣར་》,pཡང།
,,2370,4,《པེ་》《སྣར་》,བླངས་པར།
,,2371,5,《པེ་》《སྣར་》,རིག
,,2372,6,《པེ་》《སྣར་》,རྟོག
,1300,2373,1,《པེ་》《སྣར་》,mཞེའོ།
,,2374,2,《པེ་》《སྣར་》,ལོག
,,2375,3,《པེ་》《སྣར་》,ཏེ།
,1301,2376,1,《པེ་》《སྣར་》,དཔགས།
,,2377,2,《པེ་》《སྣར་》,ཡང།
,,2378,3,《པེ་》《སྣར་》,pཔ།
,,2379,4,《པེ་》《སྣར་》,འདྲེན།
,,2380,5,《པེ་》《སྣར་》,སྒྲ།
,1302,2381,1,《པེ་》《སྣར་》,སྐྱེ།
,,2382,2,《པེ་》,དེ།
,,2383,3,《པེ་》《སྣར་》,mདོ།
,,2384,4,《པེ་》《སྣར་》,གི་ཡང།
,,2385,5,《པེ་》《སྣར་》,དེ།
,,2386,6,《པེ་》《སྣར་》,མ།
,,2387,7,《པེ་》《སྣར་》,ཡིན།
,1303,2388,1,《པེ་》《སྣར་》,mདེ།
,,2389,2,《པེ་》《སྣར་》,བའི།
,,2390,3,《པེ་》《སྣར་》,ལ།
,,2391,4,《པེ་》《སྣར་》,མ་རྟེན།
,,2392,5,《པེ་》,དེར་མྱ་ངན།,《སྣར་》
,,2393,6,《པེ་》《སྣར་》,mཕྱིར་དེར།
,,2394,7,《པེ་》《སྣར་》,mཏུ།
,,2395,8,《པེ་》《སྣར་》,རིག
,,2396,9,《པེ་》,ལོགས།
,,2397,10,《པེ་》《སྣར་》,mམ།
,1304,2398,1,《པེ་》《སྣར་》,བོ།
,,2399,2,《པེ་》《སྣར་》,mནི།
,,2400,3,《པེ་》《སྣར་》,mལ།
,,2401,4,《སྣར་》,mཡང།
,,2402,5,《པེ་》《སྣར་》,མེད་པ་ཡི།
,,2403,6,《པེ་》《སྣར་》,ཀྱིས།
,1305,2404,1,《པེ་》《སྣར་》,དེ་ནི།
,,2405,2,《པེ་》《སྣར་》,mདུ།
,,2406,3,《པེ་》《སྣར་》,ཉིད་ཀྱི།
,,2407,4,《པེ་》《སྣར་》,mདངོས།
,,2408,5,《པེ་》《སྣར་》,པའང།
,,2409,6,《པེ་》《སྣར་》,དེ།
,1306,2410,1,《པེ་》《སྣར་》,mདུ།
,,2411,2,《པེ་》《སྣར་》,mསླར།
,,2412,3,《པེ་》《སྣར་》,བ།
,,2413,4,《སྣར་》,སོ།
,,2414,5,《པེ་》《སྣར་》,རྣམས།
,1307,2415,1,《པེ་》《སྣར་》,pབ།
,,2416,2,《པེ་》《སྣར་》,བཅད།
,,2417,3,《པེ་》,བརྟགས།
,,2418,4,《པེ་》《སྣར་》,mནི།
,,2419,5,《པེ་》,དག་པར་ཡོད།,《སྣར་》
,,2420,6,《པེ་》《སྣར་》,ཀྱི།
,1308,2421,1,《པེ་》《སྣར་》,ཏེ།
,,2422,2,《པེ་》,pབ།
,,2423,3,《པེ་》《སྣར་》,གྱི།
,1309,2424,1,《པེ་》《སྣར་》,བསམས།
,,2425,2,《པེ་》《སྣར་》,འབའ།
,,2426,3,《པེ་》《སྣར་》,པ།
,,2427,4,《པེ་》《སྣར་》,pནི།
,,2428,5,《པེ་》《སྣར་》,mལ།
,,2429,6,《པེ་》《སྣར་》,བཏགས་པ་ལས།
,,2430,7,《པེ་》《སྣར་》,བཞིན།
,,2431,8,《པེ་》《སྣར་》,མིན་རྟོག
,,2432,9,《པེ་》《སྣར་》,ལྟར།
,,2433,10,《པེ་》《སྣར་》,mདག་ནི།
,1310,2434,1,《པེ་》《སྣར་》,པར།
,,2435,2,《པེ་》《སྣར་》,དེའི།
,,2436,3,《པེ་》《སྣར་》,ཀྱི།
,,2437,4,《སྣར་》,mམ།
,,2438,5,《པེ་》《སྣར་》,བོ།
,,2439,6,《པེ་》《སྣར་》,mདུ།
,1311,2440,1,《པེ་》《སྣར་》,བྱུང།
,,2441,2,《པེ་》《སྣར་》,pཔའི།
,,2442,3,《པེ་》《སྣར་》,pའདི།
,,2443,4,《སྣར་》,པའི།
,1312,2444,1,《པེ་》《སྣར་》,mནི།
,,2445,2,《པེ་》《སྣར་》,རྟོག
,,2446,3,《པེ་》《སྣར་》,གྱི།
,,2447,4,《པེ་》《སྣར་》,mདབྱེ་བ།
,,2448,5,《པེ་》《སྣར་》,འཐོབ།
,1313,2449,1,《པེ་》《སྣར་》,བཏགས།
,,2450,2,《པེ་》《སྣར་》,pཏེ།
,,2451,3,《པེ་》《སྣར་》,བར།
,,2452,4,《པེ་》《སྣར་》,ཅིག
,,2453,5,《པེ་》《སྣར་》,pགང།
,,2454,6,《པེ་》《སྣར་》,པ།
,,2455,7,《པེ་》《སྣར་》,རྐྱོང།
,,2456,8,《པེ་》《སྣར་》,པོར།
,,2457,9,《པེ་》《སྣར་》,བླངས་པར།
,,2458,10,《པེ་》《སྣར་》,mལ།
,,2459,11,《པེ་》《སྣར་》,དབྱེ།
,,2460,13,《པེ་》《སྣར་》,mདེ།
,,2461,14,《པེ་》《སྣར་》,mརོ།
,1314,2462,1,《པེ་》《སྣར་》,ལས།
,,2463,2,《པེ་》《སྣར་》,mདང།
,,2464,3,《པེ་》《སྣར་》,ནོ།
,,2465,4,《པེ་》,mཆོས་ཡོད་པའི།,《སྣར་》
,,2466,5,《པེ་》《སྣར་》,mམ།
,1315,2467,1,《པེ་》《སྣར་》,འདི།
,,2468,2,《པེ་》,སྟེན།,《སྣར་》
,,2469,3,《སྣར་》,pསོ།
,,2470,4,《པེ་》《སྣར་》,རྩོམ།
,,2471,5,《པེ་》《སྣར་》,pམི།
,,2472,6,《པེ་》《སྣར་》,ཡང།
,,2473,7,《པེ་》《སྣར་》,mདེ།
,1316,2474,1,《པེ་》《སྣར་》,སྙམ་དུ།
,,2475,2,《པེ་》《སྣར་》,pཆ།
,,2476,3,《པེ་》《སྣར་》,mམི།
,,2477,4,《པེ་》《སྣར་》,གྱིས།
,,2478,5,《སྣར་》,པར།
,,2479,6,《པེ་》《སྣར་》,རྟག
,,2480,7,《པེ་》《སྣར་》,གི།
,,2481,8,《པེ་》《སྣར་》,mཡང།
,,2482,9,《པེ་》《སྣར་》,གིས།
,,2483,10,《པེ་》《སྣར་》,འགྱུར་བ།
,,2484,11,《པེ་》《སྣར་》,རྩ་ཐོག་ཆེ།
,,2485,12,《པེ་》《སྣར་》,ནས།
,,2486,13,《པེ་》《སྣར་》,ཕུག
,1317,2487,1,《པེ་》,བླངས་པར།
,,2488,2,《པེ་》《སྣར་》,mཔ།
,,2489,3,《པེ་》《སྣར་》,བདག་ཀྱང།
,,2490,4,《སྣར་》,ནོ།
,,2491,5,《པེ་》《སྣར་》,འོ་ན་དེ།
,1318,2492,1,《པེ་》《སྣར་》,པ་སེམས་པ།
,,2493,2,《པེ་》《སྣར་》,དཔའ།
,,2494,3,《པེ་》《སྣར་》,mབགྲང་བར།
,,2495,4,《པེ་》《སྣར་》,ཟ།
,,2496,5,《པེ་》《སྣར་》,pཔུ།
,1319,2497,1,《པེ་》《སྣར་》,རྟོག
,,2498,2,《པེ་》《སྣར་》,ལ་སོགས།
,,2499,3,《པེ་》《སྣར་》,པ།
,,2500,4,《པེ་》《སྣར་》,སོགས།
,1320,2501,1,《པེ་》《སྣར་》,འདིའི།
,,2502,2,《པེ་》《སྣར་》,ཡོད།
,,2503,3,《པེ་》《སྣར་》,བྱ་བར་མི་རིགས་སོ།
,1321,2504,1,《པེ་》《སྣར་》,བདག
,,2505,2,《པེ་》《སྣར་》,བ།
,,2506,3,《པེ་》《སྣར་》,དམིགས།
,,2507,4,《པེ་》《སྣར་》,འཆུག
,1322,2508,1,《པེ་》《སྣར་》,pབ།
,,2509,2,《པེ་》《སྣར་》,mདེའི་ཕྱིར།
,,2510,3,《པེ་》《སྣར་》,pའབྱུང་བ་དང་མངོན་པར།
,,2511,4,《པེ་》《སྣར་》,pན།
,,2512,5,《པེ་》《སྣར་》,བོར།
,,2513,6,《པེ་》《སྣར་》,mནི།
,,2514,7,《པེ་》《སྣར་》,པའི།
,1323,2515,1,《སྣར་》,pགང།
,,2516,2,《པེ་》《སྣར་》,ཀྱི།
,,2517,3,《པེ་》《སྣར་》,pལ།
,,2518,4,《པེ་》《སྣར་》,པ།
,,2519,5,《སྣར་》,pཔ།
,,2520,6,《པེ་》《སྣར་》,དང།
,,2521,7,《པེ་》《སྣར་》,mརྟག་པར།
,,2522,8,《པེ་》《སྣར་》,དེར་རང།
,,2523,9,《པེ་》《སྣར་》,mན།
,,2524,10,《སྣར་》,རིག
,,2525,11,《པེ་》《སྣར་》,ན།
,1324,2526,1,《པེ་》《སྣར་》,གི།
,,2527,2,《པེ་》《སྣར་》,mཡིན།
,,2528,3,《སྣར་》,ཅེ་པར།
,,2529,4,《པེ་》《སྣར་》,པར་རིག
,1325,2530,1,《པེ་》《སྣར་》,འདོམས།
,,2531,2,《པེ་》《སྣར་》,pལྔ་དག
,,2532,3,《པེ་》《སྣར་》,གང།
,,2533,4,《པེ་》《སྣར་》,mལ།
,,2534,5,《པེ་》《སྣར་》,ལས།
,,2535,6,《སྣར་》,pརྣམ་པར་གནས་པ་དེ་ལྟར།
,,2536,7,《པེ་》《སྣར་》,ཏུའང།
,1326,2537,1,《པེ་》《སྣར་》,བ།
,,2538,2,《པེ་》《སྣར་》,pན།
,,2539,3,《པེ་》《སྣར་》,pགི།
,,2540,4,《པེ་》《སྣར་》,རག
,,2541,5,《པེ་》《སྣར་》,pལས།
,1327,2542,1,《པེ་》《སྣར་》,ལྷས།
,,2543,2,《པེ་》《སྣར་》,ལྷས།
,,2544,3,《པེ་》《སྣར་》,པ།
,,2545,4,《པེ་》,ལྷས་སྦྱིན་འདུག་གོ།།,《སྣར་》
,,2546,5,《པེ་》《སྣར་》,ལྷས།
,,2547,6,《པེ་》《སྣར་》,པས།
,,2548,7,《པེ་》《སྣར་》,སྦྱང།
,1328,2549,1,《པེ་》《སྣར་》,བཞག
,,2550,2,《པེ་》《སྣར་》,རྟོག
,,2551,3,《པེ་》《སྣར་》,mཡོད་པ་ཉིད།
,,2552,4,《པེ་》,རྣམས།
,,2553,5,《པེ་》《སྣར་》,པོ།
,,2554,6,《པེ་》《སྣར་》,པ་པོའི།
,,2555,7,《པེ་》《སྣར་》,pནི།
,,2556,8,《པེ་》《སྣར་》,བརྟེན།
,,2557,9,《པེ་》《སྣར་》,pན་དེ།
,,2558,10,《པེ་》《སྣར་》,མེད།
,1329,2559,1,《པེ་》,ཨི་མི་དགའ།,《སྣར་》
,,2560,2,《པེ་》,འགའ།
,,2561,3,《པེ་》《སྣར་》,དེ་ནི།
,,2562,4,《པེ་》《སྣར་》,གྱི།
,,2563,5,《པེ་》《སྣར་》,pཔ།
,1330,2564,1,《པེ་》《སྣར་》,mམ།
,,2565,2,《པེ་》《སྣར་》,pདངོས་པོ།
,,2566,3,《པེ་》《སྣར་》,pབ།
,,2567,4,《པེ་》《སྣར་》,mལ།
,,2568,5,《པེ་》《སྣར་》,mདུ།
,,2569,6,《པེ་》《སྣར་》,པ།
,,2570,7,《པེ་》《སྣར་》,mརང།
,1331,2571,1,《པེ་》,རིགས།
,,2572,2,《པེ་》《སྣར་》,དེར།
,,2573,3,《པེ་》《སྣར་》,mཔ།
,,2574,4,《པེ་》《སྣར་》,pདུ།
,,2575,5,《པེ་》《སྣར་》,ཡོད་ཉིད།
,,2576,6,《པེ་》《སྣར་》,བཞག
,,2577,7,《པེ་》《སྣར་》,བཞག
,1332,2578,1,《པེ་》《སྣར་》,ཐར།
,,2579,2,《པེ་》《སྣར་》,གི།
,,2580,3,《པེ་》《སྣར་》,ཏེ།
,,2581,4,《པེ་》《སྣར་》,གྱི།
,,2582,5,《པེ་》《སྣར་》,ལྕུགས།
,,2583,6,《པེ་》《སྣར་》,དུང།
,,2584,7,《པེ་》《སྣར་》,དམིགས།
,,2585,8,《པེ་》《སྣར་》,རྒྱུན།
,,2586,9,《པེ་》《སྣར་》,འཇིག
,,2587,10,《པེ་》《སྣར་》,ཇི་ལྟར་རྩ།
,,2588,11,《པེ་》《སྣར་》,དུང།
,1333,2589,1,《པེ་》《སྣར་》,གིས།
,,2590,2,《སྣར་》,སྒྲིབ།
,,2591,3,《པེ་》《སྣར་》,འཇུག་པ་རྩ།
,,2592,4,《པེ་》《སྣར་》,པོ།
,,2593,5,《པེ་》《སྣར་》,འབྱུང།
,,2594,6,《པེ་》,ཏོ།,《སྣར་》
,,2595,7,《པེ་》《སྣར་》,གྱུར་པའི།
,1334,2596,1,《པེ་》《སྣར་》,pན།
,,2597,2,《པེ་》《སྣར་》,mལ།
,,2598,3,《པེ་》《སྣར་》,pདུ།
,,2599,4,《པེ་》《སྣར་》,ཕྱི།
,,2600,5,《པེ་》《སྣར་》,བྱ།
,,2601,6,《པེ་》《སྣར་》,བརྟག
,,2602,7,《པེ་》《སྣར་》,བ།
,,2603,8,《པེ་》《སྣར་》,ལྟར།
,1335,2604,1,《པེ་》《སྣར་》,mཔ།
,,2605,2,《པེ་》《སྣར་》,pདང།
,,2606,3,《པེ་》《སྣར་》,mམེད་པ།
,,2607,4,《པེ་》,བརྟག་པར་རིག,《སྣར་》
,,2608,5,《པེ་》《སྣར་》,pབདག
,,2609,6,《པེ་》《སྣར་》,བ་ལས།
,1336,2610,1,《པེ་》《སྣར་》,mརྒྱུ།
,,2611,2,《པེ་》《སྣར་》,སྐྱེད།
,,2612,3,《པེ་》《སྣར་》,པ།
,,2613,4,《པེ་》《སྣར་》,mཞེས་བྱ་བ།
,,2614,5,《པེ་》《སྣར་》,pལྟ།
,,2615,6,《པེ་》,འབྱུང་བར།,《སྣར་》
,,2616,7,《པེ་》《སྣར་》,ལོག
,,2617,8,《པེ་》《སྣར་》,mདེ།
,,2618,9,《པེ་》《སྣར་》,mལྟར།
,1337,2619,1,《པེ་》《སྣར་》,།།  །།
,,2620,2,《པེ་》《སྣར་》,ཀྱི།
,,2621,3,《པེ་》《སྣར་》,mབ།
,,2622,4,《པེ་》《སྣར་》,བ།
,,2623,5,《པེ་》《སྣར་》,དཔག
,,2624,6,《པེ་》《སྣར་》,mསྨྲས་པ་དེ་ནི་ལེགས་པར།
,,2625,7,《པེ་》《སྣར་》,mའབྱུང་བ།
,,2626,8,《པེ་》《སྣར་》,ཡོད་དོ།
,,2627,9,《པེ་》《སྣར་》,pདང།
,,2628,10,《པེ་》《སྣར་》,pདང།
,,2629,11,《པེ་》《སྣར་》,པ།
,,2630,12,《པེ་》《སྣར་》,གིས།
,1338,2631,1,《པེ་》《སྣར་》,བཞག
,,2632,2,《པེ་》《སྣར་》,བཞག
,,2633,3,《པེ་》《སྣར་》,གི།
,,2634,4,《པེ་》《སྣར་》,བཞག
,,2635,5,《པེ་》《སྣར་》,ལ།
,1339,2636,1,《པེ་》《སྣར་》,བརྒལ།
,,2637,2,《པེ་》《སྣར་》,བཞག
,,2638,3,《པེ་》《སྣར་》,mལ།
,,2639,4,《པེ་》《སྣར་》,mབ།
,,2640,5,《པེ་》《སྣར་》,pམ་འོངས་པར།
,,2641,6,《པེ་》《སྣར་》,པ།
,1340,2642,1,《པེ་》《སྣར་》,mདེ།
,,2643,2,《པེ་》《སྣར་》,mཡང།
,,2644,3,《པེ་》《སྣར་》,mལ་འདས་པའི་བུམ་པ།
,,2645,4,《སྣར་》,pགཉི།
,,2646,5,《པེ་》《སྣར་》,mའདི།
,,2647,6,《པེ་》《སྣར་》,ཤེས།
,1341,2648,1,《པེ་》《སྣར་》,མེད།
,,2649,2,《པེ་》《སྣར་》,གི།
,,2650,3,《པེ་》《སྣར་》,pདང།
,1342,2651,1,《པེ་》《སྣར་》,mཔས་འདས།
,,2652,2,《པེ་》《སྣར་》,ལ།
,,2653,3,《པེ་》《སྣར་》,གྱུར།
,,2654,4,《པེ་》《སྣར་》,བརྒལ།
,,2655,5,《པེ་》《སྣར་》,mནི།
,,2656,6,《པེ་》《སྣར་》,ལྟར།
,,2657,7,《པེ་》,pམི།
,1343,2658,1,《པེ་》《སྣར་》,རྗེ།
,,2659,2,《པེ་》《སྣར་》,mན་འདས།
,,2660,3,《པེ་》《སྣར་》,པར།
,,2661,4,《པེ་》《སྣར་》,བ།
,,2662,5,《པེ་》《སྣར་》,རྟོག
,,2663,6,《པེ་》《སྣར་》,mདང།
,,2664,7,《པེ་》《སྣར་》,mཔ།
,1344,2665,1,《པེ་》《སྣར་》,རྟོགས།
,,2666,2,《པེ་》《སྣར་》,མི།
,,2667,3,《པེ་》《སྣར་》,ནི།
,1345,2668,1,《པེ་》,བར་མི་རིགས།,《སྣར་》
,,2669,2,《པེ་》《སྣར་》,རྟགས།
,,2670,3,《པེ་》,ཕྱ།,《སྣར་》
,,2671,4,《པེ་》《སྣར་》,སྐྱེ་བའི།
,,2672,5,《པེ་》《སྣར་》,ཕྱིར།
,,2673,6,《པེ་》,ཕྱ།,《སྣར་》
,,2674,7,《པེ་》《སྣར་》,ཀྱི།
,,2675,8,《པེ་》《སྣར་》,pདང།
,,2676,9,《པེ་》《སྣར་》,བཟུང།
,,2677,10,《པེ་》,ཕྱྭ།,《སྣར་》
,1346,2678,1,《པེ་》《སྣར་》,པ།
,,2679,2,《པེ་》《སྣར་》,ནས།
,,2680,3,《པེ་》,རྟོགས།
,,2681,4,《པེ་》《སྣར་》,mདངོས་པོ།
,1347,2682,1,《པེ་》《སྣར་》,རྟོག
,,2683,2,《པེ་》《སྣར་》,པར།
,,2684,3,《པེ་》,རྟོགས།
,,2685,4,《པེ་》《སྣར་》,pདངོས་པོ།
,,2686,5,《པེ་》《སྣར་》,བས།
,,2687,6,《སྣར་》,པ།
,,2688,7,《པེ་》《སྣར་》,གྲུབ།
,,2689,8,《པེ་》《སྣར་》,pཉིད་མེད་པ།
,1348,2690,1,《པེ་》《སྣར་》,ཀྱི།
,,2691,2,《པེ་》《སྣར་》,གྱིས་བརླབས།
,,2692,3,《པེ་》《སྣར་》,གྱིས་བརླབས།
,,2693,4,《པེ་》《སྣར་》,ད།
,,2694,5,《པེ་》《སྣར་》,ཀྱི།
,,2695,6,《པེ་》《སྣར་》,བཞག
,,2696,7,《པེ་》《སྣར་》,ཀྱིས།
,,2697,8,《པེ་》《སྣར་》,གི།
,,2698,9,《པེ་》,ཞིང།,《སྣར་》
,,2699,10,《པེ་》《སྣར་》,འདི།
,1349,2700,1,《པེ་》《སྣར་》,mབའི།
,,2701,2,《པེ་》《སྣར་》,བསགས།
,,2702,3,《པེ་》《སྣར་》,དུ།
,,2703,4,《པེ་》《སྣར་》,གི།
,,2704,5,《པེ་》《སྣར་》,ལྟ།
,,2705,6,《པེ་》《སྣར་》,འདིས།
,1350,2706,1,《པེ་》《སྣར་》,ན།
,,2707,2,《པེ་》《སྣར་》,mཔ།
,,2708,3,《པེ་》《སྣར་》,དག་མེད་པས་སྒྲིམ་པ་མེད་པར།
,,2709,4,《པེ་》《སྣར་》,ཡོད།
,,2710,5,《སྣར་》,mཔ།
,1351,2711,1,《པེ་》《སྣར་》,ད་ལྟ་ཡིན་ན།
,,2712,2,《པེ་》《སྣར་》,pགྱི།
,,2713,3,《པེ་》《སྣར་》,mནོ།
,,2714,4,《པེ་》《སྣར་》,བ།
,,2715,5,《པེ་》《སྣར་》,ལ།
,,2716,6,《པེ་》《སྣར་》,རྒྱུན།
,,2717,7,《པེ་》《སྣར་》,mགི།
,,2718,8,《པེ་》《སྣར་》,mཡོད་པ།
,,2719,9,《པེ་》《སྣར་》,mཐམས་ཅད།
,1352,2720,1,《པེ་》《སྣར་》,ལྟ།
,,2721,2,《པེ་》,mཔ།
,,2722,3,《པེ་》《སྣར་》,mབར་འགྱུར།
,,2723,4,《པེ་》《སྣར་》,གར།
,,2724,5,《པེ་》《སྣར་》,འདུ།
,,2725,6,《པེ་》《སྣར་》,mདག
,,2726,7,《པེ་》,ནི།
,,2727,8,《པེ་》《སྣར་》,བར།
,,2728,9,《པེ་》,ལུས།
,1353,2729,1,《པེ་》《སྣར་》,pཡང།
,,2730,2,《པེ་》《སྣར་》,སྐད་བཤད་པར།
,,2731,3,《སྣར་》,པ།
,,2732,4,《སྣར་》,རིག
,,2733,5,《པེ་》《སྣར་》,པ།
,,2734,6,《པེ་》《སྣར་》,ན།
,1354,2735,1,《པེ་》《སྣར་》,mཡང།
,,2736,2,《པེ་》《སྣར་》,ཅི་སྟེ།
,1355,2737,1,《པེ་》《སྣར་》,བཞག
,,2738,2,《པེ་》《སྣར་》,བཞག
,,2739,3,《པེ་》《སྣར་》,mབ།
,,2740,4,《པེ་》《སྣར་》,པར།
,,2741,5,《པེ་》《སྣར་》,mམ་ཡིན་པ།
,,2742,6,《པེ་》《སྣར་》,pཔ།
,,2743,7,《པེ་》《སྣར་》,ཡིད་ཀྱིས།
,,2744,8,《པེ་》《སྣར་》,ནོ།
,,2745,9,《པེ་》《སྣར་》,ཀྱི།
,,2746,10,《པེ་》《སྣར་》,ཀྱི།
,1356,2747,1,《པེ་》《སྣར་》,mཀྱང།
,,2748,2,《པེ་》《སྣར་》,mཔ།
,,2749,3,《པེ་》《སྣར་》,འགྱུར།
,,2750,4,《པེ་》《སྣར་》,སྙིངས།
,,2751,5,《པེ་》,སྙིངས།
,1357,2752,1,《པེ་》《སྣར་》,mདབང་པོ་དྲུག་ཡིན་ལ་གཟུགས་ལ་སོགས་པ་རྣམས་ནི།
,,2753,2,《སྣར་》,བ།
,,2754,3,《པེ་》《སྣར་》,pལ།
,,2755,4,《པེ་》《སྣར་》,mམི།
,,2756,5,《པེ་》《སྣར་》,བཟུང།
,1358,2757,1,《པེ་》《སྣར་》,བ།
,,2758,2,《པེ་》《སྣར་》,རྟོག
,,2759,3,《པེ་》《སྣར་》,འཇིག
,,2760,4,《པེ་》《སྣར་》,pཔ་གཞན་གྱིས་ཤེས།
,,2761,5,《པེ་》《སྣར་》,འདོན།
,,2762,6,《པེ་》,pརྣམ་པ།
,,2763,7,《པེ་》《སྣར་》,mཤེས་པ་གཉིས་ཀྱིས།
,1359,2764,1,《པེ་》《སྣར་》,བརྟག
,,2765,2,《སྣར་》,པ།
,,2766,3,《ཅོ་》,པ།
,,2767,4,《པེ་》《སྣར་》,རྟེན།
,,2768,5,《པེ་》《སྣར་》,ཏེ།
,1360,2769,1,《པེ་》《སྣར་》,ན།
,,2770,2,《སྣར་》,ག
,,2771,3,《སྣར་》,ནི།
,,2772,4,《པེ་》《སྣར་》,དེ་ལྟ།
,,2773,5,《པེ་》《སྣར་》,པས།
,1361,2774,1,《པེ་》《སྣར་》,pཔ།
,,2775,2,《པེ་》《སྣར་》,mཀུན་ལའང་གནས་པ་མེད་པའམ། །ཡང་ན་ཐམས་ཅད་མི་རྟག་མིན། །
,,2776,3,《པེ་》《སྣར་》,པས།
,,2777,4,《སྣར་》,ལྟ།
,1362,2778,1,《པེ་》《སྣར་》,mཏེ།
,,2779,2,《པེ་》《སྣར་》,འགྱུར།
,,2780,3,《པེ་》《སྣར་》,ལྟར།
,,2781,4,《སྣར་》,pཔ།
,1363,2782,1,《པེ་》《སྣར་》,གྱུར་པའི།
,,2783,2,《པེ་》《སྣར་》,དགོས།
,,2784,3,《པེ་》《སྣར་》,mཏུ།
,,2785,4,《པེ་》《སྣར་》,བརྟན།
,,2786,5,《པེ་》《སྣར་》,གིས།
,,2787,6,《པེ་》《སྣར་》,དམིགས་པའི།
,,2788,7,《པེ་》,ཀྱིས།
,,2789,8,《པེ་》《སྣར་》,དེ།
,,2790,9,《སྣར་》,ཚུངས་པ་དང།,《པེ་》
,,2791,10,《པེ་》《སྣར་》,pབདག
,1364,2792,1,《སྣར་》,mདོ།
,,2793,2,《སྣར་》,པའི།
,,2794,3,《པེ་》《སྣར་》,ཏེ།
,,2795,4,《པེ་》,ཀྱི་ཉམས་སུ་མྱོང།,《སྣར་》
,,2796,5,《པེ་》《སྣར་》,ཀྱི།
,1365,2797,1,《པེ་》《སྣར་》,ལྷུང།
,1366,2798,1,《པེ་》《སྣར་》,pདོ།
,,2799,2,《པེ་》《སྣར་》,རྣམས།
,,2800,3,《པེ་》《སྣར་》,ལྟར།
,1367,2801,1,《པེ་》《སྣར་》,ཞི།
,,2802,2,《པེ་》《སྣར་》,པ།
,,2803,3,《པེ་》《སྣར་》,གིས།
,1368,2804,1,《པེ་》《སྣར་》,དེ།
,,2805,2,《པེ་》《སྣར་》,ལ།
,,2806,3,《པེ་》《སྣར་》,པས།
,,2807,4,《པེ་》《སྣར་》,འདས་པར།
,1369,2808,1,《པེ་》《སྣར་》,སྤྱོད་པར།
,,2809,2,《པེ་》,འདི།
,,2810,3,《པེ་》《སྣར་》,བཟློ།
,,2811,4,《པེ་》《སྣར་》,ཞེས་བྱ་བར་ཁྱེད།
,,2812,5,《པེ་》《སྣར་》,ཀྱི།
,,2813,6,《སྣར་》,ནི།
,,2814,7,《པེ་》《སྣར་》,སྒྲོན།
,1370,2815,1,《པེ་》《སྣར་》,pདེ་ན།
,,2816,2,《པེ་》,འགྱུར་བའི།
,,2817,3,《པེ་》《སྣར་》,འགར།
,,2818,4,《པེ་》《སྣར་》,གསུངས་པར།
,,2819,5,《པེ་》《སྣར་》,ལ།
,,2820,6,《སྣར་》,པ།
,,2821,7,《པེ་》《སྣར་》,རྣམ་པ་ཡོད།
,,2822,8,《པེ་》《སྣར་》,ངན།
,,2823,9,《པེ་》《སྣར་》,mབ།
,,2824,10,《པེ་》《སྣར་》,ཨཱ་དང།
,,2825,11,《པེ་》《སྣར་》,pལ།
,1371,2826,1,《པེ་》《སྣར་》,mན།
,,2827,2,《པེ་》《སྣར་》,pན་བ་དང།
,,2828,3,《པེ་》《སྣར་》,ཡིན།
,,2829,4,《པེ་》《སྣར་》,བཅའ།
,,2830,5,《པེ་》《སྣར་》,ཀྱི།
,,2831,6,《པེ་》《སྣར་》,ལས།
,,2832,7,《པེ་》《སྣར་》,འདའ་བ།
,,2833,8,《པེ་》《སྣར་》,བཏང།
,,2834,9,《པེ་》《སྣར་》,མི།
,,2835,10,《པེ་》《སྣར་》,pཀྱི།
,1372,2836,1,《པེ་》《སྣར་》,པོའི།
,,2837,2,《པེ་》《སྣར་》,mདུ།
,,2838,3,《པེ་》《སྣར་》,ལ།
,,2839,4,《པེ་》,བརྟེན།,《སྣར་》
,,2840,5,《པེ་》《སྣར་》,ཡང།
,,2841,6,《པེ་》《སྣར་》,mཡང།
,1373,2842,1,《པེ་》《སྣར་》,pའདི།
,,2843,2,《པེ་》,གསུངས།
,,2844,3,《པེ་》《སྣར་》,བ།
,,2845,4,《པེ་》《སྣར་》,པ།
,,2846,5,《པེ་》,བརྗོད།
,,2847,6,《པེ་》《སྣར་》,ག
,,2848,7,《པེ་》《སྣར་》,པ་ནུས་པ།
,,2849,8,《པེ་》《སྣར་》,བསམས།
,,2850,9,《པེ་》《སྣར་》,གྱི།
,,2851,10,《པེ་》《སྣར་》,ནས།
,1374,2852,1,《པེ་》,ལོག་པ།,《སྣར་》
,,2853,2,《པེ་》,mམི།
,,2854,3,《པེ་》,པ།
,,2855,4,《པེ་》《སྣར་》,སྐར།
,,2856,5,《པེ་》《སྣར་》,རུན།
,,2857,6,《པེ་》《སྣར་》,གྱིས།
,,2858,6,《པེ་》《སྣར་》,mམཐའི།
,,2859,8,《པེ་》《སྣར་》,འཆིང།
,1375,2860,1,《པེ་》《སྣར་》,སོན་པ།
,,2861,2,《པེ་》《སྣར་》,བཅས།
,,2862,3,《པེ་》《སྣར་》,པས།
,,2863,4,《པེ་》,སྐྲགས།
,,2864,5,《སྣར་》,mཔ།
,,2865,6,《པེ་》《སྣར་》,mའགྲོ་བར།
,,2866,7,《པེ་》《སྣར་》,པ་པོའི།
,,2867,8,《པེ་》《སྣར་》,pཡང།
,,2868,9,《པེ་》《སྣར་》,པོའི།
,1376,2869,1,《པེ་》《སྣར་》,བརྗོད།
,,2870,2,《པེ་》《སྣར་》,ཀྱིས།
,,2871,3,《པེ་》《སྣར་》,རྒྱུད།
,,2872,4,《པེ་》《སྣར་》,ཡིན།
,,2873,5,《པེ་》《སྣར་》,པར།
,,2874,6,《སྣར་》,གི་ཚེ།
,,2875,7,《སྣར་》,mལ།
,,2876,8,《པེ་》《སྣར་》,གྱིས།
,,2877,9,《པེ་》,ནི།
,,2878,10,《པེ་》《སྣར་》,རྟོག
,,2879,11,《པེ་》《སྣར་》,རིགས།
,1377,2880,1,《པེ་》《སྣར་》,pཅིག
,,2881,2,《པེ་》《སྣར་》,གོ།
,,2882,3,《པེ་》,ལ།
,,2883,4,《པེ་》《སྣར་》,pཆོས།
,,2884,5,《པེ་》《སྣར་》,འཐུག
,,2885,6,《པེ་》《སྣར་》,བསྒྲུབས།
,,2886,7,《པེ་》《སྣར་》,pཆེ།
,1379,2887,1,《པེ་》《སྣར་》,པ།
,,2888,2,《པེ་》《སྣར་》,mཀྱི།
,,2889,3,《པེ་》《སྣར་》,pཚེ་འདི།
,,2890,4,《པེ་》《སྣར་》,འདའ་བར།
,,2891,5,《པེ་》《སྣར་》,འཁྲུག
,1380,2892,1,《པེ་》《སྣར་》,རི་རབ།
,,2893,2,《པེ་》《སྣར་》,ཡིན།
,,2894,3,《པེ་》《སྣར་》,འགྲོར།
,,2895,4,《པེ་》《སྣར་》,mལ།
,1381,2896,1,《པེ་》《སྣར་》,mཔ།
,,2897,2,《པེ་》《སྣར་》,pདེ།
,,2898,3,《པེ་》《སྣར་》,བྱའོ།
,,2899,4,《པེ་》《སྣར་》,mལྔ།
,,2900,5,《པེ་》《སྣར་》,བཏགས།
,,2901,6,《པེ་》《སྣར་》,བརྩལ།
,1382,2902,1,《པེ་》《སྣར་》,ལས།
,,2903,2,《པེ་》《སྣར་》,བརྟེན།
,,2904,3,《སྣར་》,བོར།
,,2905,4,《པེ་》《སྣར་》,བཞག
,,2906,5,《པེ་》《སྣར་》,mཡོད་པ།
,,2907,6,《པེ་》《སྣར་》,བརྟེན།
,,2908,7,《པེ་》《སྣར་》,པ།
,1383,2909,1,《པེ་》《སྣར་》,ཀྱིས།
,,2910,2,《པེ་》《སྣར་》,བརྩིས།
,,2911,3,《པེ་》《སྣར་》,mཀྱི།
,1384,2912,1,《པེ་》《སྣར་》,ལྟར།
,,2913,2,《པེ་》《སྣར་》,བསྲེགས།
,,2914,3,《པེ་》《སྣར་》,mཔར་བྱེད།
,1385,2915,1,《སྣར་》,པ།
,,2916,2,《པེ་》《སྣར་》,pདེ་ནི།
,1386,2917,1,《པེ་》《སྣར་》,འཇིགས།
,,2918,2,《པེ་》《སྣར་》,རྟོག
,,2919,3,《པེ་》《སྣར་》,ལས།
,,2920,4,《པེ་》《སྣར་》,པའི་ཚང།
,1387,2921,1,《པེ་》《སྣར་》,pཉིན་རེ།
,,2922,2,《སྣར་》,བྱིན།
,,2923,3,《སྣར་》,གི།
,,2924,4,《སྣར་》,pབར།
,,2925,5,《པེ་》《སྣར་》,pཔ།
,,2926,6,《པེ་》《སྣར་》,རག
,,2927,7,《པེ་》《སྣར་》,པ་རྣམས་ཀྱིས།
,,2928,8,《པེ་》《སྣར་》,pཔ།
,1388,2929,1,《པེ་》《སྣར་》,mལུས།
,,2930,2,《པེ་》《སྣར་》,mཤེས་པས།
,,2931,3,《པེ་》《སྣར་》,pཔ།
,,2932,4,《པེ་》《སྣར་》,བསྟེན།
,,2933,5,《པེ་》《སྣར་》,བསྲེག
,,2934,6,《པེ་》《སྣར་》,ཕྱིར།
,1389,2935,1,《པེ་》《སྣར་》,mཔ།
,,2936,2,《པེ་》《སྣར་》,རིགས།
,,2937,3,《པེ་》《སྣར་》,རིགས།
,,2938,4,《པེ་》《སྣར་》,mརྣམས།
,,2939,5,《པེ་》《སྣར་》,pརོ།
,,2940,6,《པེ་》《སྣར་》,pགྱི།
,,2941,7,《པེ་》,བརྩོར།
,1390,2942,1,《པེ་》《སྣར་》,བ།
,,2943,2,《སྣར་》,mཀྱི།
,,2944,3,《པེ་》《སྣར་》,ཀྱིས།
,,2945,4,《པེ་》《སྣར་》,ཀྱི།
,,2946,5,《པེ་》《སྣར་》,བརྟགས།
,,2947,6,《པེ་》《སྣར་》,འགག
,,2948,7,《སྣར་》,བ།
,,2949,8,《པེ་》《སྣར་》,པའི།
,1391,2950,1,《སྣར་》,གྲོན།
,,2951,2,《པེ་》《སྣར་》,བསྐྱེད།
,,2952,3,《པེ་》《སྣར་》,རྟོག
,,2953,4,《པེ་》《སྣར་》,སྐྱེས་པ།
,,2954,5,《པེ་》《སྣར་》,གྱི།
,,2955,6,《པེ་》《སྣར་》,བཏང།
,,2956,7,《པེ་》《སྣར་》,རྒུད།
,,2957,8,《པེ་》《སྣར་》,ལྷུང།
,,2958,9,《པེ་》,འགྱུར་བས།
,,2959,10,《པེ་》《སྣར་》,བླངས། །ཉི་མས།
,,2960,11,《པེ་》《སྣར་》,ཐུན།
,1392,2961,1,《པེ་》《སྣར་》,mརོ།།
,,2962,2,《པེ་》《སྣར་》,མོངས་པ།
,,2963,3,《པེ་》《སྣར་》,།། །།
,,2964,4,《པེ་》《སྣར་》,ཀྱི།
,,2965,5,《པེ་》《སྣར་》,བལྟ།
,,2966,6,《པེ་》《སྣར་》,pབ།
,1393,2967,1,《པེ་》《སྣར་》,mདག
,,2968,2,《པེ་》《སྣར་》,mལ་སོགས་པའི།
,,2969,3,《པེ་》《སྣར་》,བཟུང།
,,2970,4,《པེ་》《སྣར་》,བཞག
,,2971,5,《པེ་》,མི།
,,2972,6,《པེ་》《སྣར་》,བཞག་གིས།
,,2973,7,《པེ་》《སྣར་》,བཏགས།
,,2974,8,《པེ་》《སྣར་》,mམ།
,,2975,9,《པེ་》《སྣར་》,རྟོག
,,2976,10,《པེ་》《སྣར་》,བཞག
,,2977,11,《པེ་》《སྣར་》,pནི།
,1394,2978,1,《པེ་》《སྣར་》,དཔའ།
,,2979,2,《པེ་》《སྣར་》,དེ།
,,2980,3,《པེ་》《སྣར་》,གྱུར་པའི།
,,2981,4,《པེ་》《སྣར་》,ཅིས་ཏེ།
,,2982,5,《སྣར་》,བྱེད།
,,2983,6,《པེ་》,མ།
,1395,2984,1,《པེ་》,mབ།
,,2985,2,《པེ་》《སྣར་》,པར།
,,2986,3,《པེ་》《སྣར་》,pབྱ་བར།
,,2987,4,《པེ་》《སྣར་》,མོངས།
,1396,2988,1,《པེ་》《སྣར་》,གྱི།
,,2989,2,《པེ་》《སྣར་》,དུ།
,,2990,3,《པེ་》《སྣར་》,གིས།
,,2991,4,《པེ་》《སྣར་》,མ།
,,2992,5,《པེ་》《སྣར་》,mནི།
,,2993,6,《པེ་》《སྣར་》,mམ།
,,2994,7,《སྣར་》,mཕྲ།
,,2995,8,《པེ་》《སྣར་》,རྟོག
,1397,2996,1,《པེ་》《སྣར་》,བཏགས་པས།
,,2997,2,《པེ་》《སྣར་》,pམ།
,,2998,3,《པེ་》《སྣར་》,བཏགས།
,,2999,4,《པེ་》《སྣར་》,བརྟན།
,,3000,5,《པེ་》《སྣར་》,པོའི།
,,3001,6,《པེ་》《སྣར་》,pཡིན་པ།
,,3002,7,《པེ་》《སྣར་》,བཏགས།
,,3003,8,《པེ་》《སྣར་》,mལ།
,,3004,9,《པེ་》《སྣར་》,རིག་པ་ཡང།
,,3005,10,《པེ་》《སྣར་》,pལ།
,,3006,11,《པེ་》《སྣར་》,mནི།
,1398,3007,1,《པེ་》,རིགས།
,,3008,2,《པེ་》《སྣར་》,ལ།
,,3009,3,《པེ་》《སྣར་》,mལ།
,,3010,4,《པེ་》《སྣར་》,mཅན།
,,3011,5,《པེ་》《སྣར་》,གཞན།
,,3012,6,《པེ་》《སྣར་》,ཁྱལ།
,,3013,7,《པེ་》《སྣར་》,mའདི།
,1399,3014,1,《པེ་》《སྣར་》,mདབང་པོའི།
,,3015,2,《པེ་》《སྣར་》,གྱི།
,,3016,3,《པེ་》《སྣར་》,བཅད།
,,3017,4,《སྣར་》,བསྣམས།
,,3018,5,《པེ་》《སྣར་》,དོ།།
,,3019,6,《པེ་》《སྣར་》,གིས།
,1400,3020,1,《པེ་》《སྣར་》,ཡི།
,,3021,2,《པེ་》《སྣར་》,mམ།
,,3022,3,《པེ་》《སྣར་》,mགི།
,1401,3023,1,《པེ་》《སྣར་》,pདེ་དག་ལ་ཡང་གཞན་ཡིན་ཞིང།
,,3024,2,《སྣར་》,རྣ་བར།
,,3025,3,《པེ་》《སྣར་》,mརྡུལ་ལ།
,,3026,4,《པེ་》《སྣར་》,mནི།
,,3027,5,《པེ་》《སྣར་》,pན།
,,3028,6,《པེ་》《སྣར་》,pཉིད།
,,3029,7,《པེ་》《སྣར་》,pབྱ་བར།
,,3030,8,《པེ་》《སྣར་》,གྱི།
,,3031,9,《པེ་》《སྣར་》,mཔ།
,,3032,10,《པེ་》《སྣར་》,བཟུང།
,1402,3033,1,《པེ་》《སྣར་》,བརྗོད་པར་བྱེད་པ་ཡི་གེ།
,,3034,2,《པེ་》《སྣར་》,mཉིད།
,,3035,3,《པེ་》《སྣར་》,བརྗོད།
,,3036,4,《པེ་》《སྣར་》,པར་གྱུར་ན།
,1403,3037,1,《པེ་》《སྣར་》,གཅིག
,,3038,2,《པེ་》《སྣར་》,ཅིས་ཏེ་མི་འཛིན།
,,3039,3,《པེ་》《སྣར་》,ཀྱིས།
,,3040,4,《པེ་》《སྣར་》,བཟུང།
,,3041,5,《པེ་》《སྣར་》,རྟོགས་པར་རྟོག
,,3042,6,《སྣར་》,པར།
,,3043,7,《སྣར་》,འགྲུབ།
,,3044,8,《སྣར་》,བུས།
,,3045,9,《པེ་》《སྣར་》,རྟོགས།
,,3046,10,《པེ་》,mམི།
,,3047,11,《པེ་》《སྣར་》,བ།
,,3048,12,《པེ་》《སྣར་》,བཟུང།
,,3049,13,《པེ་》《སྣར་》,བཟུང།
,1404,3050,1,《པེ་》《སྣར་》,mཡང།
,,3051,2,《པེ་》《སྣར་》,བསྟན།
,,3052,3,《པེ་》《སྣར་》,བཟུང།
,,3053,4,《པེ་》《སྣར་》,འབའ།
,,3054,5,《པེ་》《སྣར་》,བརྗོད།
,,3055,6,《པེ་》《སྣར་》,བཟུང་བར་བྱའོ།
,,3056,7,《པེ་》《སྣར་》,པའི།
,1405,3057,1,《པེ་》《སྣར་》,དོ། །
,,3058,2,《པེ་》《སྣར་》,pདེ།
,,3059,3,《པེ་》《སྣར་》,སྐྱེ་བ།
,1406,3060,1,《པེ་》《སྣར་》,pཏེ་ཇི་ལྟར་བལྟ་བར་བྱ་བ་དང།
,,3061,2,《པེ་》《སྣར་》,mཡང།
,,3062,3,《པེ་》《སྣར་》,mལ།
,,3063,4,《པེ་》《སྣར་》,ཀྱི།
,,3064,5,《པེ་》《སྣར་》,ཀྱིས།
,,3065,6,《པེ་》《སྣར་》,གིས།
,,3066,7,《པེ་》《སྣར་》,mཔ།
,,3067,8,《པེ་》《སྣར་》,mམི།
,,3068,9,《པེ་》《སྣར་》,ཀྱིས།
,,3069,10,《པེ་》《སྣར་》,དཔག
,1407,3070,1,《པེ་》《སྣར་》,གིས།
,,3071,2,《པེ་》《སྣར་》,mདེ།
,,3072,3,《པེ་》《སྣར་》,mརྣམས།
,,3073,4,《པེ་》《སྣར་》,mམ།
,,3074,5,《པེ་》《སྣར་》,mརོ།
,1408,3075,1,《སྣར་》,ལ།
,,3076,2,《སྣར་》,བསྙོམ།
,,3077,3,《པེ་》《སྣར་》,རྒྱུ།
,,3078,4,《པེ་》《སྣར་》,རྟག
,,3079,5,《པེ་》《སྣར་》,ལྟར།
,1409,3080,1,《པེ་》《སྣར་》,པ།
,,3081,2,《པེ་》《སྣར་》,mདེ།
,,3082,3,《པེ་》《སྣར་》,pལ།
,,3083,4,《པེ་》《སྣར་》,mཅིག་ཤོས།
,,3084,5,《པེ་》《སྣར་》,ལས།
,,3085,6,《པེ་》,དེ་ཡང་བརྒལ།,《སྣར་》
,,3086,7,《པེ་》《སྣར་》,པ་ཉིད་དུ།
,,3087,8,《པེ་》《སྣར་》,mནི།
,,3088,9,《པེ་》《སྣར་》,བོ།
,,3089,10,《པེ་》《སྣར་》,དེ་དེ།
,,3090,11,《པེ་》《སྣར་》,པོའི།
,1410,3091,1,《པེ་》《སྣར་》,ལྟར།
,,3092,2,《པེ་》《སྣར་》,mགཟུགས་དེ།
,,3093,3,《སྣར་》,mཡང།
,,3094,4,《པེ་》《སྣར་》,ནས།
,,3095,5,《སྣར་》,མ།
,,3096,6,《པེ་》《སྣར་》,mཡང་ཉེ་བ་ན་གནས་པ།
,,3097,7,《པེ་》《སྣར་》,mམིག
,,3098,8,《པེ་》《སྣར་》,pནི།
,,3099,9,《པེ་》《སྣར་》,pདེ།
,,3100,10,《པེ་》《སྣར་》,བའམ།
,,3101,11,《པེ་》《སྣར་》,པར།
,,3102,12,《པེ་》《སྣར་》,འདོད་ཅེས།
,,3103,13,《པེ་》《སྣར་》,འགྲོའོ།
,,3104,14,《པེ་》《སྣར་》,རྟོག
,1411,3105,1,《པེ་》《སྣར་》,mཡང།
,,3106,2,《པེ་》《སྣར་》,ལྟ།
,,3107,3,《པེ་》《སྣར་》,བ།
,,3108,4,《པེ་》《སྣར་》,རང།
,,3109,5,《པེ་》《སྣར་》,mནི།
,,3110,6,《པེ་》《སྣར་》,མ།
,,3111,7,《སྣར་》,ལྟ།
,,3112,8,《པེ་》《སྣར་》,mཔ།
,1412,3113,1,《པེ་》《སྣར་》,mདེ།
,,3114,2,《པེ་》《སྣར་》,པར།
,,3115,3,《པེ་》《སྣར་》,མིག་བལྟ།
,,3116,4,《པེ་》《སྣར་》,mདེ།
,,3117,5,《པེ་》《སྣར་》,བལྟ།
,,3118,6,《པེ་》《སྣར་》,ཉིད་ཀྱི།
,,3119,7,《པེ་》《སྣར་》,བལྟ།
,,3120,8,《སྣར་》,མི་གིས།
,,3121,9,《པེ་》,mགཟུགས།
,1413,3122,1,《པེ་》《སྣར་》,mདེའི་ཚེ།
,,3123,2,《པེ་》《སྣར་》,pལ།
,,3124,3,《པེ་》《སྣར་》,རིག
,,3125,4,《པེ་》《སྣར་》,བལྟ།
,,3126,5,《པེ་》《སྣར་》,རིགས།
,,3127,6,《པེ་》《སྣར་》,ལ།
,,3128,7,《པེ་》《སྣར་》,ལྷས་བྱིན།
,1414,3129,1,《པེ་》《སྣར་》,pནི།
,,3130,2,《པེ་》《སྣར་》,དང།
,,3131,3,《པེ་》《སྣར་》,བ།
,,3132,4,《པེ་》,ནི་དེ་ལྟར་ན།,《སྣར་》
,,3133,5,《སྣར་》,སྨས།
,,3134,6,《པེ་》《སྣར་》,དབང།
,,3135,7,《པེ་》,pམ།
,1415,3136,1,《པེ་》,རྟོགས།
,,3137,2,《པེ་》《སྣར་》,འོངས་པ།
,,3138,3,《པེ་》《སྣར་》,ནས།
,,3139,4,《པེ་》《སྣར་》,pདེ།
,,3140,5,《པེ་》《སྣར་》,mལ།
,1416,3141,1,《པེ་》《སྣར་》,mཡང།
,,3142,2,《པེ་》《སྣར་》,བ།
,,3143,3,《པེ་》《སྣར་》,པོ།
,1417,3144,1,《པེ་》《སྣར་》,རྣམས་བཞག
,,3145,2,《སྣར་》,སྨྲོས།
,,3146,3,《པེ་》《སྣར་》,བཟུང།
,,3147,4,《པེ་》《སྣར་》,mཡང།
,,3148,5,《པེ་》《སྣར་》,mརྟོག་པ་ཅན་གྱི་རྣམ་པར།
,,3149,6,《པེ་》《སྣར་》,mཀྱི།
,,3150,7,《པེ་》《སྣར་》,mཔ།
,,3151,8,《པེ་》《སྣར་》,རྟོགས།
,,3152,9,《པེ་》《སྣར་》,རྟོགས།
,,3153,10,《པེ་》《སྣར་》,བའི།
,1418,3154,1,《པེ་》《སྣར་》,mཡོད།
,,3155,2,《པེ་》《སྣར་》,mམ།
,,3156,3,《པེ་》《སྣར་》,སྒྱུ་མ་མཁན་གྱི།
,,3157,4,《པེ་》《སྣར་》,pཔ།
,,3158,5,《པེ་》《སྣར་》,བར།
,,3159,6,《པེ་》《སྣར་》,ནས།
,1419,3160,1,《པེ་》《སྣར་》,བོ།
,,3161,2,《པེ་》《སྣར་》,བ་འདི།
,,3162,3,《པེ་》《སྣར་》,ཏུ།
,,3163,4,《པེ་》《སྣར་》,སྔར།
,,3164,5,《པེ་》《སྣར་》,mམ།
,,3165,6,《པེ་》《སྣར་》,ཚེ།
,,3166,7,《པེ་》,ནས། །དེས་ན།,《སྣར་》
,,3167,8,《པེ་》《སྣར་》,བརྙེད།
,1420,3168,1,《པེ་》《སྣར་》,ལ།
,,3169,2,《པེ་》《སྣར་》,དེ་ལྟར།
,,3170,3,《པེ་》《སྣར་》,སྟེང།
,,3171,4,《པེ་》,ལྟ།
,,3172,5,《པེ་》《སྣར་》,བཟུང།
,,3173,6,《པེ་》《སྣར་》,གི
,1421,3174,1,《པེ་》《སྣར་》,pནི།
,,3175,2,《པེ་》《སྣར་》,mབ།
,,3176,3,《པེ་》《སྣར་》,དམ།
,,3177,4,《པེ་》《སྣར་》,གྲོལ།
,,3178,5,《པེ་》《སྣར་》,pཡང།
,,3179,6,《པེ་》《སྣར་》,mཅན།
,,3180,7,《པེ་》《སྣར་》,ཁུ།
,,3181,8,《པེ་》《སྣར་》,pལ།
,1422,3182,1,《པེ་》《སྣར་》,གིས།
,,3183,2,《པེ་》《སྣར་》,mནས་རྟེན།
,,3184,3,《པེ་》《སྣར་》,ཟབ།
,,3185,4,《སྣར་》,ལྟགས།
,,3186,5,《སྣར་》,བོ།
,,3187,6,《པེ་》《སྣར་》,བརྟེན།
,1423,3188,1,《པེ་》《སྣར་》,པ་རྣམས།
,,3189,2,《པེ་》《སྣར་》,རྟེན།
,,3190,3,《པེ་》《སྣར་》,བས།
,,3191,4,《པེ་》《སྣར་》,pཔ།
,,3192,5,《པེ་》《སྣར་》,བྱུང།
,,3193,6,《པེ་》《སྣར་》,དང་བར།
,,3194,7,《སྣར་》,སང།
,1424,3195,1,《སྣར་》,བུ།
,,3196,2,《པེ་》《སྣར་》,ཀྱི།
,,3197,3,《པེ་》《སྣར་》,སྒོམ།
,,3198,4,《པེ་》《སྣར་》,mསྟེ།
,,3199,5,《པེ་》《སྣར་》,mལ།
,,3200,6,《པེ་》《སྣར་》,mནི།
,1425,3201,1,《པེ་》《སྣར་》,mམ།
,,3202,2,《པེ་》《སྣར་》,རིན།
,,3203,3,《སྣར་》,སེམས།
,,3204,4,《པེ་》《སྣར་》,ལྟ།
,,3205,5,《པེ་》《སྣར་》,བཟུང།
,1426,3206,1,《པེ་》《སྣར་》,ཏུ།
,,3207,2,《པེ་》《སྣར་》,ལྷས།
,,3208,3,《པེ་》《སྣར་》,ལས་མི་རྟོག
,,3209,4,《པེ་》《སྣར་》,ལྷས།
,,3210,5,《པེ་》《སྣར་》,མ།
,,3211,6,《པེ་》《སྣར་》,གཟུང།
,,3212,7,《པེ་》《སྣར་》,ནས།
,,3213,8,《པེ་》《སྣར་》,དོ།།
,,3214,9,《པེ་》《སྣར་》,pཡང།
,1427,3215,1,《པེ་》《སྣར་》,ལྷས།
,,3216,2,《པེ་》,mདུ།
,,3217,3,《སྣར་》,མེད།
,,3218,4,《སྣར་》,མེད།
,,3219,5,《པེ་》《སྣར་》,དང།
,,3220,6,《པེ་》《སྣར་》,ལས།
,,3221,7,《པེ་》,རིག
,1428,3222,1,《པེ་》《སྣར་》,ཅེས།
,,3223,2,《པེ་》《སྣར་》,བརྟགས།
,,3224,3,《པེ་》《སྣར་》,པ་དང།
,,3225,4,《པེ་》《སྣར་》,གཞན།
,1429,3226,1,《པེ་》《སྣར་》,mདེ།
,,3227,2,《པེ་》《སྣར་》,གྱི།
,,3228,3,《སྣར་》,ངོ་བོ།
,,3229,4,《སྣར་》,pདེ།
,,3230,5,《པེ་》《སྣར་》,བ།
,,3231,6,《པེ་》《སྣར་》,pགི།
,,3232,7,《སྣར་》,པ།
,1430,3233,1,《པེ་》《སྣར་》,གྲུབ།
,,3234,2,《པེ་》《སྣར་》,པའི།
,,3235,3,《པེ་》《སྣར་》,pགྲངས།
,,3236,4,《པེ་》,གྲངས།
,,3237,5,《པེ་》《སྣར་》,རྟོགས།
,,3238,6,《པེ་》,pབརྫས་ལ།
,,3239,7,《པེ་》《སྣར་》,mརོ།
,,3240,8,《པེ་》《སྣར་》,ནི།
,1431,3241,1,《པེ་》《སྣར་》,ཀ།
,,3242,2,《པེ་》《སྣར་》,pཉིད།
,,3243,3,《པེ་》《སྣར་》,པར།
,,3244,4,《པེ་》,པ།
,,3245,5,《པེ་》《སྣར་》,mམ།
,1432,3246,1,《པེ་》《སྣར་》,དེ།
,,3247,2,《སྣར་》,ཀྱིས།
,,3248,3,《སྣར་》,བའི།
,,3249,4,《པེ་》《སྣར་》,པ།
,,3250,5,《པེ་》《སྣར་》,mནི།
,,3251,6,《པེ་》《སྣར་》,pགཞུང།
,,3252,7,《པེ་》,pབ།
,,3253,8,《སྣར་》,pརོ།
,,3254,9,《སྣར་》,མི།
,,3255,10,《པེ་》《སྣར་》,དེ།
,1433,3256,1,《པེ་》《སྣར་》,པར།
,,3257,2,《སྣར་》,པའོ།
,,3258,3,《པེ་》《སྣར་》,pནི།
,,3259,4,《པེ་》《སྣར་》,ན།
,1434,3260,1,《པེ་》《སྣར་》,གི།
,,3261,2,《པེ་》《སྣར་》,pཀྱིས།
,,3262,3,《པེ་》《སྣར་》,བོར།
,,3263,4,《པེ་》《སྣར་》,mབུམ་པའི།
,,3264,5,《པེ་》《སྣར་》,པ་ལས།
,,3265,6,《པེ་》《སྣར་》,རེར།
,,3266,7,《པེ་》《སྣར་》,mདེ་ལ།
,1435,3267,1,《པེ་》《སྣར་》,དེ།
,,3268,2,《པེ་》,mསོགས།
,,3269,3,《སྣར་》,མི།
,,3270,4,《པེ་》《སྣར་》,pརྣམས།
,1436,3271,1,《པེ་》《སྣར་》,དེ།
,,3272,2,《པེ་》《སྣར་》,mལས།
,,3273,3,《པེ་》《སྣར་》,ཏུ།
,,3274,4,《པེ་》《སྣར་》,mམི།
,1437,3275,1,《པེ་》《སྣར་》,ལྟར།
,,3276,2,《པེ་》《སྣར་》,ལ།
,,3277,3,《པེ་》《སྣར་》,pཔ།
,,3278,4,《པེ་》《སྣར་》,mཁྱོད།
,,3279,5,《སྣར་》,པ།
,,3280,6,《སྣར་》,གྱིས།
,1438,3281,1,《པེ་》《སྣར་》,འགྱུར་བའི།
,,3282,2,《པེ་》《སྣར་》,ལ་བརྟེན།
,,3283,3,《པེ་》《སྣར་》,གཞན།
,,3284,4,《པེ་》《སྣར་》,pགཞན།
,,3285,5,《པེ་》《སྣར་》,pཡང།
,,3286,6,《པེ་》《སྣར་》,mའདི།
,,3287,7,《སྣར་》,བུས།
,1439,3288,1,《པེ་》《སྣར་》,ཀྱི།
,,3289,2,《པེ་》《སྣར་》,བརྟེན།
,,3290,3,《པེ་》《སྣར་》,mཕྱིར།
,,3291,4,《པེ་》《སྣར་》,pཚོགས་པ།
,,3292,5,《པེ་》《སྣར་》,བརྟགས།
,,3293,6,《པེ་》《སྣར་》,mདུ།
,,3294,7,《པེ་》《སྣར་》,པ་བཏགས།
,,3295,8,《པེ་》,མ་གཏོགས།,《སྣར་》
,1440,3296,1,《སྣར་》,བྱ་བའོ།
,,3297,2,《སྣར་》,པོར།
,,3298,3,《པེ་》《སྣར་》,ཆེས་སྲེག
,,3299,4,《པེ་》《སྣར་》,mན།
,,3300,5,《སྣར་》,mདེས།
,,3301,6,《པེ་》《སྣར་》,མེ།
,,3302,7,《པེ་》《སྣར་》,དེ།
,,3303,8,《པེ་》《སྣར་》,བ་མ་ཡིན་པའི་རང་བཞིན་ཡིན།
,,3304,9,《པེ་》《སྣར་》,mདང།
,1441,3305,1,《པེ་》《སྣར་》,mམེ།
,,3306,2,《པེ་》《སྣར་》,ལ།
,,3307,3,《པེ་》《སྣར་》,ནི།
,,3308,4,《པེ་》《སྣར་》,mབྱ་བར།
,,3309,5,《པེ་》《སྣར་》,mགཞན་ལ།
,1442,3310,1,《པེ་》《སྣར་》,པར།
,,3311,2,《པེ་》《སྣར་》,mཔ།
,,3312,3,《པེ་》《སྣར་》,རྟག
,,3313,4,《པེ་》《སྣར་》,pཔ།
,,3314,5,《པེ་》《སྣར་》,pདེ།
,,3315,6,《པེ་》《སྣར་》,དུ་མ་ཡིན།
,1443,3316,1,《པེ་》《སྣར་》,mའགའ་ཡང།
,,3317,2,《པེ་》《སྣར་》,ཉིད་དང།
,,3318,3,《པེ་》《སྣར་》,རིམ།
,,3319,4,《པེ་》《སྣར་》,ཚུལ་གཞིག
,,3320,5,《པེ་》《སྣར་》,དེའི།
,,3321,6,《པེ་》《སྣར་》,དེ།
,1444,3322,1,《པེ་》《སྣར་》,mདུ།
,,3323,2,《པེ་》《སྣར་》,རྟོག
,,3324,3,《པེ་》《སྣར་》,ལྷས།
,,3325,4,《པེ་》《སྣར་》,ལྷས།
,,3326,5,《སྣར་》,mསོ།
,,3327,6,《པེ་》《སྣར་》,pགི།
,1445,3328,1,《པེ་》《སྣར་》,ཕྱོགས་ཀྱི་སྐྱོན།
,,3329,2,《པེ་》《སྣར་》,mསྨྲ་བ།
,,3330,3,《པེ་》《སྣར་》,པའི་རྟོག
,,3331,4,《པེ་》《སྣར་》,རིམ།
,,3332,5,《པེ་》《སྣར་》,ག
,,3333,6,《སྣར་》,བཞིན།
,,3334,7,《པེ་》《སྣར་》,mདེ།
,1446,3335,1,《པེ་》《སྣར་》,སོགས་དག་ལ་ཞེས།
,,3336,2,《པེ་》《སྣར་》,mལྟར་ན།
,,3337,3,《པེ་》《སྣར་》,ལས།
,,3338,4,《པེ་》《སྣར་》,ན།
,,3339,5,《པེ་》《སྣར་》,དང།
,1447,3340,1,《པེ་》《སྣར་》,ན།
,,3341,2,《པེ་》《སྣར་》,ནར།
,,3342,3,《པེ་》《སྣར་》,ནོ།།
,,3343,4,《པེ་》《སྣར་》,སྨྲས།
,,3344,5,《པེ་》《སྣར་》,pསྨྲ་ན་དཀར་པོ་ཞེས།
,,3345,6,《པེ་》《སྣར་》,mནི།
,,3346,7,《པེ་》《སྣར་》,མ་གྱུར་ཅིག
,,3347,8,《པེ་》《སྣར་》,mཔ།
,1448,3348,1,《པེ་》《སྣར་》,mཀྱི།
,,3349,2,《པེ་》《སྣར་》,ལྷས།
,,3350,3,《པེ་》,ལྷས།
,,3351,4,《པེ་》《སྣར་》,རེ།
,,3352,5,《པེ་》《སྣར་》,pཔ།
,,3353,6,《པེ་》《སྣར་》,mསྣམ་བུ།
,1449,3354,1,《པེ་》《སྣར་》,mསྣམ་བུ་ཡང།
,,3355,2,《པེ་》《སྣར་》,mཔ།
,1450,3356,1,《པེ་》《སྣར་》,mརངས་ཏེ།
,,3357,2,《པེ་》《སྣར་》,རྒྱུ།
,,3358,3,《པེ་》《སྣར་》,བུ།
,,3359,4,《པེ་》《སྣར་》,mཔ།
,,3360,5,《པེ་》《སྣར་》,པ།
,,3361,6,《པེ་》《སྣར་》,mལས།
,,3362,7,《པེ་》《སྣར་》,pཉིད།
,,3363,8,《པེ་》《སྣར་》,རྩ།
,,3364,9,《པེ་》《སྣར་》,པ།
,1451,3365,1,《སྣར་》,པ་ཞིག
,,3366,2,《པེ་》《སྣར་》,mཏུ།
,,3367,3,《པེ་》《སྣར་》,རིག
,,3368,4,《པེ་》《སྣར་》,བལྟ།
,,3369,5,《པེ་》《སྣར་》,pདང།
,,3370,6,《པེ་》《སྣར་》,ནི།
,,3371,7,《པེ་》《སྣར་》,སྨྲ།
,,3372,8,《པེ་》《སྣར་》,ཞེ།
,,3373,9,《པེ་》《སྣར་》,དང།
,,3374,10,《པེ་》《སྣར་》,pགྱིས།
,1452,3375,1,《པེ་》《སྣར་》,pལ།
,,3376,2,《པེ་》《སྣར་》,mམ།
,,3377,3,《པེ་》《སྣར་》,mཏེ།
,,3378,4,《པེ་》《སྣར་》,བའི།
,,3379,5,《པེ་》《སྣར་》,བའི།
,,3380,6,《པེ་》《སྣར་》,mནི།
,,3381,7,《པེ་》《སྣར་》,རྟོག
,,3382,8,《པེ་》《སྣར་》,pཔ།
,1453,3383,1,《པེ་》《སྣར་》,mཔ།
,,3384,2,《པེ་》《སྣར་》,mལ་རང་བཞིན་མེད་པ།
,,3385,3,《པེ་》《སྣར་》,ན།
,,3386,4,《པེ་》《སྣར་》,དེ།
,,3387,5,《པེ་》《སྣར་》,pམ།
,,3388,6,《པེ་》《སྣར་》,པོས་ནི་འགགས།
,,3389,7,《པེ་》《སྣར་》,ཀྱི།
,1454,3390,1,《པེ་》《སྣར་》,བ།
,,3391,2,《པེ་》《སྣར་》,འགགས།
,,3392,3,《པེ་》《སྣར་》,རྣམས།
,,3393,4,《པེ་》《སྣར་》,ལ།
,,3394,5,《པེ་》《སྣར་》,ཀྱི།
,1455,3395,1,《པེ་》《སྣར་》,mནི།
,,3396,2,《པེ་》《སྣར་》,ན།
,,3397,3,《སྣར་》,ཀྱིས།
,,3398,4,《པེ་》《སྣར་》,ཡོད་དོ་ཞེ་ན།
,,3399,5,《པེ་》《སྣར་》,mཚེ།
,,3400,6,《པེ་》《སྣར་》,པ།
,,3401,7,《པེ་》《སྣར་》,ག
,,3402,8,《པེ་》《སྣར་》,ག
,,3403,9,《པེ་》《སྣར་》,སྨྲས་པ།
,,3404,10,《པེ་》《སྣར་》,བ།
,,3405,11,《པེ་》《སྣར་》,མར།
,,3406,12,《པེ་》《སྣར་》,ག
,,3407,13,《པེ་》《སྣར་》,mརོ།།
,1456,3408,1,《པེ་》《སྣར་》,བ།
,,3409,2,《པེ་》《སྣར་》,ས།
,,3410,3,《པེ་》《སྣར་》,ས།
,,3411,4,《པེ་》《སྣར་》,བྱུང།
,,3412,5,《པེ་》《སྣར་》,དེའི་ཕྱིར་ཡོད་པ་མི་སྐྱེ་ཡི།
,,3413,6,《པེ་》,ཡང་འདི།,《སྣར་》
,,3414,7,《པེ་》《སྣར་》,གཉིས།
,1457,3415,1,《པེ་》《སྣར་》,དེའི།
,,3416,2,《པེ་》《སྣར་》,ཞོ།
,,3417,3,《པེ་》《སྣར་》,mལ།
,,3418,4,《པེ་》《སྣར་》,mདེ།
,1458,3419,1,《པེ་》《སྣར་》,ལ།
,,3420,2,《པེ་》《སྣར་》,pལ།
,,3421,3,《པེ་》《སྣར་》,ལ།
,,3422,4,《པེ་》《སྣར་》,mལ།
,,3423,5,《པེ་》《སྣར་》,mནི།
,,3424,6,《པེ་》《སྣར་》,དོ།
,,3425,7,《པེ་》《སྣར་》,ལ།
,,3426,8,《པེ་》《སྣར་》,ཏུ།
,1459,3427,1,《པེ་》,གོས་པོ།,《སྣར་》
,,3428,2,《པེ་》《སྣར་》,བོ།
,,3429,3,《པེ་》《སྣར་》,ལྟར།
,,3430,4,《པེ་》《སྣར་》,ནི།
,,3431,5,《པེ་》《སྣར་》,སྐྱེ་བ།
,,3432,6,《པེ་》《སྣར་》,གསར།
,,3433,7,《པེ་》《སྣར་》,pགང།
,1460,3434,1,《པེ་》《སྣར་》,པ།
,,3435,2,《པེ་》《སྣར་》,ཇི།
,,3436,3,《སྣར་》,ལ་གསོགས།
,,3437,4,《པེ་》《སྣར་》,དེ།
,,3438,5,《པེ་》《སྣར་》,འབྱུང།
,,3439,6,《པེ་》《སྣར་》,ཏེ།
,,3440,7,《པེ་》《སྣར་》,བ།
,,3441,8,《པེ་》《སྣར་》,mལ།
,,3442,9,《པེ་》《སྣར་》,mན།
,,3443,10,《པེ་》《སྣར་》,mཀྱང།
,1461,3444,1,《པེ་》《སྣར་》,པོ།
,,3445,2,《པེ་》《སྣར་》,pཔ།
,,3446,3,《པེ་》《སྣར་》,པ།
,,3447,4,《པེ་》《སྣར་》,pདུ།
,,3448,5,《ཅོ་》,pལ།
,1462,3449,1,《སྣར་》,mན།
,,3450,2,《པེ་》《སྣར་》,སྤྱོད།
,,3451,3,《པེ་》《སྣར་》,pདེ།
,,3452,4,《པེ་》《སྣར་》,པ།
,,3453,5,《པེ་》《སྣར་》,mམི།
,,3454,6,《པེ་》《སྣར་》,འདིར།
,,3455,7,《པེ་》《སྣར་》,mབར་འགྱུར།
,,3456,8,《པེ་》《སྣར་》,པས།
,1463,3457,1,《པེ་》《སྣར་》,mནི།
,,3458,2,《པེ་》《སྣར་》,ཏེ།
,,3459,3,《པེ་》《སྣར་》,mརོ།
,,3460,4,《སྣར་》,པ།
,,3461,5,《པེ་》《སྣར་》,གཅིག
,,3462,6,《པེ་》《སྣར་》,pཡང་ཐམས་ཅད་འབྱུང་བར་འགྱུར་རོ། །
,,3463,7,《པེ་》《སྣར་》,mཔ།
,1464,3464,1,《པེ་》《སྣར་》,ན།
,,3465,2,《པེ་》《སྣར་》,mམི་རྟག་པའི་ཕྱིར།
,,3466,3,《པེ་》《སྣར་》,mམཚན་ཉིད།
,,3467,4,《པེ་》《སྣར་》,བོ།
,,3468,5,《པེ་》《སྣར་》,བླངས་པར།
,,3469,6,《པེ་》《སྣར་》,འདིར།
,1465,3470,1,《པེ་》《སྣར་》,mདངོས་པོ།
,,3471,2,《པེ་》《སྣར་》,mདངོས་པོ་དངོས་ལས་མི་སྐྱེའོ། །
,,3472,3,《པེ་》《སྣར་》,mའགའ་ཡང།
,,3473,4,《པེ་》《སྣར་》,mདང།
,,3474,5,《པེ་》《སྣར་》,mདགོས་པ།
,,3475,6,《པེ་》《སྣར་》,བ།
,1466,3476,1,《སྣར་》,mལ།
,,3477,2,《པེ་》《སྣར་》,པོ།
,,3478,3,《པེ་》《སྣར་》,mཡང།
,,3479,4,《པེ་》《སྣར་》,པོ།
,,3480,5,《པེ་》《སྣར་》,དེ།
,,3481,6,《པེ་》《སྣར་》,པ།
,,3482,7,《སྣར་》,ཀྱི།
,1467,3483,1,《པེ་》《སྣར་》,སྐྱེས།
,,3484,2,《པེ་》《སྣར་》,mདུ།
,,3485,3,《པེ་》《སྣར་》,གྱུར་པ།
,,3486,4,《པེ་》《སྣར་》,mཔ།
,,3487,5,《པེ་》《སྣར་》,བ།
,1468,3488,1,《པེ་》《སྣར་》,pལ།
,1469,3489,1,《པེ་》《སྣར་》,pཕྱེད།
,,3490,2,《པེ་》《སྣར་》,mཞིག
,,3491,3,《པེ་》《སྣར་》,དཔག
,,3492,4,《པེ་》,pགི།
,,3493,5,《པེ་》《སྣར་》,པ།
,1470,3494,1,《པེ་》《སྣར་》,སྐྱེ།
,,3495,2,《སྣར་》,བ།
,,3496,3,《པེ་》《སྣར་》,ལྟར།
,,3497,4,《པེ་》《སྣར་》,pཔ།
,,3498,5,《སྣར་》,མིན།
,1471,3499,1,《པེ་》《སྣར་》,mནི།
,,3500,2,《པེ་》《སྣར་》,mཡང།
,,3501,3,《པེ་》《སྣར་》,mམི།
,,3502,4,《པེ་》《སྣར་》,mབསྟན་པའི་ཕྱིར།
,,3503,5,《པེ་》《སྣར་》,mདེ།
,,3504,6,《པེ་》《སྣར་》,བོ།
,,3505,7,《པེ་》《སྣར་》,pཔ་ཡིན།
,,3506,8,《པེ་》《སྣར་》,mདེ།
,1472,3507,1,《པེ་》《སྣར་》,རྒྱུ།
,,3508,2,《པེ་》《སྣར་》,དེའི།
,,3509,3,《པེ་》《སྣར་》,མར།
,,3510,4,《པེ་》《སྣར་》,མ།
,,3511,5,《པེ་》《སྣར་》,སྲེད།
,,3512,6,《པེ་》《སྣར་》,mགྱི།
,,3513,7,《པེ་》《སྣར་》,pལ།
,,3514,8,《སྣར་》,mགཞན།
,1473,3515,1,《པེ་》《སྣར་》,རྟོགས།
,,3516,2,《པེ་》《སྣར་》,པ།
,,3517,3,《པེ་》《སྣར་》,ལྟར།
,,3518,4,《པེ་》《སྣར་》,ལྟར།
,,3519,5,《པེ་》《སྣར་》,mམྱུར་དུ།
,,3520,6,《པེ་》《སྣར་》,དེའི།
,,3521,7,《པེ་》《སྣར་》,mལ།
,1474,3522,1,《པེ་》《སྣར་》,mཇི་ལྟར།
,,3523,2,《པེ་》《སྣར་》,pརྣམས།
,,3524,3,《པེ་》《སྣར་》,བགྱི།
,,3525,4,《པེ་》《སྣར་》,པ།
,,3526,5,《པེ་》《སྣར་》,ལྷུང།
,,3527,6,《པེ་》《སྣར་》,གྱི།
,1475,3528,1,《པེ་》《སྣར་》,pབ།
,,3529,2,《པེ་》《སྣར་》,ཀྱི།
,,3530,3,《པེ་》《སྣར་》,སྒོམ།
,,3531,4,《པེ་》《སྣར་》,བདག
,1476,3532,1,《པེ་》《སྣར་》,mགི།
,,3533,2,《པེ་》《སྣར་》,mམ་ཡིན་པ་ཉིད་དུ་འགྲུབ་པ།
,,3534,3,《པེ་》《སྣར་》,པའི།
,,3535,4,《པེ་》《སྣར་》,ཚིགས།
,,3536,5,《པེ་》《སྣར་》,བོ།
,1477,3537,1,《པེ་》《སྣར་》,mཚེ།
,,3538,2,《སྣར་》,འདི།
,,3539,3,《པེ་》《སྣར་》,mཡང།
,,3540,4,《པེ་》《སྣར་》,ལྟན།
,,3541,5,《པེ་》《སྣར་》,པོའི།
,,3542,6,《སྣར་》,ཀྱིས།
,,3543,7,《པེ་》,ཀྱི།,《སྣར་》
,,3544,8,《པེ་》《སྣར་》,mནོ།
,,3545,9,《པེ་》《སྣར་》,mའདི།
,1478,3546,1,《པེ་》《སྣར་》,མ་འགགས།
,,3547,2,《པེ་》,རྩམ་གྱིས།,《སྣར་》
,,3548,3,《པེ་》《སྣར་》,བསལ་བ་རྩམ།
,,3549,4,《སྣར་》,mཡངས།
,,3550,5,《པེ་》,ཞིག,《སྣར་》
,,3551,6,《པེ་》《སྣར་》,མ།
,1479,3552,1,《སྣར་》,འགལ།
,,3553,2,《པེ་》《སྣར་》,འཇིག
,,3554,3,《པེ་》《སྣར་》,བརྟག
,,3555,4,《པེ་》《སྣར་》,ཀྱི།
,,3556,5,《པེ་》《སྣར་》,ཕྱོགས།
,,3557,6,《སྣར་》,mམེད་པ།
,,3558,7,《པེ་》《སྣར་》,mགི།
,1480,3559,1,《པེ་》《སྣར་》,ཀྱིས།
,,3560,2,《པེ་》《སྣར་》,pམེད།
,,3561,3,《པེ་》《སྣར་》,pསྨྲས་པ་ཉིད།
,,3562,4,《སྣར་》,pསྟོང་པར།
,,3563,5,《པེ་》《སྣར་》,པའི།
,1481,3564,1,《པེ་》《སྣར་》,ཉིད།
,1482,3565,1,《པེ་》《སྣར་》,pཔ།
,,3566,2,《པེ་》《སྣར་》,mཕྱོགས།
,,3567,3,《པེ་》《སྣར་》,ཟིན།
,,3568,4,《པེ་》《སྣར་》,mན།
,,3569,5,《པེ་》《སྣར་》,མེད།
,1483,3570,1,《པེ་》《སྣར་》,ག
,,3571,2,《སྣར་》,གཟུང།
,,3572,3,《པེ་》《སྣར་》,ལ།
,,3573,4,《པེ་》《སྣར་》,པར།
,,3574,5,《པེ་》《སྣར་》,mམེད་པ།
,,3575,6,《པེ་》《སྣར་》,mངོ་བོ།
,,3576,7,《སྣར་》,འདི།
,1484,3577,1,《པེ་》《སྣར་》,སྤྱད།
,,3578,2,《པེ་》《སྣར་》,བརྒལ།
,,3579,3,《པེ་》《སྣར་》,mཡོད་པ་མ་ཡིན་པས།
,,3580,4,《སྣར་》,ནི།
,,3581,5,《པེ་》《སྣར་》,mཅི་སྟེ་ཁས་ལེན་པར་མི་བྱེད་དེ། རིགས་པ་དང་ལྡན་པའི་ཕྱིར་རྒོལ་བ་དག་གིས།
,,3582,6,《པེ་》,mགིས།,《སྣར་》
,,3583,7,《པེ་》《སྣར་》,mདུ།
,,3584,8,《པེ་》《སྣར་》,pགལ་ཏེ།
,1485,3585,1,《པེ་》《སྣར་》,མཐའ།
,,3586,2,《པེ་》,pཔོ།,《སྣར་》
,,3587,3,《པེ་》《སྣར་》,mདུ།
,,3588,4,《པེ་》《སྣར་》,གྱིས་ངོ་བོ།
,,3589,5,《པེ་》《སྣར་》,mལ།
,,3590,6,《པེ་》《སྣར་》,mདེ།
,,3591,7,《པེ་》《སྣར་》,mཐ་དད་ཀྱང།
,,3592,8,《ཅོ་》,pབ།
,,3593,9,《པེ་》《སྣར་》,དོ།
,1486,3594,1,《པེ་》《སྣར་》,གིས།
,,3595,2,《པེ་》《སྣར་》,རྟོག
,,3596,3,《པེ་》《སྣར་》,mཡང།
,,3597,4,《ཅོ་》,ཚིག
,,3598,5,《པེ་》《སྣར་》,པ།
,1487,3599,1,《པེ་》《སྣར་》,ཏེ།
,,3600,2,《སྣར་》,གཟུངས་ནུས་ཀྱིས།
,,3601,3,《པེ་》《སྣར་》,བརྡར།
,,3602,4,《པེ་》《སྣར་》,བ།
,,3603,5,《པེ་》《སྣར་》,ཀྱི།
,,3604,6,《པེ་》《སྣར་》,བཅོས།
,,3605,7,《པེ་》《སྣར་》,mལུགས།
,,3606,8,《པེ་》《སྣར་》,mརྣམས།
,1488,3607,1,《པེ་》《སྣར་》,mའདི།
,,3608,2,《པེ་》《སྣར་》,དེ།
,,3609,3,《པེ་》《སྣར་》,བོ།
,,3610,4,《པེ་》,mཔ།
,,3611,5,《པེ་》《སྣར་》,mམི།
,,3612,6,《པེ་》《སྣར་》,བརྗོད།
,,3613,7,《པེ་》《སྣར་》,pཞེས་བརྗོད་དོ།
,,3614,8,《པེ་》《སྣར་》,pབ།
,,3615,9,《པེ་》《སྣར་》,པས།
,,3616,10,《པེ་》《སྣར་》,རིག
,1489,3617,1,《པེ་》《སྣར་》,pཉིད།
,,3618,2,《པེ་》《སྣར་》,བར།
,,3619,3,《སྣར་》,mམི།
,,3620,4,《པེ་》《སྣར་》,mདང།
,,3621,5,《པེ་》《སྣར་》,བསྒྲུབས།
,,3622,6,《པེ་》《སྣར་》,pམེད་པ།
,,3623,7,《པེ་》《སྣར་》,ག
,,3624,8,《པེ་》,mནི།
,1490,3625,1,《སྣར་》,རྟོགས།
,,3626,2,《པེ་》《སྣར་》,བན།
,,3627,3,《པེ་》《སྣར་》,བསླུ།
,,3628,4,《པེ་》《སྣར་》,mདེ་ལྟ་ན།
,,3629,5,《སྣར་》,mབ།
,,3630,6,《པེ་》《སྣར་》,པས།
,1491,3631,1,《པེ་》《སྣར་》,mནི།
,,3632,2,《པེ་》《སྣར་》,དེ།
,,3633,3,《པེ་》《སྣར་》,ནས་ཤེས།
,,3634,4,《པེ་》《སྣར་》,དུ།
,1492,3635,1,《པེ་》《སྣར་》,ཞིང།
,,3636,2,《པེ་》《སྣར་》,mམི།
,,3637,3,《པེ་》《སྣར་》,pགཞི།
,1493,3638,1,《པེ་》《སྣར་》,བཅད།
,,3639,2,《པེ་》《སྣར་》,བ།
,,3640,3,《པེ་》《སྣར་》,mཏུ།
,,3641,4,《སྣར་》,དེས།
,,3642,5,《པེ་》《སྣར་》,ཞེས།
,,3643,6,《སྣར་》,དང།
,,3644,7,《པེ་》《སྣར་》,མི།
,1494,3645,1,《པེ་》《སྣར་》,pརྣམ་པར།
,,3646,2,《པེ་》《སྣར་》,pནི།
,,3647,3,《པེ་》《སྣར་》,གཅིག
,,3648,4,《པེ་》《སྣར་》,mཅིག
,,3649,5,《པེ་》《སྣར་》,ཅེས།
,,3650,6,《པེ་》《སྣར་》,ལ།
,,3651,7,《པེ་》《སྣར་》,པ།
,,3652,8,《པེ་》《སྣར་》,mན།
,,3653,9,《པེ་》《སྣར་》,pགང་ལ་ཡོད་པ་དང་མེད་པ་དང་གཉི་གའི་ཕྱོགས་སྤངས་པས།
,1495,3654,1,《པེ་》《སྣར་》,mདེ་ལྟར།
,,3655,2,《པེ་》《སྣར་》,བའི།
,,3656,3,《པེ་》《སྣར་》,ལྕགས་ཀྱིས།
,,3657,4,《པེ་》《སྣར་》,གྱུར་པའི།
,,3658,5,《པེ་》《སྣར་》,ཀྱི།
,,3659,6,《པེ་》,ལྟ།
,,3660,7,《པེ་》《སྣར་》,བཀབ།
,,3661,8,《པེ་》《སྣར་》,ཀྱི།
,,3662,9,《པེ་》《སྣར་》,སྒོམ།
,1496,3663,1,《པེ་》《སྣར་》,མའི།
,,3664,2,《པེ་》《སྣར་》,pརྫོགས་སོ།
