གྲངས་ངེས་,གོ་,རིམས་ཟློས་སྤོང་དང༌་,45,ཤེར་ཕྱིན། ཐ།.txt
གཉིས་ཡོངས་སུ་སྦྱང་བའི་ཕྱིར་,གོ་,གྱོན་ཏེཕྱི་མའི་མུའི་,1130,ཤེར་ཕྱིན། ཇ།.txt
གཞན་,གོ་,ཅི་ཞིག་མཆིས་ལགས་,2886,བསྟོད་ཚོགས། ཀ.txt
སྲུང་བའི་,གོ་,ཆ་གཞན་དག་འདིར་,4536,ཤེར་ཕྱིན། ཇ།.txt
ཞེས་མི་བྱ་ནདེ་ལྟ་ན་,གོ་,ཇི་ལྟར་བཅོམ་ལྡན་,3203,ཤེར་ཕྱིན། མ།.txt
མ་ཡིན་པར་འདུ་ཤེས་པ་,གོ་,དེ་དག་ལ་ངེས་,3070,ཤེར་ཕྱིན། མ།.txt
པ་ཞུགས་ནས་དེ་འཕེལ་ན་,གོ་,དེའི་བསམ་པ་ཡང་,1113,ཤེར་ཕྱིན། མ།.txt
ངོ་བོ་ནི་གང་དེ་ལ་,གོ་,བགོས་པ་ནི་ཉན་,2661,ཤེར་ཕྱིན། ཁ།.txt
གལ་ཏེ་དེ་ལྟ་ན་,གོ་,བཅོམ་ལྡན་འདས་ཀྱིས་,3105,ཤེར་ཕྱིན། མ།.txt
ལས་རིང་བ་ཡིན་ལའདི་ལས་,གོ་,བཟློག་པ་གཟུགས་ལ་,3568,ཤེར་ཕྱིན། ཇ།.txt
ཞེ་ནགལ་ཏེ་དེ་ལྟ་ན་,གོ་,བརྫུན་པ་དེ་དག་,2920,ཤེར་ཕྱིན། མ།.txt
པ་མཇུག་བསྡུ་བ་ནི་དོན་,གོ་,བས་མ་བྲིས་སོ་,2345,ཤེར་ཕྱིན། ཆ།.txt
དེ་ལྟ་ན་,གོ་,བསམ་གཏན་བཞི་པའོ་,497,ཤེར་ཕྱིན། ཕ།.txt
དང་ཡིད་ཀྱི་ལས་རྣམས་ཀྱི་,གོ་,མི་དབྱེའོ་ཞེས་གསུངས་,1485,ཤེར་ཕྱིན། ཕ།.txt
ཞེས་བྱ་བར་སེམས་བསྐྱེད་པའི་,གོ་,མི་འབྱེད་ཀྱིདེ་འདི་,3552,ཤེར་ཕྱིན། ག.txt
རྣམ་པར་སྤྲོས་པས་,གོ་,ཞིང་ཚིག་ལྷུར་ལེན་,3580,ཤེར་ཕྱིན། ང་།.txt
གནས་པའི་སྲོག་ཆགས་རྣམས་ལ་,གོ་,ཞེས་གདགས་ཏེདེས་ན་,907,ཤེར་ཕྱིན། ཀ.txt
ཡང་གཞན་དག་ན་རེ་,གོ་,ཞེས་བྱ་བ་ནི་,905,ཤེར་ཕྱིན། ཀ.txt
གཉིས་པ་དངོས་པོ་ཡིན་ན་,གོ་,འབྲས་བུ་དེ་ནི་,108,ཤེར་ཕྱིན། མ།.txt
ཡང་ན་ཕྱོགས་རྣམས་,གོ་,ཡིན་པའི་ཕྱིར་ཕྱོགས་,907,ཤེར་ཕྱིན། ཀ.txt
གྲངས་ངེས་མེད་དེ་,གོ་,རིམས་ཀྱང༌་,770,ཤེར་ཕྱིན། ཐ།.txt
སྨྲ་བ་ནི་མགོ་སྨོས་པས་,གོ་,ལཆོས་ཉན་པ་ནི་,3580,ཤེར་ཕྱིན། ང་།.txt
བྱེད་པ་མེད་པར་གྱུར་ན་,གོ་,ཤེས་བྱ་བསམ་གྱིས་,6136,ཤེར་ཕྱིན། ཆ།.txt
དེ་བས་ན་,གོ་,སྐྱོབ་པས་ན,729,ཤེར་ཕྱིན། ཁ།.txt
འདྲ་བར་ཤིན་དུ་མེད་ན་,གོ་,སྣང་བར་ཇི་ལྟར་,2920,ཤེར་ཕྱིན། མ།.txt
ལ་ཞུགས་པའི་གང་ཟག་ནི་,གོ་,སླ་བ་ཉིད་ཀྱིས་,610,ཤེར་ཕྱིན། ཆ།.txt
བློ་ཡིས་རྣམ་པར་གཞིགས་ན་,གོ་,,2936,ཤེར་ཕྱིན། མ།.txt
བདག་གི་ལྕེ་འདི་ཉིད་ཀྱིས་,གོ་,,1813,བསྟོད་ཚོགས། ཀ.txt
གལ་ཏེ་བླ་མར་འཚལ་ན་,གོ་,,2626,བསྟོད་ཚོགས། ཀ.txt
,,,,
དེ་ལ་ལན་,,ཅི་ཞིག་ལོན་,2867,བསྟོད་ཚོགས། ཀ.txt
གི་རྟོག་པ་རང་དབང་ཅན་,,ཅི་སྟེ་མི་འབྱུང༌,342,ཤེར་ཕྱིན། མ།.txt
ནས་ཉེ་བར་བཟུང་སྟེའདི་ལྟར་,,ཆ་གྱོན་ཏེབརྒྱ་ལ་,3507,ཤེར་ཕྱིན། ག.txt
དཔའ་དེ་དག་གི་དོན་དུ་,,ཆ་གྱོན་ཏོ་,2522,ཤེར་ཕྱིན། ཕ།.txt
མེད་པ་རྣམས་ཀྱི་དོན་དུ་,,ཆ་གྱོན་པ་དེ་,862,ཤེར་ཕྱིན། ཅ།.txt
སེམས་ཅན་རྣམས་ཀྱི་དོན་དུ་,,ཆ་གྱོན་པ་དེ་,862,ཤེར་ཕྱིན། ཅ།.txt
ཕྱི་མའི་མཐའའི་མུར་ཐུག་པར་,,ཆ་གྱོན་པའི་ཕྱིར་,1001,ཤེར་ཕྱིན། ཉ།.txt
སོགས་པ་བྱ་དཀའ་ཡང་དེ་,,ཆ་གྱོན་པའི་ཕྱིརགྲགས་,896,ཤེར་ཕྱིན། ཉ།.txt
གདགས་པའི་དོན་དུ་རྟག་ཏུ་,,ཆ་གྱོན་པའི་ཕྱིརསེམས་,1521,ཤེར་ཕྱིན། ཉ།.txt
ཐམས་ཅད་མཁྱེན་པའི་དོན་དུ་,,ཆ་གྱོན་པར་བྱེད་,4528,ཤེར་ཕྱིན། ཆ།.txt
འཇུག་སྟེཅི་ཞིག་བྱའོ་སྙམ་ནས་,,ཆ་གྱོན་པར་བྱེད་,2036,ཤེར་ཕྱིན། ཕ།.txt
མངོན་པར་འདུ་བྱའོ་སྙམ་ནས་,,ཆ་གྱོན་པར་བྱེད་,2036,ཤེར་ཕྱིན། ཕ།.txt
གང་བསྒོམ་པར་བརྩོན་པ་ནི་,,ཆ་གྱོན་བྱེད་དོ་,949,ཤེར་ཕྱིན། ཇ།.txt
ཅན་ཐམས་ཅད་ཀྱི་དོན་དུ་,,ཆ་ཆེན་པོ་གྱོན་,3352,ཤེར་ཕྱིན། ག.txt
ཤེས་པར་བྱེད་པའི་དོན་ཅན་,,ཆ་ཆེན་པོ་ཉིད་,1027,ཤེར་ཕྱིན། ཀ.txt
ཀྱི་ཕ་རོལ་ཏུ་ཕྱིན་པའི་,,ཆ་ཆེན་པོ་ཉིད་,1027,ཤེར་ཕྱིན། ཀ.txt
ཀྱི་ཕ་རོལ་ཏུ་ཕྱིན་པའི་,,ཆ་ཆེན་པོ་ཐོབ་,4533,ཤེར་ཕྱིན། ཆ།.txt
ལྡན་འདས་སེམས་ཅན་དེ་ནི་,,ཆ་ཆེན་པོ་བགོས་,1011,ཤེར་ཕྱིན། ཀ.txt
ཆེན་པོའི་ཚོགས་ནིབཅོམ་ལྡན་འདས་,,ཆ་ཆེན་པོ་བགོས་,1098,ཤེར་ཕྱིན། ཀ.txt
བྱང་ཆུབ་སེམས་དཔའ་ཆེན་པོ་,,ཆ་ཆེན་པོ་བགོས་,1098,ཤེར་ཕྱིན། ཀ.txt
ནས་བརྩམས་ཏེསེམས་ཅན་དེ་ནི་,,ཆ་ཆེན་པོ་བགོས་,1432,ཤེར་ཕྱིན། ཀ.txt
ཆེན་པོ་ཉིད་དང༌ཅིའི་ཕྱིར་,,ཆ་ཆེན་པོ་བགོས་,1432,ཤེར་ཕྱིན། ཀ.txt
ཅན་ཐམས་ཅད་ཀྱི་ཆེད་དུ་,,ཆ་ཆེན་པོ་བགོས་,214,ཤེར་ཕྱིན། མ།.txt
ཀྱི་སྒྲུབ་པ་དང་ལྡན་པ་,,ཆ་ཆེན་པོ་བགོས་,1327,ཤེར་ཕྱིན། ཆ།.txt
ལྡན་པ་,,ཆ་ཆེན་པོ་བགོས་,1327,ཤེར་ཕྱིན། ཆ།.txt
འདི་ཙམ་དང་ལྡན་པས་ཀྱང་,,ཆ་ཆེན་པོ་བགོས་,1367,ཤེར་ཕྱིན། ཆ།.txt
སྔར་བརྗོད་པའི་ཚུལ་དེ་ལྟར་,,ཆ་ཆེན་པོ་བགོས་,1401,ཤེར་ཕྱིན། ཆ།.txt
དོན་འདི་ཡང་,,ཆ་ཆེན་པོ་བགོས་,2047,ཤེར་ཕྱིན། ཆ།.txt
གྱིས་ན་བྱང་ཆུབ་སེམས་དཔའ་,,ཆ་ཆེན་པོ་བགོས་,2048,ཤེར་ཕྱིན། ཆ།.txt
པ་གསོལ་པ་ཡིན་ཏེདེ་ལྟར་,,ཆ་ཆེན་པོ་བགོས་,5821,ཤེར་ཕྱིན། ཆ།.txt
ཡིན་པ་དང༌ཇི་ལྟར་ན་,,ཆ་ཆེན་པོ་བགོས་,1910,ཤེར་ཕྱིན། ཕ།.txt
བརྟན་གང་པོའི་དགོངས་པ་ནི་,,ཆ་ཆེན་པོ་བགོས་,1952,ཤེར་ཕྱིན། ཕ།.txt
བྱ་བ་སྟེདེ་ཉིད་ཀྱི་ཕྱིར་,,ཆ་ཆེན་པོ་བགོས་,1952,ཤེར་ཕྱིན། ཕ།.txt
སེམས་དཔའ་སེམས་དཔའ་ཆེན་པོ་,,ཆ་ཆེན་པོ་བགོས་,1982,ཤེར་ཕྱིན། ཕ།.txt
མཁྱེན་པ་ཉིད་ཀྱི་དོན་དུ་,,ཆ་ཆེན་པོ་བགོས་,2037,ཤེར་ཕྱིན། ཕ།.txt
ཏེདེ་བས་ན་དེའི་དོན་དུ་,,ཆ་ཆེན་པོ་བགོས་,2037,ཤེར་ཕྱིན། ཕ།.txt
གསོལ་པབཅོམ་ལྡན་འདས་དེ་ནི་,,ཆ་ཆེན་པོ་བགོས་,3346,ཤེར་ཕྱིན། ག.txt
སེམས་དཔའ་སེམས་དཔའ་ཆེན་པོས་,,ཆ་ཆེན་པོ་བགོས་,3348,ཤེར་ཕྱིན། ག.txt
སེམས་དཔའ་སེམས་དཔའ་ཆེན་པོ་,,ཆ་ཆེན་པོ་བགོས་,3360,ཤེར་ཕྱིན། ག.txt
ཏུ་ཕྱིན་པ་ལ་སྤྱོད་པའི་,,ཆ་ཆེན་པོ་བགོས་,3366,ཤེར་ཕྱིན། ག.txt
ཅད་ཡོངས་སུ་འཛིན་ཏེདེའི་ཕྱིར་,,ཆ་ཆེན་པོ་བགོས་,3373,ཤེར་ཕྱིན། ག.txt
སེམས་དཔའ་ཆེན་པོ་དེ་ལྟར་,,ཆ་ཆེན་པོ་བགོས་,3404,ཤེར་ཕྱིན། ག.txt
བཅོམ་ལྡན་འདས་,,ཆ་ཆེན་པོ་བགོས་,3476,ཤེར་ཕྱིན། ག.txt
དཔའ་སེམས་དཔའ་ཆེན་པོ་ན་,,ཆ་ཆེན་པོ་བགོས་,3500,ཤེར་ཕྱིན། ག.txt
དཔའ་སེམས་དཔའ་ཆེན་པོ་ནི་,,ཆ་ཆེན་པོ་བགོས་,3505,ཤེར་ཕྱིན། ག.txt
ཆེན་པོས་གང་གི་དོན་དུ་,,ཆ་ཆེན་པོ་བགོས་,3588,ཤེར་ཕྱིན། ག.txt
ཆེན་པོ་གང་གི་དོན་དུ་,,ཆ་ཆེན་པོ་བགོས་,3590,ཤེར་ཕྱིན། ག.txt
དག་ནི་,,ཆ་ཆེན་པོ་བགོས་,2740,ཤེར་ཕྱིན། ང་།.txt
སེམས་དཔའ་སེམས་དཔའ་ཆེན་པོ་,,ཆ་ཆེན་པོ་བགོས་,4527,ཤེར་ཕྱིན། ང་།.txt
ཉུང་ཟད་ཉི་ཚེའི་དོན་དུ་,,ཆ་ཆེན་པོ་བགོས་,4529,ཤེར་ཕྱིན། ང་།.txt
གང་པོ་སྤོབས་པ་སྐྱེས་པས་,,ཆ་ཆེན་པོ་བགོས་,804,ཤེར་ཕྱིན། ཁ།.txt
པ་དང༌དམིགས་སུ་མེད་པའི་,,ཆ་ཆེན་པོ་བགོས་,814,ཤེར་ཕྱིན། ཁ།.txt
རྗེ་ཆེན་པོའི་ཚོགས་ནི་གང་,,ཆ་ཆེན་པོ་བགོས་,895,ཤེར་ཕྱིན། ཁ།.txt
ཆེ་བ་ཉིད་དང༌ཅིའི་ཕྱིར་,,ཆ་ཆེན་པོ་བགོས་,1221,ཤེར་ཕྱིན། ཁ།.txt
དཔའ་ཆེན་པོ་དེ་དག་ནི་,,ཆ་ཆེན་པོ་བགོས་,2976,ཤེར་ཕྱིན། ཁ།.txt
དེའི་ཕྱིར་ཞི་གནས་ཀྱི་ཚོགས་,,ཆ་ཆེན་པོ་བགོས་,361,ཤེར་ཕྱིན། ཉ།.txt
བསམ་པ་ཅན་ཡིན་པའི་ཕྱིར་,,ཆ་ཆེན་པོ་བགོས་,361,ཤེར་ཕྱིན། ཉ།.txt
དེ་ལྟར་,,ཆ་ཆེན་པོ་བརྟན་,2048,ཤེར་ཕྱིན། ཕ།.txt
པ་དང༌བཅོམ་ལྡན་འདས་ཀྱིས་,,ཆ་ཆེན་པོ་རྣམ་,2026,ཤེར་ཕྱིན། ཕ།.txt
ལ་སྤྱོད་པའི་ཐབས་མཁས་པའི་,,ཆ་ཆེན་པོ་སྟེཚེ་,3403,ཤེར་ཕྱིན། ག.txt
ཐ་མརགོ་ཆ་ཆེན་པོ་ཡང་,,ཆ་ཆེན་པོས་སྟོང་,2035,ཤེར་ཕྱིན། ཕ།.txt
གོ་ཆ་ཆེན་པོ་ཡང་,,ཆ་ཆེན་པོས་སྟོང་,3586,ཤེར་ཕྱིན། ག.txt
མི་དམིགས་པ་ལ་སོགས་པའི་,,ཆ་ཉིད་ཀྱི་ཞེས་,4205,ཤེར་ཕྱིན། ཇ།.txt
པ་རྣམས་ལེགས་པར་སྤྱོད་པའི་,,ཆ་ཉིད་ཀྱིས་དེ་,804,ཤེར་ཕྱིན། ཁ།.txt
ལ་སོགས་པ་མི་དམིགས་པའི་,,ཆ་ཉིད་ཀྱིས་བྱེད་,2014,ཤེར་ཕྱིན། ཇ།.txt
པའི་ཕ་རོལ་ཏུ་ཕྱིན་པའི་,,ཆ་ཉིད་དང༌དེ་,1018,ཤེར་ཕྱིན། ཀ.txt
ཀྱི་ཕ་རོལ་ཏུ་ཕྱིན་པའི་,,ཆ་ཉིད་དང༌དེ་,1018,ཤེར་ཕྱིན། ཀ.txt
གྱི་ཕ་རོལ་ཏུ་ཕྱིན་པའི་,,ཆ་ཉིད་དང༌དེ་,1021,ཤེར་ཕྱིན། ཀ.txt
བྱ་བ་ནི་སྔར་བཤད་པའི་,,ཆ་ཐམས་ཅད་ཀུན་,2032,ཤེར་ཕྱིན། ཕ།.txt
དེ་ནི་རྣམ་བཞི་,,ཆ་དང༌་,79,ཤེར་ཕྱིན། ཐ།.txt
དཔའ་དང༌ཐེག་པ་ཆེན་པོའི་,,ཆ་དང༌གཟུགས་ལ་,912,ཤེར་ཕྱིན། ཁ།.txt
བརྩོན་འགྲུས་ཀྱང་,,ཆ་དང་དགེ་བ་,4117,ཤེར་ཕྱིན། ཆ།.txt
ཀྱི་ཕ་རོལ་ཏུ་ཕྱིན་པའི་,,ཆ་དང༌བཟོད་པའི་,3477,ཤེར་ཕྱིན། ག.txt
ཕ་རོལ་ཏུ་ཕྱིན་པའི་,,ཆ་དང༌བརྩོན་འགྲུས་,3477,ཤེར་ཕྱིན། ག.txt
ཀྱི་ཕ་རོལ་ཏུ་ཕྱིན་པའི་,,ཆ་དང༌བསམ་གཏན་,3477,ཤེར་ཕྱིན། ག.txt
པའི་ཕ་རོལ་ཏུ་ཕྱིན་པའི་,,ཆ་དང༌ཚུལ་ཁྲིམས་,3477,ཤེར་ཕྱིན། ག.txt
གསུམ་ནི་རིམ་པ་བཞིན་དུ་,,ཆ་དང༌འཇུག་པ་,1111,ཤེར་ཕྱིན། ཀ.txt
རང་བཞིན་སྒྲུབ་པའི་མཚན་ཉིད་,,ཆ་དང་འཇུག་པ་,1264,ཤེར་ཕྱིན། ཆ།.txt
ལ་སོགས་པ་ཚིག་བཞི་ནི་,,ཆ་དང་འཇུག་པ་,6765,ཤེར་ཕྱིན། ཆ།.txt
ཉིད་ཀྱི་སྒྲུབ་པའི་མཚན་ཉིད་,,ཆ་དང་འཇུག་པ་,2010,ཤེར་ཕྱིན། ཇ།.txt
དེ་ལ་,,ཆ་དང༌འཇུག་པ་,915,ཤེར་ཕྱིན། ཁ།.txt
མངོན་པར་འདུ་བྱས་པ་ནི་,,ཆ་དང༌འཇུག་པ་,2975,ཤེར་ཕྱིན། ཁ།.txt
ལ་འཕགས་པ་ཐོགས་མེད་ཀྱིས་,,ཆ་དང་འཇུག་པའི་,1259,ཤེར་ཕྱིན། ཆ།.txt
འདི་སྐད་དུ་གང་གི་ཕྱིར་,,ཆ་དང་འཇུག་པའི་,1314,ཤེར་ཕྱིན། ཆ།.txt
གྱི་ཕ་རོལ་ཏུ་ཕྱིན་པའི་,,ཆ་དང༌ཤེས་རབ་,3477,ཤེར་ཕྱིན། ག.txt
ཞེ་ནསེམས་ཅན་དབེན་པའི་ཕྱིར་,,ཆ་དབེན་པར་བལྟའོ་,863,ཤེར་ཕྱིན། ཅ།.txt
བརྟགས་པ་ཡིན་པའི་ཕྱིར་,,ཆ་དེ་དག་ཀྱང་,2032,ཤེར་ཕྱིན། ཕ།.txt
ལས་བྱུང་བ་ཡིན་ཏེདེའི་ཕྱིར་,,ཆ་དེ་ནི་གཟུགས་,4024,ཤེར་ཕྱིན། ཕ།.txt
སེམས་དཔའ་སེམས་དཔའ་ཆེན་པོའི་,,ཆ་དེ་ནི་གཟུགས་,4520,ཤེར་ཕྱིན། ང་།.txt
འབྱོར་དེའི་ཕྱིར་,,ཆ་དེ་ནི་གཟུགས་,4520,ཤེར་ཕྱིན། ང་།.txt
སེམས་དཔའ་སེམས་དཔའ་ཆེན་པོའི་,,ཆ་དེ་ནི་ཕུང་,4522,ཤེར་ཕྱིན། ང་།.txt
རབ་འབྱོར་དེ་བཞིན་དུ་,,ཆ་དེ་ནི་བདག་,4523,ཤེར་ཕྱིན། ང་།.txt
སེམས་དཔའ་སེམས་དཔའ་ཆེན་པོའི་,,ཆ་དེ་ནི་ཚོར་,4521,ཤེར་ཕྱིན། ང་།.txt
འབྱོར་དེའི་ཕྱིར་,,ཆ་དེ་ནི་རྟེན་,4522,ཤེར་ཕྱིན། ང་།.txt
འབྱོར་དེའི་ཕྱིར་,,ཆ་དེ་ནི་རྣམ་,4521,ཤེར་ཕྱིན། ང་།.txt
པ་ནས་རྒྱས་པར་རབ་འབྱོར་,,ཆ་དེ་ནི་རྣམ་,4523,ཤེར་ཕྱིན། ང་།.txt
སེམས་དཔའ་སེམས་དཔའ་ཆེན་པོའི་,,ཆ་དེ་ནི་རྣམ་,4523,ཤེར་ཕྱིན། ང་།.txt
སེམས་དཔའ་སེམས་དཔའ་ཆེན་པོ་,,ཆ་དེ་ཡང་བགོས་,862,ཤེར་ཕྱིན། ཅ།.txt
དག་གི་,,ཆ་ནི་ཆོས་ཐམས་,4524,ཤེར་ཕྱིན། ང་།.txt
དགོངས་ཤེ་ནའཇིག་རྟེན་འདི་ན་,,ཆ་ནི་རྣམ་པ་,2036,ཤེར་ཕྱིན། ཕ།.txt
དེ་ལ་,,ཆ་ནི་རྣམ་པ་,356,ཤེར་ཕྱིན། ཉ།.txt
པའི་ཕ་རོལ་ཏུ་ཕྱིན་པའི་,,ཆ་ནིགཏོང་བ་ཆེ་,356,ཤེར་ཕྱིན། ཉ།.txt
ཀྱི་ཕ་རོལ་ཏུ་ཕྱིན་པའི་,,ཆ་ནིབློ་ཆེ་ཞེས་,357,ཤེར་ཕྱིན། ཉ།.txt
ལ་སོགས་པ་རྣམ་པ་བཞིའི་,,ཆ་ནིམཐུ་ཆེ་ཞེས་,358,ཤེར་ཕྱིན། ཉ།.txt
གཏོང་བར་འགྱུར་བས་གཞི་ནས་,,ཆ་བགོ་དགོས་སོ་,1347,ཤེར་ཕྱིན། ཇ།.txt
གཞི་ནས་,,ཆ་བགོ་དགོས་སོ་,1252,ཤེར་ཕྱིན། ཉ།.txt
བསྐལ་པར་དམྱལ་བར་གནས་པར་,,ཆ་བགོ་བར་ཁས་,3214,ཤེར་ཕྱིན། ཀ.txt
དུས་སུ་དམྱལ་བར་གནས་པར་,,ཆ་བགོ་བར་ཁས་,3259,ཤེར་ཕྱིན། ཁ།.txt
འཁོར་བ་དཔག་ཏུ་མེད་པར་,,ཆ་བགོ་བར་བྱའོ་,962,ཤེར་ཕྱིན། ཀ.txt
སེམས་ཅན་རྣམས་ཀྱི་ཕྱིར་,,ཆ་བགོ་བར་བྱའོ་,7626,ཤེར་ཕྱིན། ཆ།.txt
པ་དེ་སྲིད་དུ་བསྐལ་པར་,,ཆ་བགོ་བར་བྱའོ་,677,ཤེར་ཕྱིན། ཅ།.txt
བར་བསྐལ་བ་དེ་སྙེད་དུ་,,ཆ་བགོ་བར་བྱའོ་,678,ཤེར་ཕྱིན། ཅ།.txt
དང་པོར་འདི་ལྟར་བྱའོ་ཞེས་,,ཆ་བགོ་བར་བྱེད་,2199,ཤེར་ཕྱིན། ཕ།.txt
བསྐལ་པ་དེ་སྙེད་ཁོ་ནར་,,ཆ་བགོ་འཚལབཅོམ་ལྡན་,678,ཤེར་ཕྱིན། ཅ།.txt
མེད་པའི་འཁོར་བར་བདག་གིས་,,ཆ་བགོའི་ཞེས་བྱ་,775,ཤེར་ཕྱིན། ཁ།.txt
གི་མཚན་ཉིད་ཀྱིས་སྟོང་པའི་,,ཆ་བགོས་ཏེརྣམ་པ་,5122,ཤེར་ཕྱིན། ང་།.txt
ཅན་ཐམས་ཅད་ཀྱི་དོན་དུ་,,ཆ་བགོས་ནས་བདོག་,3274,ཤེར་ཕྱིན། ག.txt
སྐུའི་,,ཆ་བགོས་ནསསྟོང་གསུམ་,3477,ཤེར་ཕྱིན། ག.txt
ཀྱི་རྣམ་གྲངས་ཀྱིས་མེད་པའི་,,ཆ་བགོས་པ་ཉིད་,1110,ཤེར་ཕྱིན། ཀ.txt
ངན་འདའ་བའོ་ཞེས་དཀའ་བའི་,,ཆ་བགོས་པ་ཉིད་,5815,ཤེར་ཕྱིན། ཆ།.txt
དེར་གང་མི་དམིགས་པ་སྟེདེར་,,ཆ་བགོས་པ་ཉིད་,4195,ཤེར་ཕྱིན། ཇ།.txt
པའི་ཕ་རོལ་ཏུ་ཕྱིན་པའི་,,ཆ་བགོས་པ་ཉིད་,806,ཤེར་ཕྱིན། ཁ།.txt
ཏུ་ཕྱིན་པ་ལ་སྤྱོད་པའི་,,ཆ་བགོས་པ་ཉིད་,806,ཤེར་ཕྱིན། ཁ།.txt
ཀྱི་ཕ་རོལ་ཏུ་ཕྱིན་པའི་,,ཆ་བགོས་པ་ཉིད་,806,ཤེར་ཕྱིན། ཁ།.txt
གྱི་ཕ་རོལ་ཏུ་ཕྱིན་པའི་,,ཆ་བགོས་པ་ཉིད་,806,ཤེར་ཕྱིན། ཁ།.txt
དེའི་འོག་ཏུ་,,ཆ་བགོས་པ་དང་,2201,ཤེར་ཕྱིན། ཕ།.txt
སེམས་ཅན་རྣམས་ཀྱི་སླད་དུ་,,ཆ་བགོས་པ་དེ་,2739,ཤེར་ཕྱིན། ང་།.txt
བཟླ་བར་བྱའོ་ཞེས་དེ་ལྟར་,,ཆ་བགོས་པ་དེ་,4524,ཤེར་ཕྱིན། ང་།.txt
ངོ་བོ་ཉིད་ནི་དེ་ལྟར་,,ཆ་བགོས་པ་ནི་,2710,ཤེར་ཕྱིན། ཀ.txt
ངན་ལས་འདའ་བར་བྱའོ་ཞེས་,,ཆ་བགོས་པ་ནི་,2660,ཤེར་ཕྱིན། ཁ།.txt
སེམས་ཅན་གྱི་དོན་སྒྲུབ་པར་,,ཆ་བགོས་པ་མ་,1372,ཤེར་ཕྱིན། ཆ།.txt
དེ་ལ་,,ཆ་བགོས་པ་ཡང་,1981,ཤེར་ཕྱིན། ཕ།.txt
ཅད་དུ་གཞན་གྱི་དོན་ལ་,,ཆ་བགོས་པ་ཡིན་,5230,ཤེར་ཕྱིན། ཇ།.txt
ཀྱི་ཕ་རོལ་ཏུ་ཕྱིན་པའི་,,ཆ་བགོས་པ་ཡིན་,806,ཤེར་ཕྱིན། ཁ།.txt
ནའགྲོ་བའི་དོན་བྱ་བའི་ཕྱིར་,,ཆ་བགོས་པ་རྣམས་,5137,ཤེར་ཕྱིན། ཆ།.txt
ཐོབ་པར་བྱ་བའི་དོན་དུ་,,ཆ་བགོས་པའི་ཆེད་,2663,ཤེར་ཕྱིན། ཁ།.txt
ཀྱི་ཕ་རོལ་ཏུ་ཕྱིན་པའི་,,ཆ་བགོས་པའི་ཕྱིར་,814,ཤེར་ཕྱིན། ཁ།.txt
ཉིད་ཀྱི་ངོ་བོ་ཉིད་ཀྱི་,,ཆ་བགོས་པའི་བྱང་,2032,ཤེར་ཕྱིན། ཕ།.txt
སེམས་དཔའ་སེམས་དཔའ་ཆེན་པོས་,,ཆ་བགོས་པའི་སེམས་,862,ཤེར་ཕྱིན། ཅ།.txt
པའི་ཆོས་རྣམས་ཀྱི་སླད་དུ་,,ཆ་བགོས་པའོ་ཞེས་,2740,ཤེར་ཕྱིན། ང་།.txt
གྲོལ་བའི་ཐེག་པ་ཆེན་པོའི་,,ཆ་བགོས་པར་རིག་,3722,ཤེར་ཕྱིན། ག.txt
གདུལ་བར་བྱ་བའི་དོན་དུ་,,ཆ་བགོས་པས་ཉི་,7626,ཤེར་ཕྱིན། ཆ།.txt
དོན་དུ་བྱང་ཆུབ་སེམས་དཔའའི་,,ཆ་བགོས་པས་ནི་,2711,ཤེར་ཕྱིན། ཀ.txt
དཔའ་འགྲོ་བའི་དོན་གྱི་ཕྱིར་,,ཆ་བགོས་པས་མངོན་,5557,ཤེར་ཕྱིན། ཇ།.txt
ཅན་རྣམས་ཀྱི་དོན་གྱི་ཕྱིར་,,ཆ་བགོས་པས་རྟོགས་,7629,ཤེར་ཕྱིན། ཆ།.txt
སུ་མྱ་ངན་ལས་འདའའོ་ཞེས་,,ཆ་བགོས་ལགང་ཡོངས་,857,ཤེར་ཕྱིན། ཅ།.txt
ཀྱི་ཡེ་ཤེས་ཀྱི་དོན་དུ་,,ཆ་བགོས་སོ་ཞེས་,4530,ཤེར་ཕྱིན། ང་།.txt
པ་ཉིད་ཀྱི་,,ཆ་བགོསདངོས་པོ་མེད་,3477,ཤེར་ཕྱིན། ག.txt
སྟོང་པ་ཉིད་ཀྱི་བར་གྱི་,,ཆ་བགོསདྲན་པ་ཉེ་,3477,ཤེར་ཕྱིན། ག.txt
ཀྱི་ཕ་རོལ་ཏུ་ཕྱིན་པའི་,,ཆ་བགོསནང་སྟོང་པ་,3477,ཤེར་ཕྱིན། ག.txt
ཉིད་ཀྱི་,,ཆ་བགོསཕྱི་ནང་སྟོང་,3477,ཤེར་ཕྱིན། ག.txt
ཉིད་ཀྱི་,,ཆ་བགོསཕྱི་སྟོང་པ་,3477,ཤེར་ཕྱིན། ག.txt
ཀྱི་ཡན་ལག་དང༌ལམ་གྱི་,,ཆ་བགོསབསམ་གཏན་དང༌,3477,ཤེར་ཕྱིན། ག.txt
མེད་པའི་སྙོམས་པར་འཇུག་པའི་,,ཆ་བགོསམངོན་པར་ཤེས་,3477,ཤེར་ཕྱིན། ག.txt
བར་གཞག་པའི་,,ཆ་བགོསཡང་དག་པར་,3477,ཤེར་ཕྱིན། ག.txt
མ་འདྲེས་པ་བཅོ་བརྒྱད་ཀྱི་,,ཆ་བགོསརྣམ་པ་ཐམས་,3477,ཤེར་ཕྱིན། ག.txt
ཅད་མཁྱེན་པ་ཉིད་ཀྱི་,,ཆ་བགོསསངས་རྒྱས་ཀྱི་,3477,ཤེར་ཕྱིན། ག.txt
དེ་སེམས་ཅན་གྱི་དོན་དུ་,,ཆ་བཙལ་བ་མ་,4026,ཤེར་ཕྱིན། ཕ།.txt
སུ་མྱ་ངན་ལས་འདས་པའི་,,ཆ་བྱ་དཀའ་བ་,2709,ཤེར་ཕྱིན། ཀ.txt
ཕྱིར་མི་ལྡོག་པ་ཉིད་ཀྱི་,,ཆ་བརྟན་པར་བྱས་,3480,ཤེར་ཕྱིན། ཇ།.txt
ན་དེ་དག་གི་རྗེས་ལ་,,ཆ་བསྟན་ཏོ་,379,ཤེར་ཕྱིན། ཇ།.txt
སྟོང་པ་ཉིད་ཀྱི་སླད་དུ་,,ཆ་མ་མཆིས་པའི་,1110,ཤེར་ཕྱིན། ཀ.txt
བྱང་ཆུབ་སེམས་དཔའ་དེ་ནི་,,ཆ་མ་མཆིས་པའི་,1111,ཤེར་ཕྱིན། ཀ.txt
སེམས་དཔའ་ཆེན་པོ་དེ་ནི་,,ཆ་མ་མཆིས་པའི་,1370,ཤེར་ཕྱིན། ཆ།.txt
དཔའ་སེམས་དཔའ་ཆེན་པོ་ནི་,,ཆ་མ་མཆིས་པའི་,2032,ཤེར་ཕྱིན། ཕ།.txt
སེམས་དཔའ་སེམས་དཔའ་ཆེན་པོ་,,ཆ་མ་མཆིས་པའི་,2035,ཤེར་ཕྱིན། ཕ།.txt
སྟོང་པ་ཉིད་ཀྱི་སླད་དུ་,,ཆ་མ་མཆིས་པའི་,3564,ཤེར་ཕྱིན། ག.txt
སེམས་དཔའ་སེམས་དཔའ་ཆེན་པོས་,,ཆ་མ་མཆིས་པའི་,3586,ཤེར་ཕྱིན། ག.txt
སེམས་དཔའ་སེམས་དཔའ་ཆེན་པོ་,,ཆ་མ་འཚལ་བ་,912,ཤེར་ཕྱིན། ཁ།.txt
སེམས་ཅན་ཡོངས་སུ་བཅད་པས་,,ཆ་མི་གྱོན་གྱིབྱང་,3352,ཤེར་ཕྱིན། ག.txt
སུ་ཟིན་ཀྱང་བློ་གྲོས་ཀྱི་,,ཆ་མི་བརྟན་ཞིང་,1555,ཤེར་ཕྱིན། མ།.txt
ཅན་མྱ་ངན་ལས་འདའ་བའི་,,ཆ་མི་འགལ་བར་,221,ཤེར་ཕྱིན། མ།.txt
ཡིན་ནམཇི་ལྟར་ན་,,ཆ་མེད་པ་ཡིན་,1372,ཤེར་ཕྱིན། ཆ།.txt
དེ་བས་ན་,,ཆ་མེད་པའི,2038,ཤེར་ཕྱིན། ཕ།.txt
པ་ནི་,,ཆ་མེད་པའི,3621,ཤེར་ཕྱིན། ག.txt
གྲངས་སྟོང་པ་ཉིད་ཀྱིས་,,ཆ་མེད་པའི,912,ཤེར་ཕྱིན། ཁ།.txt
གོ་ཆ་ཆེན་པོ་སྟེ་,,ཆ་མེད་པའོ་ཞེས་,1395,ཤེར་ཕྱིན། ཆ།.txt
ནགཡུལ་ངོར་འགྲོ་བའི་སྐྱེས་བུ་,,ཆ་ཚང་བར་གྱོན་,1025,ཤེར་ཕྱིན། ཅ།.txt
བའི་བདག་ཉིད་བསྟན་པའི་ཕྱིར་,,ཆ་ཞེས་བྱ་བ་,374,ཤེར་ཕྱིན། ཉ།.txt
ཀྱི་ཕ་རོལ་ཏུ་ཕྱིན་པའི་,,ཆ་ཞེས་བྱ་སྟེའདི་,1986,ཤེར་ཕྱིན། ཕ།.txt
པའི་ཕ་རོལ་ཏུ་ཕྱིན་པའི་,,ཆ་ཞེས་བྱའོ་,1985,ཤེར་ཕྱིན། ཕ།.txt
སེམས་པའི་བཟོད་པ་སྟེབཟོད་པའི་,,ཆ་ཞེས་བྱའོ་,1987,ཤེར་ཕྱིན། ཕ།.txt
རོལ་ཏུ་ཕྱིན་པ་དྲུག་གི་,,ཆ་ཞེས་བྱའོ་,1992,ཤེར་ཕྱིན། ཕ།.txt
ལ་སྤྱོད་པ་ནི་སྦྱིན་པའི་,,ཆ་ཞེས་བྱའོ་ཞེས་,1994,ཤེར་ཕྱིན། ཕ།.txt
སེམས་ཅན་རྣམས་ཀྱི་དོན་དུ་,,ཆ་འཆལ་བ་དེ་,2741,ཤེར་ཕྱིན། ང་།.txt
བཅོམ་ལྡན་འདས་གང་གིས་,,ཆ་འདི་བགོས་པ་,2739,ཤེར་ཕྱིན། ང་།.txt
ངན་ལས་འདའ་བར་བྱའོ་ཞེས་,,ཆ་འདི་བགོས་པ་,4519,ཤེར་ཕྱིན། ང་།.txt
གསོལ་པབཅོམ་ལྡན་འདས་གང་གིས་,,ཆ་འདི་འཚལ་བའི་,2738,ཤེར་ཕྱིན། ང་།.txt
ངན་ལས་བཟླ་བར་བྱའོ་ཞེས་,,ཆ་འདི་འཚལ་ཡང་,4517,ཤེར་ཕྱིན། ང་།.txt
མྱ་ངན་ལས་འདའ་བའི་ཕྱིར་,,ཆ་འདི་ཡང་མོས་,221,ཤེར་ཕྱིན། མ།.txt
ཆེན་པོས་ཐེག་པ་ཆེན་པོའི་,,ཆ་འདི་ལྟ་སྟེསྦྱིན་,3477,ཤེར་ཕྱིན། ག.txt
དེ་རྣམས་མཚན་མར་བཟུང་སྟེ་,,ཆ་འདིས་བགོས་པ་,4025,ཤེར་ཕྱིན། ཕ།.txt
ཀྱི་ཡེ་ཤེས་ཀྱི་སླད་དུ་,,ཆ་འཚལ་ཏོ་,4527,ཤེར་ཕྱིན། ང་།.txt
ངན་ལས་བཟླ་བར་བྱའོ་ཞེས་,,ཆ་འཚལ་བ་དེས་,4525,ཤེར་ཕྱིན། ང་།.txt
སེམས་ཅན་རྣམས་ཀྱི་དོན་དུ་,,ཆ་འཚལ་བ་མ་,4526,ཤེར་ཕྱིན། ང་།.txt
ཉི་ཚེ་ཞིག་གི་སླད་དུ་,,ཆ་འཚལ་བ་མ་,4527,ཤེར་ཕྱིན། ང་།.txt
བཟླ་བར་བྱའོ་ཞེས་དེ་ལྟར་,,ཆ་འཚལ་བའི་བྱང་,4525,ཤེར་ཕྱིན། ང་།.txt
སྟོང་སྟེདེའི་ཕྱིར་དོན་དམ་པའི་,,ཆ་ཡང་ཀུན་བརྟགས་,2034,ཤེར་ཕྱིན། ཕ།.txt
དཔའ་ཡང་མེདབྱང་ཆུབ་སེམས་དཔའའི་,,ཆ་ཡང་མེད་པསརབ་,4520,ཤེར་ཕྱིན། ང་།.txt
གཉིས་དངཁམས་བཅོ་བརྒྱད་རྣམས་ཀྱི་,,ཆ་ཡིན་ཏེགཉེན་པོར་,950,ཤེར་ཕྱིན། ཇ།.txt
པའི་ཕ་རོལ་ཏུ་ཕྱིན་པའི་,,ཆ་ཡིན་ནོ་,1267,ཤེར་ཕྱིན། ཆ།.txt
མ་ཡིན་གྱིམཚན་མ་མེད་པའི་,,ཆ་ཡིན་ནོ་ཞེས་,4025,ཤེར་ཕྱིན། ཕ།.txt
ཀྱི་ཕ་རོལ་ཏུ་ཕྱིན་པའི་,,ཆ་ཡིན་པ་ཉིད་,1021,ཤེར་ཕྱིན། ཀ.txt
དྲུག་ཚན་དྲུག་ཏུ་འགྱུར་ཡང་,,ཆ་རྣམ་པ་དྲུག་,1026,ཤེར་ཕྱིན། ཀ.txt
དཔའ་དང༌ཐེག་པ་ཆེན་པོའི་,,ཆ་རྣམས་གཟུགས་ལ་,1110,ཤེར་ཕྱིན། ཀ.txt
དྲུག་དྲུག་ཏུ་འགྱུར་མོད་ཀྱི་,,ཆ་རྣམས་སྦྱིན་པ་,813,ཤེར་ཕྱིན། ཁ།.txt
པའི་ཕ་རོལ་ཏུ་ཕྱིན་པའི་,,ཆ་ལ་དྲུག་,807,ཤེར་ཕྱིན། ཁ།.txt
ཉིད་ཀྱིས་བསྒྲུབ་པའི་མཚན་ཉིད་,,ཆ་ལ་སོགས་པ་,4176,ཤེར་ཕྱིན། ཇ།.txt
པར་གྱི་ལམ་གྱི་ངོ་བོ་,,ཆ་ལ་སོགས་པའི་,283,ཤེར་ཕྱིན། ཆ།.txt
བཞིན་གྱི་རིགས་དང་ལྡན་པའི་,,ཆ་ལ་སོགས་པའི་,345,ཤེར་ཕྱིན། ཉ།.txt
ཕྱིན་པ་རྣམས་ལ་སྤྱོད་པའི་,,ཆ་སྒྲུབ་པ་དང་,1011,ཤེར་ཕྱིན། ཀ.txt
བྱེད་པའི་མི་དམིགས་པ་ནི་,,ཆ་སྒྲུབ་པའི་རང་,1027,ཤེར་ཕྱིན། ཀ.txt
རོལ་ཏུ་ཕྱིན་པ་དྲུག་པོའི་,,ཆ་སྟེ་གཉིས་པའོ་,3373,ཤེར་ཕྱིན། ག.txt
རོལ་ཏུ་ཕྱིན་པ་དྲུག་པའི་,,ཆ་སྟེ་གསུམ་པའོ་,3380,ཤེར་ཕྱིན། ག.txt
རོལ་ཏུ་ཕྱིན་པ་དྲུག་པོའི་,,ཆ་སྟེ་དང་པོའོ་,3366,ཤེར་ཕྱིན། ག.txt
རོལ་ཏུ་ཕྱིན་པ་དྲུག་པའི་,,ཆ་སྟེ་དྲུག་པའོ་,3401,ཤེར་ཕྱིན། ག.txt
སྦྱིན་པའི་,,ཆ་སྟེ་དྲུག་ཚན་,1021,ཤེར་ཕྱིན། ཀ.txt
རོལ་ཏུ་ཕྱིན་པ་དྲུག་པོའི་,,ཆ་སྟེ་བཞི་པའོ་,3387,ཤེར་ཕྱིན། ག.txt
རོལ་ཏུ་ཕྱིན་པ་དྲུག་པོའི་,,ཆ་སྟེ་ལྔ་པའོ་,3394,ཤེར་ཕྱིན། ག.txt
ཐམས་ཅད་མཁྱེན་པ་ཉིད་དང་,,ཆའི་ཆེད་དུ་བྱ་,1110,ཤེར་ཕྱིན། ཀ.txt
པ་ནས་ཐེག་པ་ཆེན་པོའི་,,ཆའི་བར་དུ་རྣམ་,912,ཤེར་ཕྱིན། ཁ།.txt
པ་ནས་ཐེག་པ་ཆེན་པོའི་,,ཆའི་བར་རྣམས་ཀྱིས་,1110,ཤེར་ཕྱིན། ཀ.txt
བའི་ཕྱིར་སེམས་དཔའ་སྟེ་སེམས་,,ཆའི་བརྩོན་འགྲུས་ཀྱིས་,1523,ཤེར་ཕྱིན། ཉ།.txt
དེ་ཉིད་ཀྱིས་ན་དང་པོ་,,ཆའི་བསྒྲུབ་པ་གསུངས་,4176,ཤེར་ཕྱིན། ཇ།.txt
ཆུབ་སེམས་དཔའ་ཞེས་བྱ་བའི་,,ཆའི་བསྒྲུབ་པ་ཆེན་,1221,ཤེར་ཕྱིན། ཁ།.txt
དེ་དག་ནི་,,ཆའི་བསྒྲུབ་པ་དང་,807,ཤེར་ཕྱིན། ཁ།.txt
ཆོས་དྲུག་དང་ཆོས་མཐུན་པས་,,ཆའི་བསྒྲུབ་པ་དྲུག་,813,ཤེར་ཕྱིན། ཁ།.txt
པོ་བརྩོན་འགྲུས་ཀྱི་རང་བཞིན་,,ཆའི་བསྒྲུབ་པ་བསྟན་,363,ཤེར་ཕྱིན། ཇ།.txt
པ་ཉིད་ཀྱིས་,,ཆའི་བསྒྲུབ་པ་རང་,814,ཤེར་ཕྱིན། ཁ།.txt
ལ་སོགས་པ་གསུངས་པ་ནི་,,ཆའི་བསྒྲུབ་པ་ལ་,816,ཤེར་ཕྱིན། ཁ།.txt
མན་ངག་གི་བསྟན་བཅོས་ལས་,,ཆའི་བསྒྲུབ་པའི་རྣམ་,817,ཤེར་ཕྱིན། ཁ།.txt
དེ་ལྟར་,,ཆའི་བསྒྲུབ་པས་ཁྱད་,369,ཤེར་ཕྱིན། ཇ།.txt
ཞེས་བྱ་བ་ནི་དྲུག་པའི་,,ཆའི་མཇུག་བསྡུ་བའོ་,3406,ཤེར་ཕྱིན། ག.txt
མཁའ་ལྟ་བུའི་སེམས་ཅན་གྱི་,,ཆའི་འགྲེས་དང༌གཟུགས་,4667,ཤེར་ཕྱིན། ཕ།.txt
ལྷ་དཔལ་གཙུག་གི་ནོར་བུའི་,,ཆའི་རྒྱལ་པོའི་རིང་,5942,ཤེར་ཕྱིན། ཇ།.txt
ངོ་བོ་ཉིད་ཀྱིས་དང་པོ་,,ཆའི་སྒྲུབ་པ་གསུངས་,2010,ཤེར་ཕྱིན། ཇ།.txt
བ་ནི་འོག་ནས་བཤད་པའི་,,ཆའི་སྒྲུབ་པ་དང་,1126,ཤེར་ཕྱིན། ཆ།.txt
དེ་ལྟར་ན་,,ཆའི་སྒྲུབ་པ་དང་,1273,ཤེར་ཕྱིན། ཆ།.txt
གང་གི་ཕྱིར་,,ཆའི་སྒྲུབ་པ་དང་,1327,ཤེར་ཕྱིན། ཆ།.txt
དེ་ལས་དོན་གྱིས་འཕངས་པའི་,,ཆའི་སྒྲུབ་པ་དང་,1327,ཤེར་ཕྱིན། ཆ།.txt
སོགས་པར་ཆོས་མཐུན་པའི་ཕྱིར་,,ཆའི་སྒྲུབ་པ་དྲུག་,1026,ཤེར་ཕྱིན། ཀ.txt
སོགས་པ་ཆོས་མཐུན་པའི་ཕྱིར་,,ཆའི་སྒྲུབ་པ་ནི་,1279,ཤེར་ཕྱིན། ཆ།.txt
དེ་ལ་,,ཆའི་སྒྲུབ་པ་ནི་,353,ཤེར་ཕྱིན། ཇ།.txt
བོ་ཉིད་ཡིན་པས་དང་པོ་,,ཆའི་སྒྲུབ་པ་བསྟན་,1264,ཤེར་ཕྱིན། ཆ།.txt
ཤུ་རྩ་ལྔ་པ་ལས་ཀྱང་,,ཆའི་སྒྲུབ་པ་བསྟན་,1280,ཤེར་ཕྱིན། ཆ།.txt
ཞུགས་པ་ཞེས་བྱ་བ་ནི་,,ཆའི་སྒྲུབ་པ་མཚུངས་,7423,ཤེར་ཕྱིན། ཆ།.txt
བགོས་པ་ཞེས་བྱ་བ་ནི་,,ཆའི་སྒྲུབ་པ་འདི་,1267,ཤེར་ཕྱིན། ཆ།.txt
སོགས་པས་གསུངས་པས་དེ་ལྟར་,,ཆའི་སྒྲུབ་པ་ཡིན་,1027,ཤེར་ཕྱིན། ཀ.txt
དེ་ལ་,,ཆའི་སྒྲུབ་པ་རྣམ་,1013,ཤེར་ཕྱིན། ཀ.txt
པ་དྲུག་ཆོས་མཐུན་པའི་ཕྱིར་,,ཆའི་སྒྲུབ་པ་རྣམ་,2015,ཤེར་ཕྱིན། ཇ།.txt
ཀྱིས་གསུངས་པ་ཡིན་ཏེའདི་ནི་,,ཆའི་སྒྲུབ་པ་ལས་,1021,ཤེར་ཕྱིན། ཀ.txt
པ་ལགས་སོ་ཞེས་བྱ་བས་,,ཆའི་སྒྲུབ་པའི་ཆེན་,1432,ཤེར་ཕྱིན། ཀ.txt
མ་ཡིན་པ་ཞེས་བྱ་བས་,,ཆའི་སྒྲུབ་པའི་ཡོངས་,1027,ཤེར་ཕྱིན། ཀ.txt
རང་བཞིན་ཡིན་པས་དང་པོར་,,ཆའི་སྒྲུབ་པས,283,ཤེར་ཕྱིན། ཆ།.txt
པར་སྟོན་པར་བྱེད་པ་ནི་,,ཆའི་སྒྲུབ་པས་སྤྱིའི་,4651,ཤེར་ཕྱིན། ཆ།.txt
ལགས་སོ་ཞེས་བྱ་བ་ནི་,,ཆའི་སྦྱོར་བའི་བྱེད་,4533,ཤེར་ཕྱིན། ཆ།.txt
ཀྱི་ཕ་རོལ་ཏུ་ཕྱིན་པའི་,,ཆའོ་,1268,ཤེར་ཕྱིན། ཆ།.txt
པའི་ཕ་རོལ་ཏུ་ཕྱིན་པའི་,,ཆའོ་,1269,ཤེར་ཕྱིན། ཆ།.txt
གྱི་ཕ་རོལ་ཏུ་ཕྱིན་པའི་,,ཆའོ་,1271,ཤེར་ཕྱིན། ཆ།.txt
བ་ནི་འོག་ནས་འཆད་པའི་,,ཆའོ་,4526,ཤེར་ཕྱིན། ཆ།.txt
འཕེལ་བ་ནི་བརྩོན་འགྲུས་ཀྱི་,,ཆའོ་,1988,ཤེར་ཕྱིན། ཕ།.txt
གྱུར་པ་ནི་བསམ་གཏན་གྱི་,,ཆའོ་,1989,ཤེར་ཕྱིན། ཕ།.txt
བྱེད་པ་ནི་ཤེས་རབ་ཀྱི་,,ཆའོ་,1991,ཤེར་ཕྱིན། ཕ།.txt
འབད་པས་བསྒྲུབས་པའི་ཕྱིར་,,ཆའོ་,948,ཤེར་ཕྱིན། ཇ།.txt
ཕྱིར་མི་ལྡོག་པའི་སེམས་ནི་,,ཆའོ་,3523,ཤེར་ཕྱིན། ཇ།.txt
པའི་ཕ་རོལ་ཏུ་ཕྱིན་པའི་,,ཆའོ་,3361,ཤེར་ཕྱིན། ག.txt
ཀྱི་ཕ་རོལ་ཏུ་ཕྱིན་པའི་,,ཆའོ་,3363,ཤེར་ཕྱིན། ག.txt
གྱི་ཕ་རོལ་ཏུ་ཕྱིན་པའི་,,ཆའོ་,3364,ཤེར་ཕྱིན། ག.txt
པའི་ཕ་རོལ་ཏུ་ཕྱིན་པའི་,,ཆའོ་ཞེས་བྱ་བ་,1985,ཤེར་ཕྱིན། ཕ།.txt
ཀྱི་ཕ་རོལ་ཏུ་ཕྱིན་པའི་,,ཆའོཚེ་དང་ལྡན་པ་,3362,ཤེར་ཕྱིན། ག.txt
པའི་,,ཆས་སྟོང་ངོ་ཞེས་,2034,ཤེར་ཕྱིན། ཕ།.txt
གལ་ཏེ་བྱེད་པ་མེད་ན་,,ཇི་ལྟར་བྱང་ཆུབ་,709,ཤེར་ཕྱིན། མ།.txt
པ་ནི་རིགས་གྲང་ནབྱང་ཆུབ་,,ཇི་ལྟར་ཡིནདེ་ཡང་,855,ཤེར་ཕྱིན། མ།.txt
དུ་འགྲོ་བས་འཇོག་པ་འདི་,,ཇི་ལྟར་སྙམ་པའི་,3402,ཤེར་ཕྱིན། ཆ།.txt
སྐྱོབ་པ་ཡིན་པས་རིགས་ལ་,,ཏྲ་ཞེས་བྱའོ་,727,ཤེར་ཕྱིན། ཁ།.txt
པ་དང་རྣམ་པར་སྤྲོས་པས་,,བ་ཉིད་ཀྱི་དོན་,5207,ཤེར་ཕྱིན། ཆ།.txt
པ་དང༌རྣམ་པར་སྤྲོས་པས་,,བ་ཉིད་དང༌མདོ་,2526,ཤེར་ཕྱིན། ཀ.txt
སྤྲོས་པས་,,བ་ཉིད་དང༌མདོ་,2515,ཤེར་ཕྱིན། ཇ།.txt
སྤྲོས་པས་,,བ་ཉིད་དང༌མདོ་,2455,ཤེར་ཕྱིན། ཁ།.txt
བྱ་བ་ནི་མགོ་སྨོས་པས་,,བ་ཉིད་ཡིན་པའི་,5208,ཤེར་ཕྱིན། ཆ།.txt
བ་ནི་རྣམ་པར་སྤྲོས་པས་,,བ་ཉིད་ཡིན་པས་,5211,ཤེར་ཕྱིན། ཆ།.txt
སྤྲོས་ན་,,བ་དང༌དྲང་དགོས་,689,ཤེར་ཕྱིན། ཕ།.txt
པ་དང༌རྣམ་པར་སྤྲོས་པ་,,བ་དང༌དྲང་དགོས་,2560,ཤེར་ཕྱིན། ཕ།.txt
པ་འདི་ནི་མགོ་སྨོས་པས་,,བ་དང༌རྣམ་པར་,689,ཤེར་ཕྱིན། ཕ།.txt
ལེན་པ་དང༌མགོ་སྨོས་པས་,,བ་དང༌རྣམ་པར་,2515,ཤེར་ཕྱིན། ཇ།.txt
མགོ་སྨོས་པས་,,བ་དང་རྣམ་པར་,4857,ཤེར་ཕྱིན། ཇ།.txt
བྱ་བ་ནི་མགོ་སྨོས་པས་,,བ་དང་རྣམ་པར་,3581,ཤེར་ཕྱིན། ང་།.txt
འཛིན་པ་དང༌མགོ་སྨོས་པས་,,བ་དང༌རྣམ་པར་,2455,ཤེར་ཕྱིན། ཁ།.txt
མགོ་སྨོས་པས་,,བ་བསྡུས་པ་ལ་,214,ཤེར་ཕྱིན། ཆ།.txt
རྣམ་པར་སྤྲོས་ཏེ་,,བ་མ་ཡིན་པ་,5197,ཤེར་ཕྱིན། ཆ།.txt
མགོ་སྨོས་པས་,,བ་མདོར་བསྡུས་པ་,245,ཤེར་ཕྱིན། ཆ།.txt
ནི་མགོ་སྨོས་པ་ཙམ་གྱིས་,,བ་མདོར་བསྡུས་པ་,471,ཤེར་ཕྱིན། ཆ།.txt
གཅིག་ཐོས་པས་མགོ་སྨོས་པས་,,བ་ཡིན་པའི་ཕྱིར་,2505,ཤེར་ཕྱིན། ཆ།.txt
མགོ་སྨོས་པས་,,བ་ཡིན་ཞེས་བྱ་,5196,ཤེར་ཕྱིན། ཆ།.txt
རྣོན་པོ་ནི་མགོ་སྨོས་པས་,,བ་ཡིན་ལ་དེའི་,4252,ཤེར་ཕྱིན། མ།.txt
རིའི་བུས་རྣམ་པར་སྤྲོས་ན་,,བ་རྣམས་ཀྱི་དོན་,692,ཤེར་ཕྱིན། ཕ།.txt
དེ་ལྟར་མགོ་སྨོས་པས་,,བ་རྣམས་ཀྱི་དོན་,753,ཤེར་ཕྱིན། ཕ།.txt
གྱིས་གདུལ་བྱ་མགོ་སྨོས་པས་,,བ་རྣམས་ལ་ཕན་,2864,ཤེར་ཕྱིན། ཆ།.txt
དེ་ལྟར་,,བགོས་པ་ལ་འཇུག་,1292,ཤེར་ཕྱིན། ཆ།.txt
བམ་པོ་གཉིས་པདེ་ལྟར་,,བགོས་པ་ལ་འཇུག་,2016,ཤེར་ཕྱིན། ཇ།.txt
བ་མེད་པ་ནི་ནམ་མཁའ་,,བགོས་པའི་དཔེས་འཐད་,1961,ཤེར་ཕྱིན། ཁ།.txt
ནི་འདི་ཉིད་ལ་བསྟན་པས་,,བགོས་པའོ་,3732,ཤེར་ཕྱིན། ཇ།.txt
རང་དང་གཞན་གྱི་དོན་ལ་,,བགོས་པས,34,ཤེར་ཕྱིན། མ།.txt
ཁྱད་པར་ཁོ་ནས་བྱའིདེ་ལས་,,བཟློག་པ་གྱ་གྱུའི་,4264,ཤེར་ཕྱིན། ཇ།.txt
ཉིད་ཅན་གྱི་དོར་བ་ལས་,,བཟློག་པ་ཉིད་ཀྱིས་,942,ཤེར་ཕྱིན། ཁ།.txt
སྨོན་པ་ཡོད་པ་དེ་རྣམས་,,བཟློག་པ་དང༌དབེན་,1320,ཤེར་ཕྱིན། ཁ།.txt
པ་དང༌ཞི་བ་རྣམས་ལས་,,བཟློག་པ་དང༌མི་,1320,ཤེར་ཕྱིན། ཁ།.txt
ཞི་བ་དང༌དེ་དག་ལས་,,བཟློག་པ་དང༌འདོད་,1350,ཤེར་ཕྱིན། ཁ།.txt
བར་འགྱུར་བས་མུ་བཞི་ལ་,,བཟློག་པ་དངོས་པོ་,3701,ཤེར་ཕྱིན། ཁ།.txt
པ་དང་འཇུག་པའི་གནས་སྐབས་,,བཟློག་པ་ནི་གཟུང་,5363,ཤེར་ཕྱིན། ཇ།.txt
དེ་ལས་,,བཟློག་པ་ནི་མངོན་,3891,ཤེར་ཕྱིན། ཇ།.txt
ཕྱིར་སྦྱར་བར་བྱ་སྟེབདག་ལས་,,བཟློག་པ་ནི་རྣམ་,4270,ཤེར་ཕྱིན། ཇ།.txt
ལ་སྤྱོད་པ་རྒྱུ་གསུམ་ལས་,,བཟློག་པ་ནིདགེ་བའི་,4839,ཤེར་ཕྱིན། ཆ།.txt
བསྡུས་པ་དེའི་བཤད་པ་ལ་,,བཟློག་པ་མ་ཡིན་,3683,ཤེར་ཕྱིན། ཇ།.txt
འདི་ལ་,,བཟློག་པ་མི་གཡོ་,1429,ཤེར་ཕྱིན། ཁ།.txt
ལབསྟན་བཅོས་འདི་ནི་དེ་ལས་,,བཟློག་པ་ཡིན་ནོ་,3469,ཤེར་ཕྱིན། ཇ།.txt
ཡང་དེ་རྣམས་ལས་རྟོགས་པ་,,བཟློག་པ་ཡིན་པའི་,300,ཤེར་ཕྱིན། ཁ།.txt
དེ་གུས་པར་ཉན་པ་ལས་,,བཟློག་པ་རྒྱས་པར་,4025,ཤེར་ཕྱིན། ཁ།.txt
པ་དང༌སྣང་བ་ལས་,,བཟློག་པ་རྣམས་དང༌,1320,ཤེར་ཕྱིན། ཁ།.txt
མཚུངས་པར་ལྡན་པ་རྣམས་ལས་,,བཟློག་པ་རྣམས་བཀག་,1320,ཤེར་ཕྱིན། ཁ།.txt
དགེ་བ་ནི་དེ་ལས་,,བཟློག་པ་ལ་ཉམས་,4974,ཤེར་ཕྱིན། ཇ།.txt
དང་འབྲས་བུར་འཇོམས་པ་ལས་,,བཟློག་པ་སྟོན་པས་,2448,ཤེར་ཕྱིན། ཁ།.txt
དེ་ཉིད་ཀྱིས་ན་,,བཟློག་པའི་ངོ་བོ་,5727,ཤེར་ཕྱིན། ཇ།.txt
སྤོང་ཞིང་དོན་གྱིས་འཕངས་པ་,,བཟློག་པའི་ཆོས་ཡོངས་,1524,ཤེར་ཕྱིན། ཆ།.txt
དེ་དག་ལས་,,བཟློག་པའི་ཚུལ་གྱིས་,464,ཤེར་ཕྱིན། ཁ།.txt
ཆུབ་སེམས་དཔའ་བཅོས་མ་ལས་,,བཟློག་པའི་ཚུལ་གྱིས་,1747,ཤེར་ཕྱིན། ཁ།.txt
བ་བྱང་ཆུབ་སེམས་དཔའ་ལས་,,བཟློག་པའི་སྒོ་ནས་,4484,ཤེར་ཕྱིན། ཇ།.txt
ཐོས་ལ་སོགས་པ་དེ་ལས་,,བཟློག་པའི་སྦྱོར་བ་,4549,ཤེར་ཕྱིན། ཇ།.txt
པར་གཡེངས་པ་ནི་དེ་ལས་,,བཟློག་པའོ་,4871,ཤེར་ཕྱིན། ཇ།.txt
མི་མཐུན་པའི་ཕྱོགས་དགུ་ལས་,,བཟློག་པར་བཤད་པའི་,5625,ཤེར་ཕྱིན། ཇ།.txt
ནི་རྫོགས་པའི་བྱང་ཆུབ་ལས་,,བཟློག་པར་བསྟན་པར་,4967,ཤེར་ཕྱིན། ཇ།.txt
སོ་སོའི་སྐྱེ་བོ་རྣམས་ལས་,,བཟློག་པར་ཞུགས་པ་,4507,ཤེར་ཕྱིན། ཇ།.txt
ཐོས་ལ་སོགས་པའི་ས་ལ་,,བཟློག་པར་ཤེས་པར་,2977,ཤེར་ཕྱིན། ཁ།.txt
འདུན་ལ་ཚད་ཡོད་པ་ལས་,,བཟློག་པས་དེ་དག་,3167,ཤེར་ཕྱིན། ཁ།.txt
དེ་ལས་,,བཟློག་པས་ནི་མངོན་,602,ཤེར་ཕྱིན། ཆ།.txt
ཆེན་པོ་ལ་སོགས་པ་ལས་,,བཟློག་པས་མི་མཐུན་,1718,ཤེར་ཕྱིན། ཁ།.txt
པ་སྟེརྟག་པ་ལ་སོགས་པ་,,བཟློག་པས་མི་རྟག་,5654,ཤེར་ཕྱིན། ཇ།.txt
མ་ཚང་བ་རྙེད་པ་ལས་,,བཟློག་པས་ཚང་བ་,2427,ཤེར་ཕྱིན། ཁ།.txt
པའི་ཡུལ་གཅིག་ཤེས་པ་ལས་,,བཟློག་པས་སོ་,5727,ཤེར་ཕྱིན། ཇ།.txt
འོངས་པ་ན་མགོ་སྨོས་པས་,,བའི་རྒྱུ་བསགས་པའི་,2864,ཤེར་ཕྱིན། ཆ།.txt
སྤྲོས་པས་གསུངས་པ་,,བའི་སེམས་ཅན་རྒྱས་,8,ཤེར་ཕྱིན། ཇ།.txt
དགའ་བ་སྤྲོས་ཏེ་བཤད་པས་,,བའི་སེམས་ཅན་རྣམས་,213,ཤེར་ཕྱིན། ཆ།.txt
བ་བདེན་མོད་ཀྱིའདི་ནི་ཡང་,,བར་བྱ་བ་ལ་,330,ཤེར་ཕྱིན། ཇ།.txt
མཚན་ཉིད་ཀྱི་སྒྲ་ཡིན་པར་,,བར་བྱ་བའི་དོན་,1483,ཤེར་ཕྱིན། ཀ.txt
པ་ནི་དེ་དང་དེའི་བརྡ་,,བར་བྱ་བའི་དོན་,1484,ཤེར་ཕྱིན། ཀ.txt
པའི་མཚན་ཉིད་སྒྲ་ཡིན་པར་,,བར་བྱ་བའི་དོན་,1278,ཤེར་ཕྱིན། ཁ།.txt
ཞེས་ཆོས་སྨྲ་བ་རྣམས་ལ་,,བར་བྱ་བའི་ཕྱིརདེ་,226,ཤེར་ཕྱིན། ཆ།.txt
པ་རྣམས་ལརྣམ་པ་གཞན་གྱིས་,,བར་བྱ་མི་ནུས་,4780,ཤེར་ཕྱིན། ཕ།.txt
བ་ཡིན་ནོ་ཞེས་དོན་གྱིས་,,བར་བྱའོ་,6379,ཤེར་ཕྱིན། ཆ།.txt
དག་ལ་ཚིག་གིས་བསྟན་ཅིང་,,བར་བྱར་མི་རུང་,1939,ཤེར་ཕྱིན། ཕ།.txt
བཞིན་གཤེགས་པས་གསུངས་ཤིང་སྒྲས་,,བར་བྱས་པ་དེ་,3354,ཤེར་ཕྱིན། མ།.txt
སེམས་ཅན་ལ་དམ་པའི་ཆོས་,,བར་བྱས་པས་ཚངས་,8258,ཤེར་ཕྱིན། ཆ།.txt
སེམས་ཅན་ལ་དམ་པའི་ཆོས་,,བར་བྱས་པས་ཚངས་,3136,ཤེར་ཕྱིན། ཇ།.txt
ལྡན་པར་རྣམ་གྲངས་དུ་མར་,,བར་བྱསཡང་དག་པར་,1712,ཤེར་ཕྱིན། ང་།.txt
ནི་དེ་ནས་ཚིག་འགལ་བར་,,བར་བྱེད་ཅིང་རྩོད་,2737,ཤེར་ཕྱིན། ཆ།.txt
གནོད་སྦྱིན་རྣམས་རང་གི་བརྡ་,,བར་བྱེད་དེགནོད་སྦྱིན་,1542,ཤེར་ཕྱིན། ཁ།.txt
དེ་ཅི་ཡིན་ཞེ་ནམཐར་,,བར་བྱེད་པ་ནིརྟེན་,880,ཤེར་ཕྱིན། ཀ.txt
ཀྱི་ཕྱིར་ཕུང་པོ་གཞན་མེད་,,བར་བྱེད་པ་ཡིན་,6083,ཤེར་ཕྱིན། ཆ།.txt
དབྱངས་སྨོས་པ་ནི་དེའི་བརྡ་,,བར་བྱེད་པའི་དོན་,1279,ཤེར་ཕྱིན། ཁ།.txt
དེ་དང་རྗེས་སུ་སྒྲོགས་པ་,,བར་བྱེད་པའི་དོན་,1280,ཤེར་ཕྱིན། ཁ།.txt
རབ་ཏུ་བརྗོད་པ་ནི་གཞན་,,བར་བྱེད་པའི་རྒྱུའི་,1529,ཤེར་ཕྱིན། ཀ.txt
ཞེས་བྱ་བ་ནི་ལེགས་པར་,,བར་བྱེད་པའོ་,4149,ཤེར་ཕྱིན། ཁ།.txt
མཐའ་ཡས་པར་ཆོས་སྟོན་པས་,,བར་བྱེད་པར་འདོད་,170,ཤེར་ཕྱིན། ཀ.txt
ཀླུང་གི་བྱེ་མ་སྙེད་དུ་,,བར་བྱེད་པར་འདོད་,408,ཤེར་ཕྱིན། ག.txt
གཱའི་ཀླུང་གི་བྱེ་མ་སྙེད་,,བར་བྱེད་པར་འདོད་,409,ཤེར་ཕྱིན། ག.txt
མ་སྙེད་གསུང་གིས་མངོན་པར་,,བར་མཛད་དོ་,4564,ཤེར་ཕྱིན། ག.txt
ཀྱི་བར་དུ་སྤྲུལ་པའི་སྒྲས་,,བར་མཛད་པ་དང༌,265,ཤེར་ཕྱིན། ཕ།.txt
པ་སྣ་ཚོགས་ཀྱི་རྒྱུད་ལ་,,བར་མཛད་པ་ཡིན་,4150,ཤེར་ཕྱིན། ཁ།.txt
འཇིག་རྟེན་གྱི་ཁམས་གསུང་གིས་,,བར་མཛད་པ་སྔ་,1238,ཤེར་ཕྱིན། ཁ།.txt
ལ་སེམས་ཅན་ཐམས་ཅད་ཀྱིས་,,བར་མཛད་པའི་ཕྱིར་,2579,ཤེར་ཕྱིན། ཕ།.txt
བརྗོད་པས་རྣམ་པ་དུ་མར་,,བར་མཛད་པའི་ཚངས་,4146,ཤེར་ཕྱིན། ཁ།.txt
ཅན་གྱི་ཁམས་མཐའ་ཡས་པ་,,བར་མཛད་པའི་སྒྲས་,2559,ཤེར་ཕྱིན། ཆ།.txt
འཇིག་རྟེན་གྱི་ཁམས་གསུང་གིས་,,བར་མཛད་པས་སོ་,1442,ཤེར་ཕྱིན། ཀ.txt
པ་དང་ཞེས་བྱ་བ་ནི་,,བར་ཟད་དོ་,3739,ཤེར་ཕྱིན། ཆ།.txt
བ་ལ་སོགས་པ་གསུངས་ཏེདོན་,,བར་ཟད་དོ་,4625,ཤེར་ཕྱིན། ཆ།.txt
བའི་རིགས་པས་འདིའི་དོན་ནི་,,བར་ཟད་དོ་,4917,ཤེར་ཕྱིན། ཆ།.txt
བྱ་བ་ལ་ཤིང་བལ་ནི་,,བར་ཟད་དོ་,8510,ཤེར་ཕྱིན། ཆ།.txt
ནས་ཀྱི་ཚིག་གི་དོན་ནི་,,བར་ཟད་དོ་,5929,ཤེར་ཕྱིན། ཇ།.txt
བ་ལ་སོགས་པའི་དོན་ནི་,,བར་ཟད་དོ་,111,ཤེར་ཕྱིན། ཉ།.txt
ལྷག་མ་ནི་དོན་,,བར་ཟད་དོ་,347,ཤེར་ཕྱིན། ཉ།.txt
ལ་སོགས་པ་སྨོས་ཏེ་དོན་,,བར་ཟད་དོ་,432,ཤེར་ཕྱིན། ཉ།.txt
སོགས་པའི་ཚིག་གི་དོན་ནི་,,བར་ཟད་དོ་,529,ཤེར་ཕྱིན། ཉ།.txt
ལ་སོགས་པ་གསུངས་ཏེ་དོན་,,བར་ཟད་དོ་,628,ཤེར་ཕྱིན། ཉ།.txt
པ་འབྱུང་བ་ཡིན་ཏེ་དོན་,,བར་ཟད་དོ་,726,ཤེར་ཕྱིན། ཉ།.txt
ཁམས་ཀྱི་སེམས་ཅན་ཐམས་ཅད་,,བར་འགྱུར་བ་དང༌,3616,ཤེར་ཕྱིན། ཀ.txt
ཁམས་ཀྱི་སེམས་ཅན་ཐམས་ཅད་,,བར་འགྱུར་བ་དང༌,3709,ཤེར་ཕྱིན། ཁ།.txt
སེམས་ཅན་ཡོད་པ་ཉིད་དུ་,,བར་འགྱུར་བས་འདྲི་,2550,ཤེར་ཕྱིན། ཆ།.txt
པས་བྱང་ཆུབ་གཞན་དུ་ཡང་,,བར་འགྱུར་རོ་,2723,ཤེར་ཕྱིན། མ།.txt
ཅིའི་ཕྱིར་སྨོསདེ་ནི་ཤུགས་ཀྱིས་,,བར་འགྱུར་རོ་ཞེ་,825,ཤེར་ཕྱིན། མ།.txt
མ་སྙེད་གསུང་གིས་མངོན་པར་,,བར་ཡང་མི་མཛད་,4564,ཤེར་ཕྱིན། ག.txt
ལྷག་མ་ནི་,,བར་སླ་བས་རྣམ་,3158,ཤེར་ཕྱིན། ཀ.txt
མེད་དང་བསོད་ནམས་སྐྱེས་ནི་,,བར་སླའོ་,293,ཤེར་ཕྱིན། ཀ.txt
བྱ་བ་ལ་སོགས་པ་ནི་,,བར་སླའོ་,442,ཤེར་ཕྱིན། ཉ།.txt
བ་ལ་སོགས་པ་སྨོས་ཏེ་,,བར་སླའོ་,483,ཤེར་ཕྱིན། ཉ།.txt
སྤྲོས་པས་,,བས་ཚོགས་པ་དང་,3581,ཤེར་ཕྱིན། ང་།.txt
སྡུག་བསྔལ་ཆེ་བ་ཉིད་དུ་,,བས་འཇིགས་པ་ཆེན་,4258,ཤེར་ཕྱིན། ཆ།.txt
བས་ན་དོན་གྱི་ཤུགས་ཀྱིས་,,བས་འདི་ནི་དགོས་,56,ཤེར་ཕྱིན། ཆ།.txt
ཀྱི་དགེ་བསྙེན་ཆེན་པོ་དཔལ་,,མི་འཆི་མེད་དང༌,4228,ཤེར་ཕྱིན། ཀ.txt
སླད་ཀྱིས་པཎྜི་ཏ་དཔལ་,,མི་འཆི་མེད་ལ་,3298,ཤེར་ཕྱིན། ཇ།.txt
རང་སངས་རྒྱས་ཀྱི་སེམས་ཀྱི་,,མི་འབྱེད་ཅིང་དགེ་,3371,ཤེར་ཕྱིན། ག.txt
ཡིད་ལ་བྱ་བ་རྣམས་ཀྱི་,,མི་འབྱེད་ཅིང༌དགེ་,3392,ཤེར་ཕྱིན། ག.txt
ཤིང་སེམས་བསྐྱེད་པ་གཞན་གྱི་,,མི་འབྱེད་དེབདག་གིས་,3537,ཤེར་ཕྱིན། ག.txt
སེམས་སམ་རྩོད་པའི་སེམས་ཀྱི་,,མི་འབྱེད་པ་གང་,4183,ཤེར་ཕྱིན། ག.txt
ལས་བྱུང་བའི་ཆོས་གཞན་གྱི་,,མི་འབྱེད་པ་དེ་,606,ཤེར་ཕྱིན། ཅ།.txt
པའི་སེམས་བསྐྱེད་པ་རྣམས་ཀྱི་,,མི་འབྱེད་པ་འདི་,3364,ཤེར་ཕྱིན། ག.txt
སེམས་སམསེམས་བསྐྱེད་པ་གཞན་གྱི་,,མི་འབྱེད་པ་འདི་,3418,ཤེར་ཕྱིན། ག.txt
དེ་བས་ན་,,ཞེས་བྱ་བ་སེམས་,727,ཤེར་ཕྱིན། ཁ།.txt
ཡང་གཞན་དག་ན་རེ་,,ཞེས་བྱ་བའི་སྒྲ་,725,ཤེར་ཕྱིན། ཁ།.txt
གནས་པའི་སྲོག་ཆགས་རྣམས་ལ་,,ཞེས་བྱ་བར་ཉེ་,728,ཤེར་ཕྱིན། ཁ།.txt
ཡང་ན་ཕྱོགས་ལ་,,ཞེས་བྱ་སྟེཕྱོགས་རྣམས་,728,ཤེར་ཕྱིན། ཁ།.txt
དུ་ཟིན་ཀྱང་རང་བཞིན་ལ་,,འགལ་བ་ཅི་ཡོད་,1079,ཤེར་ཕྱིན། མ།.txt
པའི་དབྱེ་བ་མེདཆོས་རྣམས་ལ་,,འདི་ཅི་སྟེ་དབྱེ་,1471,ཤེར་ཕྱིན། མ།.txt
ཐམས་ཅད་མཁྱེན་པ་ཉིད་ཀྱི་,,འཕང་གི་གཞི་ཡིན་,223,ཤེར་ཕྱིན། ཕ།.txt
དེ་ལྟ་མ་ཡིན་ན་དེའི་,,འཕང་ཇི་ལྟར་ཐོབ་,3447,ཤེར་ཕྱིན། མ།.txt
པའི་ཚེབླ་ན་མེད་པའི་ཚེ་,,འཕང་ཐོབ་ནས་ཇི་,2657,ཤེར་ཕྱིན། མ།.txt
ཆོས་སྨྲ་བའི་,,འཕང་ཐོབ་པ་དེ་,382,ཤེར་ཕྱིན། ཕ།.txt
ཕན་པ་བདེ་བར་གཤེགས་པའི་,,འཕང་ཐོབ་པའི་ཕྱིར་,3224,བསྟོད་ཚོགས། ཀ.txt
ནི་རྫོགས་པའི་སངས་རྒྱས་ཀྱི་,,འཕང་ཐོབ་པའི་རྒྱུར་,282,ཤེར་ཕྱིན། ཉ།.txt
དག་པ་དེ་བཞིན་གཤེགས་པའི་,,འཕང་ཐོབ་པར་བྱེད་,1915,ཤེར་ཕྱིན། ཆ།.txt
དེ་བཞིན་གཤེགས་པ་ཉིད་ཀྱི་,,འཕང་ཐོབ་པར་བྱེད་,3641,ཤེར་ཕྱིན། ཆ།.txt
སངས་རྒྱས་,,འཕང་ཐོབ་པར་འགྱུར་,145,བསྟོད་ཚོགས། ཀ.txt
བཏབ་པས་དེ་བཞིན་གཤེགས་པའི་,,འཕང་ཐོབ་པར་འགྱུར་,3291,ཤེར་ཕྱིན། ཆ།.txt
ཕྱིར་དང༌བདེ་བར་གཤེགས་པའི་,,འཕང་དང་ཉེ་བ་,1056,ཤེར་ཕྱིན། མ།.txt
དུ་བསྒྲུབས་པས་སྐྱོན་མེད་པའི་,,འཕང་དང་འགལ་བ་,308,ཤེར་ཕྱིན། ཉ།.txt
པས་ནི་དེ་བཞིན་གཤེགས་པའི་,,འཕང་དཔེ་མེད་ཅིང་,3172,ཤེར་ཕྱིན། མ།.txt
ཞིག་ན་བཅོམ་ལྡན་འདས་ཀྱིས་,,འཕང་དེ་བརྙེས་པས་,3910,ཤེར་ཕྱིན། མ།.txt
ཕན་པ་བྱས་པ་ཁོ་ནས་,,འཕང་དེ་བསྒྲུབས་པ་,3355,བསྟོད་ཚོགས། ཀ.txt
བླ་ན་མེད་པའི་,,འཕང་བརྙེས་,500,བསྟོད་ཚོགས། ཀ.txt
ཀྱི་མཚན་ཉིད་ཡང་དག་པའི་,,འཕང་བླང་བར་བྱ་,3559,ཤེར་ཕྱིན། མ།.txt
ལྟ་བས་,,འཕང་མཆོག་ཏུ་འགྲོ་,8604,ཤེར་ཕྱིན། ཆ།.txt
མ་བྱས་ན་རྙེད་དཀའ་བའི་,,འཕང་མི་ཐོབ་བོ་,3488,ཤེར་ཕྱིན། མ།.txt
ལྡན་འདས་དེ་བཞིན་གཤེགས་པའི་,,འཕང་མི་བརྙེས་བ་,3910,ཤེར་ཕྱིན། མ།.txt
ཁོ་ནར་དེ་བཞིན་གཤེགས་པའི་,,འཕང་འཐོབ་པ་ཡིན་,2599,ཤེར་ཕྱིན། ཆ།.txt
ཡིན་ན་ཐམས་ཅད་མཁྱེན་པའི་,,འཕང་འཐོབ་པར་ཇི་,3096,ཤེར་ཕྱིན། མ།.txt
ཁོ་ནར་སངས་རྒྱས་ཉིད་ཀྱི་,,འཕང་འཐོབ་པར་འགྱུར་,3172,ཤེར་ཕྱིན། མ།.txt
ན་ཡང་བླ་ན་མེད་པའི་,,འཕང་འདི་ལྟ་བུ་,2643,ཤེར་ཕྱིན། མ།.txt
བདེ་བར་གཤེགས་པའི་,,འཕང་འདོད་པས་མངོན་,1100,ཤེར་ཕྱིན། མ།.txt
ཉིད་རྣམ་པར་མི་རྟོག་པའི་,,འཕང་རབ་ཏུ་སྐྱེ་,973,ཤེར་ཕྱིན། ཉ།.txt
བྱེད་པའི་དཔེས་ཆོས་ཀྱི་སྐུའི་,,འཕང་ལས་ཉམས་པར་,2449,ཤེར་ཕྱིན། ཁ།.txt
ཐབས་ལ་གནས་པས་རྒྱལ་བའི་,,འཕང་ཤིན་ཏུ་མྱུར་,1525,ཤེར་ཕྱིན། མ།.txt
མཆིསགྲངས་མ་མཆིསཚད་མ་མཆིས་པའི་,,འབྱེད་དེབཅོམ་ལྡན་འདས་,4517,ཤེར་ཕྱིན། ག.txt
ཅན་ཚད་མེད་གྲངས་མེད་པའི་,,འབྱེད་དོ་,4686,ཤེར་ཕྱིན། ག.txt
མེད་གྲངས་མེད་ཚད་མེད་པའི་,,འབྱེད་དོ་,4703,ཤེར་ཕྱིན། ག.txt
ཏུ་མ་མཆིས་པ་རྣམས་ཀྱི་,,འབྱེད་དོ་ཞེས་བྱ་,2821,ཤེར་ཕྱིན། ཕ།.txt
ཅན་ཚད་མེད་གྲངས་མེད་པའི་,,འབྱེད་དོ་ཞེས་སྨྲས་,2929,ཤེར་ཕྱིན། ཕ།.txt
སེམས་ཅན་ཐམས་ཅད་ལ་ལམ་,,འབྱེད་པ་གང་ཡིན་,2153,ཤེར་ཕྱིན། ཁ།.txt
ཇི་ལྟར་སེམས་ཅན་ཐམས་ཅད་,,འབྱེད་པ་དང༌རིགས་,2153,ཤེར་ཕྱིན། ཁ།.txt
ཚད་མ་མཆིས་པ་རྣམས་ཀྱི་,,འབྱེད་པ་དེ་བཞིན་,1530,ཤེར་ཕྱིན། ཀ.txt
པགྲངས་དང་ཚད་མ་མཆིས་པའི་,,འབྱེད་པ་དེ་བཞིན་,4517,ཤེར་ཕྱིན། ག.txt
ཅན་ཚད་མེད་གྲངས་མེད་པའི་,,འབྱེད་པ་དེ་བཞིན་,1321,ཤེར་ཕྱིན། ཁ།.txt
ཅན་ཚད་མེད་གྲངས་མེད་པའི་,,འབྱེད་པ་ཡིན་ནོ་,1322,ཤེར་ཕྱིན། ཁ།.txt
པ་ཆེན་པོ་སེམས་ཅན་གྱི་,,འབྱེད་པ་ཡིན་ནོ་,1324,ཤེར་ཕྱིན། ཁ།.txt
ཀྱིས་སེམས་ཅན་གྲངས་མེད་པའི་,,འབྱེད་པ་ཡིན་ནོ་,1326,ཤེར་ཕྱིན། ཁ།.txt
བཤད་པ་ལྟར་སེམས་ཅན་གྱི་,,འབྱེད་པ་ཡིན་ནོ་,1328,ཤེར་ཕྱིན། ཁ།.txt
པ་དེ་ལྟར་སེམས་ཅན་གྱི་,,འབྱེད་པ་ཡིན་ནོ་,1330,ཤེར་ཕྱིན། ཁ།.txt
དེ་ཉིད་ཀྱིས་སེམས་ཅན་གྱི་,,འབྱེད་པ་ཡིན་ནོ་,1332,ཤེར་ཕྱིན། ཁ།.txt
ཉིད་ཀྱིས་སེམས་ཅན་རྣམས་ཀྱི་,,འབྱེད་པ་ཡིན་ནོ་,1338,ཤེར་ཕྱིན། ཁ།.txt
ཀྱིས་ན་སེམས་ཅན་རྣམས་ཀྱི་,,འབྱེད་པ་ཡིན་ནོ་,1340,ཤེར་ཕྱིན། ཁ།.txt
པ་ལྟར་སེམས་ཅན་རྣམས་ཀྱི་,,འབྱེད་པ་ཡིན་ནོ་,1342,ཤེར་ཕྱིན། ཁ།.txt
སེམས་ཅན་དཔག་ཏུ་མེད་པའི་,,འབྱེད་པ་ཡིན་ཞེ་,2140,ཤེར་ཕྱིན། ཁ།.txt
ཏུ་མེད་པའི་སེམས་ཅན་གྱི་,,འབྱེད་པའོ་,1343,ཤེར་ཕྱིན། ཁ།.txt
གྱི་ཚིག་གི་དོན་རྣམས་ཀྱི་,,རིམས་ཀྱང་ཁོང་དུ་,3244,ཤེར་ཕྱིན། ཇ།.txt
གང་ཡིན་པ་དེ་རྣམས་ཀྱི་,,རིམས་ཀྱང་ཁོང་དུ་,5917,ཤེར་ཕྱིན། ཇ།.txt
གྲངས་ངེས་པ་དེ་ཉིད་ཀྱིས་,,རིམས་ཀྱང་ངེས་སོ་,4291,ཤེར་ཕྱིན། མ།.txt
སོགས་པའི་ཚིག་གི་དོན་གྱི་,,རིམས་ཀྱང་རིགས་པའི་,1449,ཤེར་ཕྱིན། ཁ།.txt
ཅད་མཁྱེན་པ་ཉིད་གསུམ་གྱི་,,རིམས་ཀྱི་གནས་སྐབས་,8757,ཤེར་ཕྱིན། ཆ།.txt
ཅད་མཁྱེན་པ་ཉིད་གསུམ་གྱི་,,རིམས་ཀྱི་གནས་སྐབས་,3253,ཤེར་ཕྱིན། ཇ།.txt
ཞེས་བྱ་བའི་སྒྲའི་དོན་ནི་,,རིམས་ཀྱི་དོན་ཏོ་,1668,ཤེར་ཕྱིན། ཆ།.txt
ལ་སོགས་པ་འདི་རྣམས་ཀྱི་,,རིམས་ཀྱི་ཚུལ་འདི་,1575,ཤེར་ཕྱིན། ཀ.txt
སོགས་པའི་དོན་འདི་རྣམས་ཀྱི་,,རིམས་ཀྱི་ཚུལ་འདི་,1587,ཤེར་ཕྱིན། ཀ.txt
ཉིད་ཀྱིས་གཞན་གྱི་དོན་གྱི་,,རིམས་ཀྱི་ཡིན་ནོ་,1154,ཤེར་ཕྱིན། ཆ།.txt
བ་དེ་ལགཞན་གྱི་དོན་གྱི་,,རིམས་ཀྱི་རྟེན་ནི་,877,ཤེར་ཕྱིན། ཀ.txt
བ་ནི་གཞན་གྱི་དོན་གྱི་,,རིམས་ཀྱི་རྟེན་ཡིན་,3238,ཤེར་ཕྱིན། ག.txt
བར་བཞེདཅེས་བྱ་བ་དེ་ནི་,,རིམས་ཀྱི་སྦྱིན་པ་,5688,ཤེར་ཕྱིན། ཇ།.txt
ཇི་སྐད་དུ་བཤད་པའི་,,རིམས་ཀྱིས་ཀུན་རྫོབ་,1628,ཤེར་ཕྱིན། ཆ།.txt
བསྟན་པས་མངོན་པར་རྟོགས་པའི་,,རིམས་ཀྱིས་གཞན་གྱི་,3645,ཤེར་ཕྱིན། ཀ.txt
པར་བསྟན་པསམངོན་པར་རྟོགས་པའི་,,རིམས་ཀྱིས་གཞན་གྱི་,3762,ཤེར་ཕྱིན། ཁ།.txt
གོང་ནས་གོང་དུ་ཤེས་པའི་,,རིམས་ཀྱིས་ཇི་ལྟར་,4136,ཤེར་ཕྱིན། ཇ།.txt
ལུགས་ལས་བཟློག་པའི་,,རིམས་ཀྱིས་ནི་མཐོང་,789,ཤེར་ཕྱིན། ཁ།.txt
འབྱུང་བ་ཞེས་བྱ་བ་ཉིད་,,རིམས་ཀྱིས་བདག་མེད་,5517,ཤེར་ཕྱིན། ཇ།.txt
རིམ་པས་ཇི་སྐད་བཤད་པའི་,,རིམས་ཀྱིས་བྱང་ཆུབ་,3808,ཤེར་ཕྱིན། ཇ།.txt
པ་ལ་སོགས་པར་རྟོགས་པའི་,,རིམས་ཀྱིས་བསྟན་ཏོ་,4186,ཤེར་ཕྱིན། ཇ།.txt
ཞེས་བྱ་བ་ལ་སོགས་པའི་,,རིམས་ཀྱིས་ཚིག་ལེའུར་,5801,ཤེར་ཕྱིན། ཇ།.txt
དེ་ནི་རིམ་གྱིས་འབྱུང་བའི་,,རིམས་ཀྱིས་འབྲེལ་པ་,1448,ཤེར་ཕྱིན། ཁ།.txt
གཉིས་ཀྱིས་ན་རྣམ་པ་བཅུ་,,རིམས་ཀྱིས་ཡོད་པའི་,3639,ཤེར་ཕྱིན། ཇ།.txt
དེ་བས་ན་དོན་རྟོགས་པའི་,,རིམས་གྱིས་ཇི་སྐད་,448,ཤེར་ཕྱིན། ཆ།.txt
གྲངས་ངེས་,,རིམས་ངེས་པ་མེད་,504,ཤེར་ཕྱིན། ཐ།.txt
མཐའ་སངས་རྒྱས་ཉིད་བསྒྲུབ་པའི་,,རིམས་ཅུང་ཟད་ཀྱང་,4398,ཤེར་ཕྱིན། ཇ།.txt
རྫོགས་པ་དག་གིས་ད་འདིར་,,རིམས་ཅུང་ཟད་མཛོད་,1822,ཤེར་ཕྱིན། ཉ།.txt
ལམ་གྱི་དབང་དུ་མཛད་ནས་,,རིམས་ཇི་ལྟ་བ་,2359,ཤེར་ཕྱིན། ཀ.txt
ལམ་གྱི་བདེན་པ་དག་ལ་,,རིམས་ཇི་ལྟ་བ་,2908,ཤེར་ཕྱིན། ཀ.txt
བ་རྫོགས་པར་བྱའོ་སྙམ་པས་,,རིམས་ཇི་ལྟ་བ་,6720,ཤེར་ཕྱིན། ཆ།.txt
བྱ་བ་ལ་སོགས་པ་ནི་,,རིམས་ཇི་ལྟ་བ་,7146,ཤེར་ཕྱིན། ཆ།.txt
ལ་ཆགས་པའི་གཉེན་པོར་ནི་,,རིམས་ཇི་ལྟ་བ་,7304,ཤེར་ཕྱིན། ཆ།.txt
ངེས་པར་འབྱེད་པའི་ཆ་བཞིར་,,རིམས་ཇི་ལྟ་བ་,285,ཤེར་ཕྱིན། ཇ།.txt
དང་མི་སྐྱེ་བའི་རྒྱུ་ཉིད་,,རིམས་ཇི་ལྟ་བ་,700,ཤེར་ཕྱིན། ཇ།.txt
མེད་པའི་སངས་རྒྱས་རྣམས་ཀྱིས་,,རིམས་ཇི་ལྟ་བ་,1730,ཤེར་ཕྱིན། ཇ།.txt
ཕ་རོལ་ཏུ་ཕྱིན་པ་འདི་,,རིམས་ཇི་ལྟ་བ་,4776,ཤེར་ཕྱིན། ཇ།.txt
ཞེས་བྱ་བའི་ཚིག་གཉིས་ནི་,,རིམས་ཇི་ལྟ་བ་,504,ཤེར་ཕྱིན། ཁ།.txt
དང༌འགྱོད་པའི་སྒྲིབ་པ་རྣམས་,,རིམས་ཇི་ལྟ་བ་,862,ཤེར་ཕྱིན། ཁ།.txt
བདེན་པ་རྣམས་ཀྱི་དོན་གྱི་,,རིམས་ཇི་ལྟ་བ་,2108,ཤེར་ཕྱིན། ཁ།.txt
ལམ་གྱི་དབང་དུ་མཛད་ནས་,,རིམས་ཇི་ལྟ་བ་,2234,ཤེར་ཕྱིན། ཁ།.txt
ངུ་དང༌འབྲིང་དང༌ཆེན་པོ་,,རིམས་ཇི་ལྟ་བ་,2364,ཤེར་ཕྱིན། ཁ།.txt
དང༌ལམ་གྱི་བདེན་པ་གཉིས་,,རིམས་ཇི་ལྟ་བ་,2901,ཤེར་ཕྱིན། ཁ།.txt
གྱི་ལམ་སྐྱེད་པའི་དོན་དུ་,,རིམས་ཇི་ལྟ་བར་,7380,ཤེར་ཕྱིན། ཆ།.txt
པའི་ཚིག་བསྟན་པ་རྣམས་ཀྱི་,,རིམས་ཇི་ལྟ་བུ་,5917,ཤེར་ཕྱིན། ཇ།.txt
པའི་ཚིག་གི་དོན་རྣམས་ཀྱི་,,རིམས་ཇི་ལྟར་ཤེས་,5918,ཤེར་ཕྱིན། ཇ།.txt
ལོག་ཏུ་བསྟན་པའི་ཕྱིར་དེའི་,,རིམས་ཉམས་པའི་དོན་,2519,ཤེར་ཕྱིན། ཀ.txt
གཞན་གྱི་དོན་གྱི་,,རིམས་དང༌་,876,ཤེར་ཕྱིན། ཀ.txt
དེ་ཡི་རབ་དེའི་,,རིམས་དང༌་,4144,ཤེར་ཕྱིན། ཀ.txt
གཞན་གྱི་དོན་གྱི་,,རིམས་དང༌་,1165,ཤེར་ཕྱིན། ཆ།.txt
དེ་རབ་དེ་ཡི་,,རིམས་དང༌་,8762,ཤེར་ཕྱིན། ཆ།.txt
གཞན་གྱི་དོན་གྱི་,,རིམས་དང༌་,1973,ཤེར་ཕྱིན། ཇ།.txt
དེ་རབ་དེ་ཡི་,,རིམས་དང༌་,3247,ཤེར་ཕྱིན། ཇ།.txt
འབྱུང་བའི་ཕྱིརགཞན་གྱི་དོན་གྱི་,,རིམས་དང༌་,4114,ཤེར་ཕྱིན། ཇ།.txt
དེ་རབ་དེ་ཡི་,,རིམས་དང༌་,4296,ཤེར་ཕྱིན། ཁ།.txt
བ་དང་འགྲོ་བར་བྱ་བའི་,,རིམས་དང་བྲལ་བའི་,1157,ཤེར་ཕྱིན། ཀ.txt
པ་དང་བགྲོད་པར་བྱ་བའི་,,རིམས་དང་བྲལ་བའི་,1455,ཤེར་ཕྱིན། ཆ།.txt
གཞན་གྱི་དོན་གྱི་,,རིམས་དང་ཞེས་བྱ་,694,ཤེར་ཕྱིན། ཁ།.txt
དུ་བཤད་པའི་,,རིམས་དང་རབ་ཏུ་,448,ཤེར་ཕྱིན། ཆ།.txt
པའི་མངོན་པར་རྟོགས་པ་ནི་,,རིམས་དང་ལྡན་པའོ་,4140,ཤེར་ཕྱིན། ཀ.txt
ཕྲིན་ལས་འདི་རྣམས་ཀྱི་,,རིམས་དང་སོ་སོའི་,4119,ཤེར་ཕྱིན། ཀ.txt
གྲངས་ངེས་མེད་ཀྱང་,,རིམས་ནི་,744,ཤེར་ཕྱིན། ཐ།.txt
ལ་སོགས་པ་དེ་དག་གི་,,རིམས་ནི་གསལ་ལོ་,1342,ཤེར་ཕྱིན། མ།.txt
ལ་ཡང་རབ་ཏུ་དབྱེ་བའི་,,རིམས་ནི་ཅི་རིགས་,1066,ཤེར་ཕྱིན། ཉ།.txt
ཚོལ་ཏེདེའི་ཕྱིར་དེ་དག་གི་,,རིམས་ནི་དེ་ལྟའོ་,2735,ཤེར་ཕྱིན། མ།.txt
མ་རིག་པ་ལ་སོགས་པའི་,,རིམས་ནི་དོན་གྱི་,5520,ཤེར་ཕྱིན། ཇ།.txt
སྟེདེ་ལ་བདེན་པ་རྣམས་ཀྱི་,,རིམས་ནི་དོན་ཇི་,2281,ཤེར་ཕྱིན། ཀ.txt
སྦྱངས་པ་ཡིན་པས་སྦྱོར་བའི་,,རིམས་ནི་མངོན་པར་,4981,ཤེར་ཕྱིན། ཆ།.txt
ཕྱོགས་ཀྱི་ཆོས་འདི་རྣམས་ཀྱི་,,རིམས་ནི་འདི་ཡིན་,2358,ཤེར་ཕྱིན། ཀ.txt
གཟུགས་ལ་སོགས་པའི་,,རིམས་ནི་འདི་ཡིན་,804,ཤེར་ཕྱིན། ཆ།.txt
ཀྱི་ཕྱོགས་ཀྱི་ཆོས་རྣམས་ཀྱི་,,རིམས་ནི་འདི་ཡིན་,4780,ཤེར་ཕྱིན། ཆ།.txt
ཆུབ་ཀྱི་ཕྱོགས་དེ་རྣམས་ཀྱི་,,རིམས་ནི་འདི་ཡིན་,2234,ཤེར་ཕྱིན། ཁ།.txt
དེ་ལ་འདིར་,,རིམས་ནི་འདི་ཡིན་,447,ཤེར་ཕྱིན། ཉ།.txt
དེའི་,,རིམས་ནི་འོག་ནས་,705,ཤེར་ཕྱིན། ཕ།.txt
པོ་འདི་དག་གི་བསྟན་པའི་,,རིམས་ནི་རྣམ་པ་,1808,ཤེར་ཕྱིན། ཉ།.txt
འདིར་ཡང་ཐབས་ཀྱི་,,རིམས་ནི་སྔ་མ་,1066,ཤེར་ཕྱིན། ཉ།.txt
ས་བརྒྱད་དག་ཏུ་,,རིམས་བཞིན་,688,ཤེར་ཕྱིན། ཐ།.txt
འགོག་པ་ལ་ནི་,,རིམས་བཞིན་,2283,ཤེར་ཕྱིན། ཀ.txt
འགོག་པ་ལ་ནི་,,རིམས་བཞིན་,4767,ཤེར་ཕྱིན། ཆ།.txt
འགོག་པ་ལ་ནི་,,རིམས་བཞིན་,2444,ཤེར་ཕྱིན། ཇ།.txt
འགོག་པ་དང་བཅས་,,རིམས་བཞིན་,2111,ཤེར་ཕྱིན། ཁ།.txt
ལ་སོགས་པ་སྨོས་པ་ནི་,,རིམས་བཞིན་གང་ཟག་,3361,ཤེར་ཕྱིན། ཀ.txt
སེམས་དཔའ་རྣམས་ནི་ངེས་པར་,,རིམས་བཞིན་ཏུ་གཏེར་,3791,ཤེར་ཕྱིན། ཇ།.txt
དང༌ལྷག་པའི་ཤེས་རབ་དང་,,རིམས་བཞིན་ཏེབསླབ་པ་,3025,ཤེར་ཕྱིན། མ།.txt
མངོན་པར་འདུས་བྱས་པ་ནི་,,རིམས་བཞིན་དུ,3035,ཤེར་ཕྱིན། ཀ.txt
འབད་ན་ཞེས་བྱ་བ་ནི་,,རིམས་བཞིན་དུ,3599,ཤེར་ཕྱིན། ཆ།.txt
ཞེས་བྱ་བའི་ཚིག་གསུམ་ནི་,,རིམས་བཞིན་དུ་ཀུན་,5449,ཤེར་ཕྱིན། ཆ།.txt
ལ་སོགས་པ་སྨོས་པ་ནི་,,རིམས་བཞིན་དུ་གང་,7788,ཤེར་ཕྱིན། ཆ།.txt
ལ་སོགས་པ་སྨོས་པས་ནི་,,རིམས་བཞིན་དུ་གང་,3427,ཤེར་ཕྱིན། ཁ།.txt
ཀྱི་འདུ་ཤེས་ཀྱི་བར་དུ་,,རིམས་བཞིན་དུ་གཉིས་,3733,ཤེར་ཕྱིན། ཁ།.txt
མ་ཡིན་པ་ཉིད་ཀྱི་ཕྱིར་,,རིམས་བཞིན་དུ་གཏིང་,5109,ཤེར་ཕྱིན། ཆ།.txt
ལྟ་བུ་ཉིད་ཡིན་པའི་ཕྱིར་,,རིམས་བཞིན་དུ་གཏིང་,5888,ཤེར་ཕྱིན། ཆ།.txt
བཞིན་ནོ་ཞེ་ན་འདིའི་ལན་,,རིམས་བཞིན་དུ་གདབ་,374,ཤེར་ཕྱིན། མ།.txt
ཁ་ཅིག་དོགས་པ་ལདེའི་ལན་,,རིམས་བཞིན་དུ་གདབ་,999,ཤེར་ཕྱིན། མ།.txt
པ་གསུམ་པོ་འདི་དག་ནི་,,རིམས་བཞིན་དུ་གདུལ་,5528,ཤེར་ཕྱིན། ཆ།.txt
དང་འབྲིང་དང་ཆེན་པོ་ནི་,,རིམས་བཞིན་དུ་གཞན་,6331,ཤེར་ཕྱིན། ཆ།.txt
དང་འབྲིང་དང་ཆེན་པོ་ནི་,,རིམས་བཞིན་དུ་གཞན་,4991,ཤེར་ཕྱིན། ཇ།.txt
ནུབ་དང་བྱང་གི་ཕྱོགས་ལ་,,རིམས་བཞིན་དུ་གཞལ་,3714,ཤེར་ཕྱིན། ཆ།.txt
པ་ལ་སོགས་པའི་དུས་སུ་,,རིམས་བཞིན་དུ་གཞུང་,574,ཤེར་ཕྱིན། ཆ།.txt
པོ་དང་གཉིས་པ་དག་ནི་,,རིམས་བཞིན་དུ་གཟུང་,751,ཤེར་ཕྱིན། ཀ.txt
འགྱུར་བ་ཞེས་བྱ་བ་ནི་,,རིམས་བཞིན་དུ་གཟུང་,5604,ཤེར་ཕྱིན། ཆ།.txt
བྱས་པའི་དབང་དུ་བྱས་ནས་,,རིམས་བཞིན་དུ་གཡོ་,6147,ཤེར་ཕྱིན། ཆ།.txt
སོ་ཞེས་བྱ་བའི་ཚིག་གསུམ་,,རིམས་བཞིན་དུ་གསུངས་,4079,ཤེར་ཕྱིན། ཆ།.txt
སྣ་ཚོགས་པ་དང་བྲལ་བས་,,རིམས་བཞིན་དུ་གསུངས་,4307,ཤེར་ཕྱིན། ཆ།.txt
ལམ་གྱི་དབང་དུ་མཛད་ནས་,,རིམས་བཞིན་དུ་གསུམ་,2381,ཤེར་ཕྱིན། ཀ.txt
འབྱུང་བ་གང་ཡིན་པ་ནི་,,རིམས་བཞིན་དུ་གསུམ་,4765,ཤེར་ཕྱིན། ཆ།.txt
ཏུ་སོ་སོར་རྣམ་པ་དགུས་,,རིམས་བཞིན་དུ་གོང་,2273,ཤེར་ཕྱིན། ཇ།.txt
དང་མཆོག་གྱུར་པ་ཉིད་ནི་,,རིམས་བཞིན་དུ་ངན་,1414,ཤེར་ཕྱིན། ཉ།.txt
ཚིག་དྲུག་པོ་འདི་དག་ནི་,,རིམས་བཞིན་དུ་ངེས་,1856,ཤེར་ཕྱིན། ཆ།.txt
དྲན་པ་རྣམ་པ་གསུམ་པོ་,,རིམས་བཞིན་དུ་ངེས་,8125,ཤེར་ཕྱིན། ཆ།.txt
འདི་དག་ཀྱང་,,རིམས་བཞིན་དུ་ངེས་,280,ཤེར་ཕྱིན། ཉ།.txt
པ་དྲུག་པོ་དེ་རྣམས་ཉིད་,,རིམས་བཞིན་དུ་ཆུང་,2746,ཤེར་ཕྱིན། ཀ.txt
གྲངས་དང་མཐུ་དག་གིས་,,རིམས་བཞིན་དུ་ཆུང་,3501,ཤེར་ཕྱིན། ཆ།.txt
བུས་གསོལ་པའི་ཚིག་དགུ་ནི་,,རིམས་བཞིན་དུ་ཆུང་,4329,ཤེར་ཕྱིན། ཆ།.txt
པ་དྲུག་པོ་དེ་དག་ཉིད་,,རིམས་བཞིན་དུ་ཆུང་,2695,ཤེར་ཕྱིན། ཁ།.txt
ཞེས་བྱ་བ་ཡིན་ཏེདེ་ལྟར་,,རིམས་བཞིན་དུ་ཆོས་,2270,ཤེར་ཕྱིན། ཀ.txt
པའམ་རྣམ་པར་མི་རྟོག་པ་,,རིམས་བཞིན་དུ་ཆོས་,1464,ཤེར་ཕྱིན། མ།.txt
རབ་ཏུ་དབྱེ་བའི་ཡུལ་ལ་,,རིམས་བཞིན་དུ་ཆོས་,2477,ཤེར་ཕྱིན། ཇ།.txt
བ་ཉིད་ཅེས་བྱ་བ་ནི་,,རིམས་བཞིན་དུ་ཉན་,2526,ཤེར་ཕྱིན། ཀ.txt
སྒྲིབ་པ་གསུམ་སྤངས་པའི་ཕྱིར་,,རིམས་བཞིན་དུ་ཉན་,2325,ཤེར་ཕྱིན། ཇ།.txt
དེ་ལྟར་བཤད་པའི་ཚུལ་གྱིས་,,རིམས་བཞིན་དུ་ཉན་,2380,ཤེར་ཕྱིན། ཇ།.txt
པར་གཞག་པའི་གནས་སྐབས་སུ་,,རིམས་བཞིན་དུ་ཉམས་,2299,ཤེར་ཕྱིན། ཆ།.txt
འདས་པར་གཏོགས་པའི་སེམས་ཅན་,,རིམས་བཞིན་དུ་ཉུང་,228,ཤེར་ཕྱིན། མ།.txt
ཡོངས་སུ་རྫོགས་པར་ཐོབ་པས་,,རིམས་བཞིན་དུ་ཉེས་,155,ཤེར་ཕྱིན། ཆ།.txt
ཉིད་གསུམ་པོ་འདི་དག་ནི་,,རིམས་བཞིན་དུ་ཉོན་,1452,ཤེར་ཕྱིན། ཆ།.txt
པའི་དཔེསརྨི་ལམ་ལྟར་བཤད་པས་,,རིམས་བཞིན་དུ་ཉོན་,4211,ཤེར་ཕྱིན། ཁ།.txt
བརྗོད་པར་མི་ནུས་པའི་ཕྱིར་,,རིམས་བཞིན་དུ་ཐ་,7982,ཤེར་ཕྱིན། ཆ།.txt
གི་ས་ཞེས་བྱ་བ་ནི་,,རིམས་བཞིན་དུ་ཐམས་,2938,ཤེར་ཕྱིན། ཀ.txt
བཞིན་དུ་མངོན་པར་རྟོགས་པའི་,,རིམས་བཞིན་དུ་ཐམས་,3694,ཤེར་ཕྱིན། ཁ།.txt
རབ་ཏུ་འབྱེད་པའི་ཡུལ་ལ་,,རིམས་བཞིན་དུ་ཐུགས་,4796,ཤེར་ཕྱིན། ཆ།.txt
མི་ནོན་པ་ཉིད་ཀྱིས་ན་,,རིམས་བཞིན་དུ་ཐུབ་,6549,ཤེར་ཕྱིན། ཆ།.txt
བའི་ཤེས་པ་ལ་སོགས་པས་,,རིམས་བཞིན་དུ་ཐོས་,1743,ཤེར་ཕྱིན། མ།.txt
ལ་སོགས་པའི་ཚིག་གསུམ་ནི་,,རིམས་བཞིན་དུ་ཐོས་,3939,ཤེར་ཕྱིན། ཆ།.txt
པའི་རབ་ཏུ་དབྱེ་བ་རྣམས་,,རིམས་བཞིན་དུ་ཐོས་,5055,ཤེར་ཕྱིན། ཇ།.txt
མི་སྡུག་པ་སྤྲུལ་པ་ལ་,,རིམས་བཞིན་དུ་དགའ་,4788,ཤེར་ཕྱིན། ཆ།.txt
འབྲིང་དང་ཆེན་པོ་ཐོབ་པས་,,རིམས་བཞིན་དུ་དགའ་,8516,ཤེར་ཕྱིན། ཆ།.txt
མི་སྡུག་པ་སྤྲུལ་པ་ལ་,,རིམས་བཞིན་དུ་དགའ་,2472,ཤེར་ཕྱིན། ཇ།.txt
བསྟན་པའི་ཆོས་ཐམས་ཅད་དེ་,,རིམས་བཞིན་དུ་དགེ་,1182,ཤེར་ཕྱིན། ཆ།.txt
ལུང་དུ་མ་བསྟན་པ་སྟེ་,,རིམས་བཞིན་དུ་དགེ་,2002,ཤེར་ཕྱིན། ཇ།.txt
ཞེས་བྱ་བའི་ཚུལ་གྱིས་,,རིམས་བཞིན་དུ་དང་,1879,ཤེར་ཕྱིན། ཆ།.txt
པ་ལྟ་བུ་ཉིད་ཀྱིས་ན་,,རིམས་བཞིན་དུ་དངོས་,4547,ཤེར་ཕྱིན། ཇ།.txt
ངོ་བོ་ཉིད་ཡིན་པའི་ཕྱིར་,,རིམས་བཞིན་དུ་དབེེན་,7323,ཤེར་ཕྱིན། ཆ།.txt
པར་བགྱིའོ་ཞེས་བྱ་བ་ནི་,,རིམས་བཞིན་དུ་དྲན་,4262,ཤེར་ཕྱིན། ཆ།.txt
དང་སྐྱེ་བ་མེད་པའི་ཕྱིར་,,རིམས་བཞིན་དུ་དྲི་,7845,ཤེར་ཕྱིན། ཆ།.txt
དང་སྐྱེ་བ་མེད་པའི་ཕྱིར་,,རིམས་བཞིན་དུ་དྲི་,2867,ཤེར་ཕྱིན། ཇ།.txt
བྱ་བ་རྣམ་པ་གཅིག་གིས་,,རིམས་བཞིན་དུ་དྲོ་,2675,ཤེར་ཕྱིན། ཇ།.txt
ལ་སོགས་པ་དེ་དག་ནི་,,རིམས་བཞིན་དུ་དྲོ་,2797,ཤེར་ཕྱིན། ཇ།.txt
དང་བསྒྲུབ་པ་དག་གིས་ནི་,,རིམས་བཞིན་དུ་དྲོད་,466,ཤེར་ཕྱིན། ཉ།.txt
པར་བྱང་བའི་ཆོས་བསྐྱེད་པར་,,རིམས་བཞིན་དུ་དེ་,312,ཤེར་ཕྱིན། མ།.txt
སུ་རྟོགས་པར་བགྱིད་པ་ཞེས་,,རིམས་བཞིན་དུ་དེ་,4184,ཤེར་ཕྱིན། ཆ།.txt
དང་འབྲིང་དང་ཆེན་པོ་ནི་,,རིམས་བཞིན་དུ་དེ་,6329,ཤེར་ཕྱིན། ཆ།.txt
པར་བྱེད་པ་ཉིད་ཀྱིས་ན་,,རིམས་བཞིན་དུ་དེ་,7495,ཤེར་ཕྱིན། ཆ།.txt
རྒྱས་དང་བྱམས་པ་དག་ལས་,,རིམས་བཞིན་དུ་དེ་,3470,ཤེར་ཕྱིན། ཇ།.txt
ཉིད་ཀྱིས་གཞན་གྱི་དོན་གྱི་,,རིམས་བཞིན་དུ་དེ་,4114,ཤེར་ཕྱིན། ཇ།.txt
ཐ་དད་པ་དང་བྲལ་བས་,,རིམས་བཞིན་དུ་དེ་,4465,ཤེར་ཕྱིན། ཇ།.txt
སོ་སོ་བ་དང༌བསྡུས་པ་,,རིམས་བཞིན་དུ་དོན་,375,ཤེར་ཕྱིན། ཆ།.txt
སྤྱིའི་མཚན་ཉིད་ཀྱི་ཚུལ་གྱིས་,,རིམས་བཞིན་དུ་དོན་,3893,ཤེར་ཕྱིན། ཆ།.txt
འཇུག་པའི་དབང་དུ་མཛད་ནས་,,རིམས་བཞིན་དུ་དོན་,5007,ཤེར་ཕྱིན། ཆ།.txt
སྒོ་ཅན་གྱི་གླན་ཀ་ལ་,,རིམས་བཞིན་དུ་དོན་,8108,ཤེར་ཕྱིན། ཆ།.txt
སྒོ་ཅན་གྱི་ཀླན་ཀ་ལ་,,རིམས་བཞིན་དུ་དོན་,2998,ཤེར་ཕྱིན། ཇ།.txt
པ་མེད་པ་ཉིད་ཀྱི་ཕྱིར་,,རིམས་བཞིན་དུ་དོར་,2934,ཤེར་ཕྱིན། ཀ.txt
འདུས་མ་བྱས་པ་ཉིད་ཀྱིས་,,རིམས་བཞིན་དུ་དོར་,2934,ཤེར་ཕྱིན། ཁ།.txt
པར་བཤིག་པ་ཡིན་པའི་ཕྱིར་,,རིམས་བཞིན་དུ་ནང་,4787,ཤེར་ཕྱིན། ཆ།.txt
ཏུ་དོན་གྱི་བྱ་བ་ལ་,,རིམས་བཞིན་དུ་ནུས་,4362,ཤེར་ཕྱིན། ཆ།.txt
གྱི་ཁམས་རྣམ་པ་གཉིས་པོ་,,རིམས་བཞིན་དུ་བཀྲེས་,3395,ཤེར་ཕྱིན། ཆ།.txt
ཀྱི་ཞིང་རྣམ་པ་གཉིས་ལ་,,རིམས་བཞིན་དུ་བཀྲེས་,2766,ཤེར་ཕྱིན། ཇ།.txt
པ་ཞེས་བྱ་བའི་འགྲེས་བཞིས་,,རིམས་བཞིན་དུ་བཀུར་,3610,ཤེར་ཕྱིན། ཆ།.txt
གི་དོན་དུ་སྟེདེ་ལྟར་ན་,,རིམས་བཞིན་དུ་བཅུ་,2403,ཤེར་ཕྱིན། ཀ.txt
དོན་དུ་ཞེས་བྱ་བ་ནི་,,རིམས་བཞིན་དུ་བཅུ་,4801,ཤེར་ཕྱིན། ཆ།.txt
རྒྱས་པ་ཞེས་བྱ་བ་རྣམས་,,རིམས་བཞིན་དུ་བཅུ་,2297,ཤེར་ཕྱིན། ཁ།.txt
དེས་ཕྱེ་བའི་སྟོབས་ཀྱིས་,,རིམས་བཞིན་དུ་བདག་,1123,ཤེར་ཕྱིན། ཆ།.txt
པའི་ལམ་རྟོགས་པའི་དབྱེ་བས་,,རིམས་བཞིན་དུ་བདག་,7503,ཤེར་ཕྱིན། ཆ།.txt
གྱིས་བསལ་བར་བྱ་བ་ནི་,,རིམས་བཞིན་དུ་བདག་,4481,ཤེར་ཕྱིན། ཇ།.txt
ཁོ་ན་ཉིད་དང་བྲལ་བས་,,རིམས་བཞིན་དུ་བདེན་,6263,ཤེར་ཕྱིན། ཆ།.txt
བྱ་བའི་རྣམ་པ་རྣམས་ཀྱིས་,,རིམས་བཞིན་དུ་བདེན་,2219,ཤེར་ཕྱིན། ཇ།.txt
ཕུན་སུམ་ཚོགས་པའི་དབྱེ་བས་,,རིམས་བཞིན་དུ་བཞུགས་,3512,ཤེར་ཕྱིན། ཆ།.txt
ཞེས་བྱ་བའི་ཚིག་གསུམ་པོ་,,རིམས་བཞིན་དུ་བཟོད་,2948,ཤེར་ཕྱིན། ཀ.txt
རབ་དང་སྙིང་རྗེ་དག་གིས་,,རིམས་བཞིན་དུ་བྱང་,1114,ཤེར་ཕྱིན། ཀ.txt
སྐབས་སུ་ཡོད་པ་སེལ་བས་,,རིམས་བཞིན་དུ་བྱང་,3494,ཤེར་ཕྱིན། ཆ།.txt
པའི་ངོ་བོ་ཉིད་དག་ལ་,,རིམས་བཞིན་དུ་བྱང་,2802,ཤེར་ཕྱིན། ཇ།.txt
ཏིང་ངེ་འཛིན་འབྱོར་པ་ནི་,,རིམས་བཞིན་དུ་བྱམས་,7114,ཤེར་ཕྱིན། ཆ།.txt
ཀྱི་མཚན་ཉིད་ཡིན་པའི་ཕྱིར་,,རིམས་བཞིན་དུ་བར་,3242,ཤེར་ཕྱིན། ཁ།.txt
སྒྲུབ་པ་དག་ནི་,,རིམས་བཞིན་དུ་བརྒྱུད་,1259,ཤེར་ཕྱིན། ཆ།.txt
པ་ལགས་ནཇི་ལྟར་འགྱུར་ཞེས་,,རིམས་བཞིན་དུ་བརྗོད་,1424,ཤེར་ཕྱིན། མ།.txt
སོགས་པ་ཚིག་བདུན་གྱི་དོན་,,རིམས་བཞིན་དུ་བརྗོད་,3014,ཤེར་ཕྱིན། ཆ།.txt
དང་དུས་ཕྱི་མ་དག་ཏུ་,,རིམས་བཞིན་དུ་བརྗོད་,4387,ཤེར་ཕྱིན། ཆ།.txt
ཞི་བའི་རྣམ་པ་བཞི་དང་,,རིམས་བཞིན་དུ་བརྗོད་,4304,ཤེར་ཕྱིན། ཇ།.txt
བསམ་གྱིས་མི་ཁྱབ་པ་ནི་,,རིམས་བཞིན་དུ་བརྟགས་,4165,ཤེར་ཕྱིན། ཆ།.txt
དམན་པ་ཞེས་བྱ་བ་ནི་,,རིམས་བཞིན་དུ་བརྟགས་,5263,ཤེར་ཕྱིན། ཆ།.txt
གི་བྱ་བ་རྣམས་མེད་པས་,,རིམས་བཞིན་དུ་བརྩོན་,5602,ཤེར་ཕྱིན། ཆ།.txt
བཏགས་པའི་ཡིད་ལ་བྱེད་པ་,,རིམས་བཞིན་དུ་བླ་,2286,ཤེར་ཕྱིན། ཇ།.txt
ཉིད་དུ་རྟོགས་པའི་དོན་རྣམས་,,རིམས་བཞིན་དུ་བླགས་,3000,ཤེར་ཕྱིན། ཇ།.txt
དེ་ནས་,,རིམས་བཞིན་དུ་བསྒོམ་,140,ཤེར་ཕྱིན། ཇ།.txt
པར་བྱ་བ་ཡིན་པའི་ཕྱིར་,,རིམས་བཞིན་དུ་བསྙེན་,5692,ཤེར་ཕྱིན། ཆ།.txt
དེ་དག་ཉིད་,,རིམས་བཞིན་དུ་བསྟན་,1023,ཤེར་ཕྱིན། མ།.txt
ཏོ་ཞེས་དོགས་པ་ལགཏན་ཚིགས་,,རིམས་བཞིན་དུ་བསྟན་,1162,ཤེར་ཕྱིན། མ།.txt
རྣམས་ཚིག་གསུམ་པོ་དག་གིས་,,རིམས་བཞིན་དུ་བསྟན་,3457,ཤེར་ཕྱིན། མ།.txt
པའི་གདམས་ངག་རྣམ་པ་བཅུ་,,རིམས་བཞིན་དུ་བསྟན་,581,ཤེར་ཕྱིན། ཆ།.txt
པ་སྤྱིར་བསྟན་ནས་དེའི་ཐབས་,,རིམས་བཞིན་དུ་བསྟན་,5367,ཤེར་ཕྱིན། ཆ།.txt
ཞེས་བྱ་བ་ལ་སོགས་པས་,,རིམས་བཞིན་དུ་བསྟན་,3569,ཤེར་ཕྱིན། ཇ།.txt
ཞིང་ལྷག་པ་མ་ཡིན་པར་,,རིམས་བཞིན་དུ་བསྟན་,3808,ཤེར་ཕྱིན། ཇ།.txt
དགོན་པ་ལ་སོགས་པ་དེར་,,རིམས་བཞིན་དུ་བསྟེན་,7273,ཤེར་ཕྱིན། ཆ།.txt
ཞེས་བྱ་བའི་འགྲེས་བཞིས་ནི་,,རིམས་བཞིན་དུ་བསྟོད་,3605,ཤེར་ཕྱིན། ཆ།.txt
རབ་འཆལ་བའི་གཉེན་པོ་ནི་,,རིམས་བཞིན་དུ་བསམ་,7306,ཤེར་ཕྱིན། ཆ།.txt
དེ་ལས་ཟློག་པར་བྱེད་པས་,,རིམས་བཞིན་དུ་བསྲུང་,2717,ཤེར་ཕྱིན། ཆ།.txt
གཅོད་པའི་དབང་དུ་མཛད་ནས་,,རིམས་བཞིན་དུ་བསྲུང་,2786,ཤེར་ཕྱིན། ཆ།.txt
དང༌དེ་སེལ་བར་བྱེད་པས་,,རིམས་བཞིན་དུ་བསྲུང་,2787,ཤེར་ཕྱིན། ཆ།.txt
ཆད་ཀྱི་དབང་དུ་མཛད་ནས་,,རིམས་བཞིན་དུ་བསྲུང་,1631,ཤེར་ཕྱིན། ཁ།.txt
དང་མ་སྐྱེས་པ་དག་ལ་,,རིམས་བཞིན་དུ་བསལ་,3122,ཤེར་ཕྱིན། ཀ.txt
སྤྱིའི་ངོ་བོ་དང་བྲལ་བས་,,རིམས་བཞིན་དུ་མ་,4018,ཤེར་ཕྱིན། ཆ།.txt
སུ་ཆུད་པ་ཡིན་པའི་ཕྱིར་,,རིམས་བཞིན་དུ་མ་,7191,ཤེར་ཕྱིན། ཆ།.txt
པ་བསྐྱེད་པར་བྱ་བའི་ཕྱིར་,,རིམས་བཞིན་དུ་མ་,8429,ཤེར་ཕྱིན། ཆ།.txt
ཉིད་དང༌ནུས་པ་ཉིད་ལ་,,རིམས་བཞིན་དུ་མངོན་,3833,ཤེར་ཕྱིན། ཆ།.txt
བཀྲམ་པ་དང་གཏོར་བས་ན་,,རིམས་བཞིན་དུ་མངོན་,3994,ཤེར་ཕྱིན། ཆ།.txt
མི་ཆུད་ཅེས་བྱེ་བ་ནི་,,རིམས་བཞིན་དུ་མངོན་,4227,ཤེར་ཕྱིན། ཆ།.txt
མ་ཡིན་ན་དེ་ཇི་ལྟར་,,རིམས་བཞིན་དུ་མཆོག་,330,ཤེར་ཕྱིན། མ།.txt
ལ་སོགས་པ་ཚིག་གསུམ་ནི་,,རིམས་བཞིན་དུ་མཉན་,1900,ཤེར་ཕྱིན། ཆ།.txt
མེད་པ་ཉིད་ཡིན་པའི་ཕྱིར་,,རིམས་བཞིན་དུ་མཉམ་,4969,ཤེར་ཕྱིན། ཇ།.txt
ལྟར་མངོན་པར་རྟོགས་པ་བརྒྱད་,,རིམས་བཞིན་དུ་མདོར་,3511,ཤེར་ཕྱིན། ཇ།.txt
ཀྱི་ཏིང་ངེ་འཛིན་དག་ནི་,,རིམས་བཞིན་དུ་མྱ་,1058,ཤེར་ཕྱིན། ཉ།.txt
ས་དགུ་ལ་སོ་སོ་འམ་,,རིམས་བཞིན་དུ་མི་,4337,ཤེར་ཕྱིན། ཆ།.txt
རྒྱུན་མི་རྟག་པ་དག་གིས་,,རིམས་བཞིན་དུ་མི་,5346,ཤེར་ཕྱིན། ཆ།.txt
དང་མཐར་ཐུག་པའི་ལམ་ལ་,,རིམས་བཞིན་དུ་མི་,5443,ཤེར་ཕྱིན། ཆ།.txt
བསྒོམ་པའི་བྱ་བ་འགོག་པས་,,རིམས་བཞིན་དུ་མི་,5627,ཤེར་ཕྱིན། ཆ།.txt
ངོ་བོ་དང་བྲལ་བས་ན་,,རིམས་བཞིན་དུ་མི་,5765,ཤེར་ཕྱིན། ཆ།.txt
འོངས་པའི་དུས་མེད་པའི་ཕྱིར་,,རིམས་བཞིན་དུ་མི་,7999,ཤེར་ཕྱིན། ཆ།.txt
དག་གིས་རྒོད་པ་ལ་ནི་,,རིམས་བཞིན་དུ་མི་,5261,ཤེར་ཕྱིན། ཇ།.txt
ཡང་ན་ཚིག་གསུམ་,,རིམས་བཞིན་དུ་མེད་,1375,ཤེར་ཕྱིན། ཆ།.txt
འཇུག་པའི་དབང་དུ་མཛད་ནས་,,རིམས་བཞིན་དུ་ཚིག་,2491,ཤེར་ཕྱིན། ཀ.txt
འཇུག་པའི་དབང་དུ་མཛད་ནས་,,རིམས་བཞིན་དུ་ཚིག་,2412,ཤེར་ཕྱིན། ཁ།.txt
སྐབས་སུ་དམིགས་སུ་མེད་པས་,,རིམས་བཞིན་དུ་ཞི་,3923,ཤེར་ཕྱིན། ཆ།.txt
བས་བསལ་བར་བྱ་བའི་ཕྱིར་,,རིམས་བཞིན་དུ་ཞི་,7185,ཤེར་ཕྱིན། ཆ།.txt
དེ་ནི་,,རིམས་བཞིན་དུ་ཞེས་,3743,ཤེར་ཕྱིན། ཇ།.txt
ཡིད་ལ་བྱེད་པ་དེ་ནི་,,རིམས་བཞིན་དུ་ཞེས་,4440,ཤེར་ཕྱིན། ཇ།.txt
སྒྲུབ་པ་དང་ལྡན་པ་རྣམས་,,རིམས་བཞིན་དུ་ཞེས་,4801,ཤེར་ཕྱིན། ཇ།.txt
བརྟེན་པ་ཡིན་ཞེ་ནདེའི་ཕྱིར་,,རིམས་བཞིན་དུ་ཞེས་,4912,ཤེར་ཕྱིན། ཇ།.txt
དེ་ནི་དེ་ལྟར་,,རིམས་བཞིན་དུ་ཞེས་,5441,ཤེར་ཕྱིན། ཇ།.txt
ངོ་བོ་ཉིད་ཡིན་ཏེདེ་ནི་,,རིམས་བཞིན་དུ་ཞེས་,5712,ཤེར་ཕྱིན། ཇ།.txt
ཆུབ་སེམས་དཔའའི་བྱེ་བྲག་གི་,,རིམས་བཞིན་དུ་ཟག་,4812,ཤེར་ཕྱིན། ཆ།.txt
རྣམ་གྲངས་ཀྱིས་བསྟན་པ་ནི་,,རིམས་བཞིན་དུ་ཟག་,5372,ཤེར་ཕྱིན། ཆ།.txt
དང་མ་སྐྱེས་པ་དག་གི་,,རིམས་བཞིན་དུ་ཟད་,7884,ཤེར་ཕྱིན། ཆ།.txt
ཆུབ་པའི་དབང་དུ་བྱས་ནས་,,རིམས་བཞིན་དུ་ཟབ་,4865,ཤེར་ཕྱིན། ཆ།.txt
སྐུ་གསུམ་ལས་ཉམས་པ་ནི་,,རིམས་བཞིན་དུ་འཁོར་,5155,ཤེར་ཕྱིན། ཆ།.txt
ནི་འགོག་པའི་བདེན་པ་ལ་,,རིམས་བཞིན་དུ་འགོག་,4713,ཤེར་ཕྱིན། ཆ།.txt
བྲལ་བ་ཉིད་ཅེས་བྱ་བ་,,རིམས་བཞིན་དུ་འཆད་,2455,ཤེར་ཕྱིན། ཁ།.txt
བ་བསྐྱེད་པ་ཡིན་པའི་ཕྱིར་,,རིམས་བཞིན་དུ་འཇིགས་,7104,ཤེར་ཕྱིན། ཆ།.txt
དང་བསྒོམ་པའི་ལམ་དག་ལ་,,རིམས་བཞིན་དུ་འདམ་,327,ཤེར་ཕྱིན། ཀ.txt
ཐོབ་པར་བྱེད་པ་ཡིན་པས་,,རིམས་བཞིན་དུ་འདྲེན་,7315,ཤེར་ཕྱིན། ཆ།.txt
པ་སྟེརྣམ་པ་འདི་དག་ནི་,,རིམས་བཞིན་དུ་འདི་,4674,ཤེར་ཕྱིན། ཇ།.txt
རྟོགས་པར་མི་ནུས་པའི་ཕྱིར་,,རིམས་བཞིན་དུ་འདིའི་,7396,ཤེར་ཕྱིན། ཆ།.txt
པོ་ལ་སོགས་པའི་སྟོབས་ཀྱིས་,,རིམས་བཞིན་དུ་འདོད་,6783,ཤེར་ཕྱིན། ཆ།.txt
བ་བྱས་པའི་བག་ཆགས་རྣམས་,,རིམས་བཞིན་དུ་འཕེལ་,4934,ཤེར་ཕྱིན། ཆ།.txt
ཀྱི་ཕྱོགས་ཀྱི་ཆོས་འདི་རྣམས་,,རིམས་བཞིན་དུ་འབྱུང་,4731,ཤེར་ཕྱིན། ཇ།.txt
དག་སྔར་བཤད་པ་དག་ལས་,,རིམས་བཞིན་དུ་འབྲལ་,5090,ཤེར་ཕྱིན། ཇ།.txt
གྱིས་མི་ཁྱབ་ཅེས་བྱ་བས་,,རིམས་བཞིན་དུ་འོག་,3662,ཤེར་ཕྱིན། ཇ།.txt
རབ་ཏུ་དབྱེ་བའི་ཡུལ་ལ་,,རིམས་བཞིན་དུ་ཡང་,2384,ཤེར་ཕྱིན། ཀ.txt
བར་མཛད་པ་ཤེས་པ་ནི་,,རིམས་བཞིན་དུ་ཡང་,2618,ཤེར་ཕྱིན། ཀ.txt
གསུམ་གྱིས་ནི་བྱང་ཆུབ་ལ་,,རིམས་བཞིན་དུ་ཡང་,2353,ཤེར་ཕྱིན། ཆ།.txt
པོ་ལ་མངོན་པར་ཞེན་པས་,,རིམས་བཞིན་དུ་ཡང་,7468,ཤེར་ཕྱིན། ཆ།.txt
པར་བྱེད་པ་ཡིན་པས་ན་,,རིམས་བཞིན་དུ་ཡུམ་,7778,ཤེར་ཕྱིན། ཆ།.txt
བྱང་ཆུབ་དམ་པ་མཆོག་སྟེ་,,རིམས་བཞིན་དུ་ཡེ་,1472,ཤེར་ཕྱིན། ཉ།.txt
མ་གྲོལ་བའི་སེམས་ཅན་རྣམས་,,རིམས་བཞིན་དུ་ཡོངས་,1976,ཤེར་ཕྱིན། ཆ།.txt
པའི་རྒྱུ་ཉིད་ཡིན་པའི་ཕྱིར་,,རིམས་བཞིན་དུ་ཡོངས་,3951,ཤེར་ཕྱིན། ཆ།.txt
བ་དང་མི་སྐྱེ་བའི་རྒྱུ་,,རིམས་བཞིན་དུ་ཡོངས་,4177,ཤེར་ཕྱིན། ཆ།.txt
གསུམ་རྟོགས་པར་བྱ་བའི་ཕྱིར་,,རིམས་བཞིན་དུ་ཡོངས་,5040,ཤེར་ཕྱིན། ཆ།.txt
ཁྱད་པར་གྱི་ལམ་དག་གིས་,,རིམས་བཞིན་དུ་ཡོངས་,7126,ཤེར་ཕྱིན། ཆ།.txt
དེ་དང་སྦྱོར་བའི་སྟོབས་ཀྱིས་,,རིམས་བཞིན་དུ་རྒྱལ་,3794,ཤེར་ཕྱིན། ཇ།.txt
མེད་པའི་རྣམ་པའི་བར་ནི་,,རིམས་བཞིན་དུ་རྒྱུ་,2300,ཤེར་ཕྱིན། ཀ.txt
མེད་པར་ཞེས་བྱ་བ་ནི་,,རིམས་བཞིན་དུ་རྒྱུ་,3784,ཤེར་ཕྱིན། ཆ།.txt
ཀུན་འབྱུང་གི་བདེན་པ་ལ་,,རིམས་བཞིན་དུ་རྒྱུ་,4708,ཤེར་ཕྱིན། ཆ།.txt
ཞེས་བྱ་བའི་བར་དག་ནི་,,རིམས་བཞིན་དུ་རྒྱུ་,4745,ཤེར་ཕྱིན། ཆ།.txt
མེད་པའི་རྣམ་པ་དག་ནི་,,རིམས་བཞིན་དུ་རྒྱུ་,2448,ཤེར་ཕྱིན། ཇ།.txt
དང་ཀུན་ཤེས་པ་དག་ནི་,,རིམས་བཞིན་དུ་རང་,4211,ཤེར་ཕྱིན། ཆ།.txt
སངས་རྒྱས་ཀྱི་ཆོས་རྣམས་ལ་,,རིམས་བཞིན་དུ་རང་,772,ཤེར་ཕྱིན། ཉ།.txt
ལ་སོགས་པའི་གནས་སྐབས་སུ་,,རིམས་བཞིན་དུ་རྗེས་,5652,ཤེར་ཕྱིན། ཆ།.txt
པ་དང་གཉི་ག་དག་ལས་,,རིམས་བཞིན་དུ་རྗེས་,8182,ཤེར་ཕྱིན། ཆ།.txt
པ་དང་གཉིས་ཀ་དག་ལ་,,རིམས་བཞིན་དུ་རྗེས་,3068,ཤེར་ཕྱིན། ཇ།.txt
དག་བརྗོད་པ་ཡིན་ཏེའདི་ལྟར་,,རིམས་བཞིན་དུ་རྙེད་,5201,ཤེར་ཕྱིན། ཆ།.txt
ཡེ་ཤེས་ཀྱི་ཚོགས་དག་ནི་,,རིམས་བཞིན་དུ་རྣམ་,2988,ཤེར་ཕྱིན། ཆ།.txt
དང༌འགོག་པའི་བདེན་པ་ལ་,,རིམས་བཞིན་དུ་རྣམ་,4733,ཤེར་ཕྱིན། ཆ།.txt
མ་ཡིན་པ་ཉིད་ཀྱིས་ན་,,རིམས་བཞིན་དུ་རྣམ་,6245,ཤེར་ཕྱིན། ཆ།.txt
རྣམ་པར་བསྒོམ་པའི་དབྱེ་བས་,,རིམས་བཞིན་དུ་རྣམ་,6336,ཤེར་ཕྱིན། ཆ།.txt
དང་བྲལ་བ་ཉིད་ཀྱིས་ན་,,རིམས་བཞིན་དུ་རྣམ་,7379,ཤེར་ཕྱིན། ཆ།.txt
རྒྱུ་དང་འབྲས་བུའི་དབྱེ་བས་,,རིམས་བཞིན་དུ་རྣམ་,8167,ཤེར་ཕྱིན། ཆ།.txt
རྣམ་པར་བསྒོམ་པའི་དབྱེ་བས་,,རིམས་བཞིན་དུ་རྣམ་,2640,ཤེར་ཕྱིན། ཇ།.txt
བཅུ་པོ་འདི་དག་ནི་,,རིམས་བཞིན་དུ་རབ་,434,ཤེར་ཕྱིན། ཆ།.txt
མི་རྟོག་པའི་ཡེ་ཤེས་ནི་,,རིམས་བཞིན་དུ་རྨི་,6938,ཤེར་ཕྱིན། ཆ།.txt
ཤེས་རབ་ཕུལ་དུ་བྱུང་བས་,,རིམས་བཞིན་དུ་རྨི་,1078,ཤེར་ཕྱིན། ཉ།.txt
ལ་སོགས་པ་དེ་དག་ནི་,,རིམས་བཞིན་དུ་རྩེ་,7525,ཤེར་ཕྱིན། ཆ།.txt
དུ་མེད་ཅེས་བྱ་བ་ནི་,,རིམས་བཞིན་དུ་རྫས་,695,ཤེར་ཕྱིན། ཉ།.txt
བྱས་ནས་ཚིག་དགུ་པོ་རྣམས་,,རིམས་བཞིན་དུ་རིག་,2060,ཤེར་ཕྱིན། ཀ.txt
པ་བཅུ་གཉིས་ཀྱི་གཉེན་པོར་,,རིམས་བཞིན་དུ་རིག་,3201,ཤེར་ཕྱིན། མ།.txt
སྣ་ཚོགས་ལ་སོགས་པ་ནི་,,རིམས་བཞིན་དུ་རིགས་,594,ཤེར་ཕྱིན། ཉ།.txt
ཁྱད་པར་གྱི་ལམ་རྣམས་སུ་,,རིམས་བཞིན་དུ་རིང་,4144,ཤེར་ཕྱིན། ཆ།.txt
ལ་བདེ་བ་དང་སྡུག་བསྔལ་,,རིམས་བཞིན་དུ་ལྡན་,3191,ཤེར་ཕྱིན། ཆ།.txt
དང་འབྲིང་དང་ཆེན་པོ་རྣམས་,,རིམས་བཞིན་དུ་ལྡན་,7091,ཤེར་ཕྱིན། ཆ།.txt
པ་བསྐྱེད་པར་བྱ་བའི་ཕྱིར་,,རིམས་བཞིན་དུ་ལན་,7152,ཤེར་ཕྱིན། ཆ།.txt
པ་དགུའི་གཉེན་པོའི་ངོ་བོར་,,རིམས་བཞིན་དུ་ལམ་,4337,ཤེར་ཕྱིན། ཆ།.txt
ནི་ལམ་གྱི་བདེན་པ་ལ་,,རིམས་བཞིན་དུ་ལམ་,4718,ཤེར་ཕྱིན། ཆ།.txt
ཁྱད་པར་གྱི་ལམ་རྣམས་ལ་,,རིམས་བཞིན་དུ་ལམ་,5752,ཤེར་ཕྱིན། ཆ།.txt
པ་དགུའི་གཉེན་པོའི་ངོ་བོར་,,རིམས་བཞིན་དུ་ལམ་,2331,ཤེར་ཕྱིན། ཇ།.txt
མེད་པའི་རྣམ་པ་སྟེབཞི་ནི་,,རིམས་བཞིན་དུ་ལམ་,2439,ཤེར་ཕྱིན། ཇ།.txt
པས་ཕྱོགས་གཉི་ག་ལ་ཡང་,,རིམས་བཞིན་དུ་ལུང་,5693,ཤེར་ཕྱིན། ཇ།.txt
ཉོན་ཅིག་ཅེས་བྱ་བ་ནི་,,རིམས་བཞིན་དུ་ལེགས་,2005,ཤེར་ཕྱིན། ཆ།.txt
ཀྱི་གཉེན་པོ་ཡིན་པའི་ཕྱིར་,,རིམས་བཞིན་དུ་ལེགས་,2733,ཤེར་ཕྱིན། ཆ།.txt
བོ་ཉིད་ཀྱི་ཕྱོགས་དག་ལ་,,རིམས་བཞིན་དུ་ལེན་,7534,ཤེར་ཕྱིན། ཆ།.txt
སོགས་པའི་རྣམ་པར་དག་པ་,,རིམས་བཞིན་དུ་ཤིན་,4328,ཤེར་ཕྱིན། ཆ།.txt
དག་དང་གཉི་གའི་ཚུལ་དུ་,,རིམས་བཞིན་དུ་ཤེས་,4197,ཤེར་ཕྱིན། ཆ།.txt
གཡོ་བའི་རྣམ་པ་སྟེདྲུག་ནི་,,རིམས་བཞིན་དུ་ཤེས་,4726,ཤེར་ཕྱིན། ཆ།.txt
བ་དང་བསྒོམ་པའི་ལམ་ལ་,,རིམས་བཞིན་དུ་ཤེས་,5123,ཤེར་ཕྱིན། ཆ།.txt
གཡོ་བའི་རྣམ་པ་སྟེདྲུག་ནི་,,རིམས་བཞིན་དུ་ཤེས་,2441,ཤེར་ཕྱིན། ཇ།.txt
བས་,,རིམས་བཞིན་དུ་ཤེས་,4731,ཤེར་ཕྱིན། ཇ།.txt
དང་འདྲ་བའི་མཚན་ཉིད་དུ་,,རིམས་བཞིན་དུ་ཤེས་,3295,ཤེར་ཕྱིན། ཁ།.txt
འཕགས་པའི་གང་ཟག་དག་ལ་,,རིམས་བཞིན་དུ་སྐྱེས་,7549,ཤེར་ཕྱིན། ཆ།.txt
འཕགས་པའི་གང་ཟག་དག་གི་,,རིམས་བཞིན་དུ་སྐྱེས་,2811,ཤེར་ཕྱིན། ཇ།.txt
ངུ་ལ་སོགས་པའི་དབྱེ་བས་,,རིམས་བཞིན་དུ་སྐྲག་,431,ཤེར་ཕྱིན། མ།.txt
དེ་ལ་ཡང་,,རིམས་བཞིན་དུ་སྒྲ་,3798,ཤེར་ཕྱིན། ཇ།.txt
ཤེས་བྱའི་སྒྲིབ་པ་མེད་པས་,,རིམས་བཞིན་དུ་སྒྲིབ་,3747,ཤེར་ཕྱིན། ཆ།.txt
གཞན་མ་ཡིན་ཞེས་བྱ་བ་,,རིམས་བཞིན་དུ་སྒྲོ་,6690,ཤེར་ཕྱིན། ཆ།.txt
པ་ཉེ་བར་སྒྲུབ་པ་ན་,,རིམས་བཞིན་དུ་སངས་,7022,ཤེར་ཕྱིན། ཆ།.txt
ཟད་པ་མི་མངའ་བའི་ཕྱིར་,,རིམས་བཞིན་དུ་སངས་,8245,ཤེར་ཕྱིན། ཆ།.txt
ངོ་བོ་ཉིད་དུ་བསྟན་པས་,,རིམས་བཞིན་དུ་སངས་,8571,ཤེར་ཕྱིན། ཆ།.txt
ཟད་པ་མི་མངའ་བའི་ཕྱིར་,,རིམས་བཞིན་དུ་སངས་,3110,ཤེར་ཕྱིན། ཇ།.txt
སྐབས་ཐ་དད་པ་ཉིད་ཀྱིས་,,རིམས་བཞིན་དུ་སྔ་,5428,ཤེར་ཕྱིན། ཆ།.txt
བྱ་བ་ནི་,,རིམས་བཞིན་དུ་སྙིང་,1395,ཤེར་ཕྱིན། ཆ།.txt
པ་རྣམ་པ་བརྒྱད་འགོག་པས་,,རིམས་བཞིན་དུ་སྟོང་,4762,ཤེར་ཕྱིན། ཆ།.txt
བསྒོམ་པ་ལ་སོགས་པ་ལ་,,རིམས་བཞིན་དུ་སྟོང་,7130,ཤེར་ཕྱིན། ཆ།.txt
ལྟ་བུའི་ངོ་བོ་ཉིད་ལ་,,རིམས་བཞིན་དུ་སྟོང་,2469,ཤེར་ཕྱིན། ཇ།.txt
དུ་མེད་པ་ཉིད་ཀྱིས་ན་,,རིམས་བཞིན་དུ་སྟོང་,4701,ཤེར་ཕྱིན། ཇ།.txt
པར་བལྟ་བར་བྱའོདེ་བཞིན་དུ་,,རིམས་བཞིན་དུ་སྟོང་,5053,ཤེར་ཕྱིན། ཇ།.txt
བྱེད་པ་འདིའི་རྒྱུ་འདི་ཡང་,,རིམས་བཞིན་དུ་སྟོན་,1138,ཤེར་ཕྱིན། མ།.txt
ནོ་ཞེས་དགོངས་ནས་ཞར་ལ་,,རིམས་བཞིན་དུ་སྟོན་,1245,ཤེར་ཕྱིན། མ།.txt
ཞེས་བྱ་བ་ལ་སོགས་པས་,,རིམས་བཞིན་དུ་སྟོན་,3542,ཤེར་ཕྱིན། ཇ།.txt
བ་ལ་སོགས་པ་དག་གིས་,,རིམས་བཞིན་དུ་སྟོན་,3557,ཤེར་ཕྱིན། ཇ།.txt
ཞེས་བྱ་བ་ལ་སོགས་པ་,,རིམས་བཞིན་དུ་སྟོན་,3602,ཤེར་ཕྱིན། ཇ།.txt
ཁྱད་པར་ཅན་སྐྱེ་བས་ན་,,རིམས་བཞིན་དུ་སྟོབས་,3213,ཤེར་ཕྱིན། ཆ།.txt
རྣམ་པ་སྟེ་བཅུ་གཉིས་ནི་,,རིམས་བཞིན་དུ་སྡུག་,2437,ཤེར་ཕྱིན། ཇ།.txt
བཅུ་གཉིས་པོ་འདི་དག་ནི་,,རིམས་བཞིན་དུ་སྡུག་,4635,ཤེར་ཕྱིན། ཇ།.txt
ཡིན་ཏེདེ་ལྟར་བཅུ་དྲུག་པོའི་,,རིམས་བཞིན་དུ་སྡུག་,4912,ཤེར་ཕྱིན། ཇ།.txt
བོ་དང༌སངས་རྒྱས་ཀྱི་ཆོས་,,རིམས་བཞིན་དུ་སྤང་,291,ཤེར་ཕྱིན། མ།.txt
འདུས་མ་བྱས་ཡིན་པའི་ཕྱིར་,,རིམས་བཞིན་དུ་སྤང་,6594,ཤེར་ཕྱིན། ཆ།.txt
པར་རྟོག་པ་སྟེདེ་དག་གི་,,རིམས་བཞིན་དུ་སྤངས་,4348,ཤེར་ཕྱིན། ཇ།.txt
གཅིག་དང་བཞི་དང་གཅིག་གི་,,རིམས་བཞིན་དུ་སྤྲུལ་,1241,ཤེར་ཕྱིན། ཀ.txt
པའི་བྱང་ཆུབ་སེམས་དཔའ་ལ་,,རིམས་བཞིན་དུ་སྤྲོ་,3566,ཤེར་ཕྱིན། ཆ།.txt
པ་ལ་སོགས་པའི་ཚིག་ལྔ་,,རིམས་བཞིན་དུ་སྦྱར་,1554,ཤེར་ཕྱིན། ཀ.txt
ཕྱིར་ཚིག་རྣམ་པ་བཞི་དང་,,རིམས་བཞིན་དུ་སྦྱར་,953,ཤེར་ཕྱིན། མ།.txt
བའི་དངོས་པོ་སྤངས་པ་དང་,,རིམས་བཞིན་དུ་སྦྱར་,3723,ཤེར་ཕྱིན། ཆ།.txt
ཞེས་བྱ་བའི་ཚིག་བཞི་དང་,,རིམས་བཞིན་དུ་སྦྱར་,4067,ཤེར་ཕྱིན། ཆ།.txt
ལ་སོགས་པའི་ཚིག་བཞི་དང་,,རིམས་བཞིན་དུ་སྦྱར་,4196,ཤེར་ཕྱིན། ཆ།.txt
སོགས་པའི་གནས་སྐབས་གསུམ་དུ་,,རིམས་བཞིན་དུ་སྦྱར་,4224,ཤེར་ཕྱིན། ཆ།.txt
རང་བཞིན་གྱི་ཤེས་པ་དང་,,རིམས་བཞིན་དུ་སྦྱར་,4850,ཤེར་ཕྱིན། ཆ།.txt
བཞིན་གསུམ་རྟོག་པས་ཡིན་པར་,,རིམས་བཞིན་དུ་སྦྱར་,5085,ཤེར་ཕྱིན། ཆ།.txt
ཤེས་པའི་བརྩོན་འགྲུས་དག་དང་,,རིམས་བཞིན་དུ་སྦྱར་,5720,ཤེར་ཕྱིན། ཆ།.txt
ཞེས་བྱ་བའི་ཚིག་གསུམ་དང་,,རིམས་བཞིན་དུ་སྦྱར་,6285,ཤེར་ཕྱིན། ཆ།.txt
བྱ་བར་མི་སྲིད་པའི་ཕྱིར་,,རིམས་བཞིན་དུ་སྦྱར་,6364,ཤེར་ཕྱིན། ཆ།.txt
སེམས་གཞན་དུ་མི་འགྱུར་ཞེས་,,རིམས་བཞིན་དུ་སྦྱར་,6475,ཤེར་ཕྱིན། ཆ།.txt
མ་བཅུ་དྲུག་ཐོབ་པ་དང་,,རིམས་བཞིན་དུ་སྦྱར་,6547,ཤེར་ཕྱིན། ཆ།.txt
བྱུང་བའི་ཤེས་རབ་ཀྱིས་ཞེས་,,རིམས་བཞིན་དུ་སྦྱར་,6701,ཤེར་ཕྱིན། ཆ།.txt
དང་ཆ་ཤས་མཛེས་པའི་ཕྱིར་,,རིམས་བཞིན་དུ་སྦྱར་,6715,ཤེར་ཕྱིན། ཆ།.txt
པར་འབྱུང་བའི་བསྒྲུབ་པ་དང་,,རིམས་བཞིན་དུ་སྦྱར་,6765,ཤེར་ཕྱིན། ཆ།.txt
ལྡོན་ཞིང་ཞེས་བྱ་བ་དང་,,རིམས་བཞིན་དུ་སྦྱར་,7152,ཤེར་ཕྱིན། ཆ།.txt
ཤེས་པར་བྱ་བའི་དོན་དུ་,,རིམས་བཞིན་དུ་སྦྱར་,7213,ཤེར་ཕྱིན། ཆ།.txt
ཏུ་རྟོགས་པ་ཐོབ་པ་དང་,,རིམས་བཞིན་དུ་སྦྱར་,7675,ཤེར་ཕྱིན། ཆ།.txt
བས་རྣམ་པར་ཞིག་པའི་ཕྱིར་,,རིམས་བཞིན་དུ་སྦྱར་,8543,ཤེར་ཕྱིན། ཆ།.txt
ཕྱོགས་པའི་གནས་སྐབས་རྣམས་སུ་,,རིམས་བཞིན་དུ་སྦྱར་,704,ཤེར་ཕྱིན། ཁ།.txt
པར་དགའ་བ་བསྐྱེད་པ་རྣམས་,,རིམས་བཞིན་དུ་སྦྱར་,1911,ཤེར་ཕྱིན། ཁ།.txt
རོལ་ཏུ་ཕྱིན་པའི་སྤྱད་པས་,,རིམས་བཞིན་དུ་སྦྱིན་,3120,ཤེར་ཕྱིན། ཀ.txt
ངུ་དང་འབྲིང་དང་ཆེན་པོས་,,རིམས་བཞིན་དུ་སྦྱོར་,2455,ཤེར་ཕྱིན། ཀ.txt
ལ་སོགས་པ་ཚིག་གསུམ་ནི་,,རིམས་བཞིན་དུ་སྦྱོར་,1067,ཤེར་ཕྱིན། ཆ།.txt
སྟོབས་བསྐྱེད་པ་ཞེས་བྱ་བས་,,རིམས་བཞིན་དུ་སྦྱོར་,2774,ཤེར་ཕྱིན། ཆ།.txt
བསྒོམས་ཏེ་ཞེས་བྱ་བ་ནི་,,རིམས་བཞིན་དུ་སྦྱོར་,4924,ཤེར་ཕྱིན། ཆ།.txt
ལམ་གྱི་བདེན་པ་དག་ལ་,,རིམས་བཞིན་དུ་སྦྱོར་,6564,ཤེར་ཕྱིན། ཆ།.txt
བ་མཐར་ཐུག་པའི་འོག་ཏུ་,,རིམས་བཞིན་དུ་སྦུད་,197,ཤེར་ཕྱིན། ཀ.txt
ལ་སོགས་པ་ཚིག་གསུམ་ནི་,,རིམས་བཞིན་དུ་སྨྲ་,512,ཤེར་ཕྱིན། ཆ།.txt
ལྡན་པའི་དབང་དུ་བྱས་ནས་,,རིམས་བཞིན་དུ་སྨྲ་,6148,ཤེར་ཕྱིན། ཆ།.txt
པ་པོར་གྱུར་པའི་དངོས་པོ་,,རིམས་བཞིན་དུ་སྨོན་,328,ཤེར་ཕྱིན། མ།.txt
མེད་པའི་བར་འདི་རྣམས་ནི་,,རིམས་བཞིན་དུ་སེམས་,2309,ཤེར་ཕྱིན། ཀ.txt
བ་ལས་རྣམ་པར་གྲོལ་བས་,,རིམས་བཞིན་དུ་སེམས་,178,ཤེར་ཕྱིན། ཆ།.txt
མེད་པའི་རྣམ་པ་དག་ལས་,,རིམས་བཞིན་དུ་སེམས་,4753,ཤེར་ཕྱིན། ཆ།.txt
མ་ཡིན་ན་དེ་ཇི་ལྟར་,,རིམས་བཞིན་དུ་སོ་,287,ཤེར་ཕྱིན། མ།.txt
པོ་དེ་དག་ཀྱང་འོག་ནས་,,རིམས་བཞིན་དུ་སོ་,1687,ཤེར་ཕྱིན། ཕ།.txt
རབ་ཏུ་དབྱེ་བའི་ཡུལ་ལ་,,རིམས་བཞིན་དུ་སོ་,2271,ཤེར་ཕྱིན། ཁ།.txt
དུ་མངོན་པར་རྟོགས་པའི་ཕྱིར་,,རིམས་བཞིན་དུཐམས་ཅད་,3608,ཤེར་ཕྱིན། ཀ.txt
ལ་སྡུག་བསྔལ་གྱི་བདེན་པའི་,,རིམས་བཞིན་དུམི་རྟག་,2179,ཤེར་ཕྱིན། ཇ།.txt
པ་དང་ལྡན་པ་རྣམས་ཀྱི་,,རིམས་བཞིན་དུཚེགས་ཆེན་,2506,ཤེར་ཕྱིན། ཇ།.txt
བསྐྲུན་པ་ཞེས་བྱ་བ་ནི་,,རིམས་བཞིན་དུརང་བཞིན་,5613,ཤེར་ཕྱིན། ཆ།.txt
གསུམ་དང༌རང་སངས་རྒྱས་རྣམས་,,རིམས་བཞིན་དུརིགས་དང༌,2149,ཤེར་ཕྱིན། ཇ།.txt
སོགས་པའི་རྣམ་པར་དག་པ་,,རིམས་བཞིན་དུཤིན་ཏུ་,2327,ཤེར་ཕྱིན། ཇ།.txt
གསུམ་སྤང་བའི་ཕྱིར་གསུངས་ཏེ་,,རིམས་བཞིན་ནོ་,2718,ཤེར་ཕྱིན། མ།.txt
གཏན་ཚིགས་སུ་གསུངས་པ་སྟེ་,,རིམས་བཞིན་ནོ་,3102,ཤེར་ཕྱིན། མ།.txt
སྤྱན་རྣམ་པ་ལྔ་དང་,,རིམས་བཞིན་ནོ་,3774,ཤེར་ཕྱིན། མ།.txt
སེམས་བསྐྱེད་པ་གཉིས་བཤད་དེ་,,རིམས་བཞིན་ནོ་,4257,ཤེར་ཕྱིན། མ།.txt
འགྱུར་ཞེས་བྱ་བའི་ཚིག་གསུམ་,,རིམས་བཞིན་བསྟན་པ་,636,ཤེར་ཕྱིན། ཁ།.txt
སྟོབས་ཀྱིས་ཡོངས་སུ་བཟུང་བས་,,རིམས་བཞིན་མི་སློབ་,503,ཤེར་ཕྱིན། ཇ།.txt
རང་བཞིན་དུ་མཐོང་བའི་ཕྱིར་,,རིམས་བཞིན་ཤེས་རབ་,7747,ཤེར་ཕྱིན། ཆ།.txt
པར་དགའ་བར་བྱེད་པ་རྣམས་,,རིམས་བཞིན་སྦྱར་བར་,2097,ཤེར་ཕྱིན། ཀ.txt
གྱིས་སྐབས་རྣམ་པ་བརྒྱད་ཀྱི་,,རིམས་བསྟན་པའི་ཕྱིརཐམས་,3507,ཤེར་ཕྱིན། ཇ།.txt
པ་ནི་ཕྱིས་བཤད་དོ་ཞེས་,,རིམས་བསྟན་པའི་མཚམས་,3776,ཤེར་ཕྱིན། མ།.txt
དང་ཐ་མའི་ལས་བསྟན་པའི་,,རིམས་བསྟན་པའི་རིམ་,3244,ཤེར་ཕྱིན། ཇ།.txt
བསྡུས་པ་བསྒོམ་པའི་དོན་གྱི་,,རིམས་བསྟན་པར་བྱ་,139,ཤེར་ཕྱིན། ཇ།.txt
དེ་བཞིན་དུ་འབྲེལ་པ་དང་,,རིམས་བསྟན་པར་བྱའོ་,90,ཤེར་ཕྱིན། ཆ།.txt
དག་བསྟན་པ་དེ་དག་གི་,,རིམས་བསྡུ་བ་འབའ་,114,ཤེར་ཕྱིན། ཀ.txt
སྙེད་བསྟན་པ་དེ་དག་གི་,,རིམས་བསྡུ་བ་འབའ་,111,ཤེར་ཕྱིན། ཁ།.txt
གཞན་དག་ནི་,,རིམས་བསྣོར་ཏེ་བདག་,86,ཤེར་ཕྱིན། མ།.txt
ལ་ཞུགས་པའོ་ཞེས་བྱ་བའི་,,རིམས་བསྣོར་ནས་ཀྱང་,748,ཤེར་ཕྱིན། མ།.txt
མི་འབྱུང་བ་མེད་པ་གཉིས་,,རིམས་བསྣོར་ནས་རྣམ་,1621,ཤེར་ཕྱིན། མ།.txt
བརྗོད་པ་ནིབར་དུ་གཅོད་པའི་,,རིམས་མ་ངེས་པར་,5234,ཤེར་ཕྱིན། ཆ།.txt
གཞན་གྱི་དོན་ལ་སོགས་པའི་,,རིམས་མ་བསྟན་མོད་,5919,ཤེར་ཕྱིན། ཇ།.txt
ཕྱོགས་འདིས་ནི་སྐབས་,,རིམས་མ་ཚང་བ་,1156,ཤེར་ཕྱིན། ཀ.txt
འདིས་ནི་རབ་ཏུ་བྱེད་པའི་,,རིམས་མ་ཚང་བའི་,951,ཤེར་ཕྱིན། ཁ།.txt
མངོན་པར་ཁྱབ་པར་བྱས་པ་,,རིམས་མ་ཡིན་པར་,5547,ཤེར་ཕྱིན། ཇ།.txt
བརྒྱ་ལ་སོགས་པ་སྨོས་པས་,,རིམས་མང་པོ་ཡིན་,281,ཤེར་ཕྱིན། ཁ།.txt
དེའི་འོག་ཏུ་,,རིམས་མི་འགལ་བར་,2569,ཤེར་ཕྱིན། མ།.txt
གྲངས་དོན་,,རིམས་མིང་དང་དབྱེ་,4227,ཤེར་ཕྱིན། ཀ.txt
འབྲེལ་པའི་དབང་དུ་བྱས་པའི་,,རིམས་མེད་པསསྟོང་ཕྲག་,4398,ཤེར་ཕྱིན། ཇ།.txt
དག་ལ་མངོན་པར་རྟོགས་པའི་,,རིམས་འགའ་ཡང་ཡོད་,1157,ཤེར་ཕྱིན། ཀ.txt
ལ་ནི་མངོན་པར་རྟོགས་པའི་,,རིམས་འགའ་ཡང་ཡོད་,952,ཤེར་ཕྱིན། ཁ།.txt
ཕ་རོལ་ཏུ་ཕྱིན་པའི་,,རིམས་འདི་ནི་ཚད་,850,ཤེར་ཕྱིན། ཁ།.txt
ཉི་ཤུ་པོ་འདི་དག་གི་,,རིམས་འདི་ནི་རིགས་,2480,ཤེར་ཕྱིན། ཀ.txt
ཉི་ཤུ་པོ་དེ་དག་གི་,,རིམས་འདི་ནི་རིགས་,4977,ཤེར་ཕྱིན། ཆ།.txt
ཉི་ཤུ་པོ་དེ་དག་གི་,,རིམས་འདི་ནི་རིགས་,4803,ཤེར་ཕྱིན། ཇ།.txt
ཉི་ཤུ་པོ་དེ་དག་གི་,,རིམས་འདི་ནི་རིགས་,2396,ཤེར་ཕྱིན། ཁ།.txt
སྐྱེ་བའི་རིམ་པ་,,རིམས་ཡིན་,440,ཤེར་ཕྱིན། ཐ།.txt
ཡང་བསྟན་པའི་,,རིམས་ཡིན་ཏེའབྲས་བུ་,4144,ཤེར་ཕྱིན། ཇ།.txt
ཡིན་པ་འདི་ནི་རྟོགས་པའི་,,རིམས་ཡིན་ནོ་,908,ཤེར་ཕྱིན། ཀ.txt
འདི་ནི་,,རིམས་ཡིན་ནོ་,1156,ཤེར་ཕྱིན། ཆ།.txt
ཤེས་འབྱུང་བའི་ཕྱིར་ཏེའདི་ནི་,,རིམས་ཡིན་ནོ་,1984,ཤེར་ཕྱིན། ཇ།.txt
བས་ན་དེ་ལྟར་རྟོགས་པའི་,,རིམས་ཡིན་པའི་ཕྱིར་,1156,ཤེར་ཕྱིན། ཆ།.txt
བསྟན་པ་ཡིན་པས་བཤད་པའི་,,རིམས་ཡིན་པའི་ཕྱིར་,1180,ཤེར་ཕྱིན། ཆ།.txt
འཆོལ་དང་,,རིམས་ཡིན་པས་ན་,872,ཤེར་ཕྱིན། ཐ།.txt
མོད་ཀྱི་འདི་ནི་དོན་གྱི་,,རིམས་ཡིན་ལ་འདི་,4144,ཤེར་ཕྱིན། ཇ།.txt
ཡིན་ཞེ་ནདེ་ནི་དོན་གྱི་,,རིམས་ཡིན་ལ་འབྲས་,908,ཤེར་ཕྱིན། ཀ.txt
བཤད་པ་ཡིན་པས་བཤད་པའི་,,རིམས་ཡིན་ལདེ་ཡང་,730,ཤེར་ཕྱིན། ཁ།.txt
བདེན་མོད་ཀྱིདེ་ནི་དོན་གྱི་,,རིམས་ཡིན་ལའདི་ནི་,1180,ཤེར་ཕྱིན། ཆ།.txt
ཡིན་པ་དེ་ནི་དོན་གྱི་,,རིམས་ཡིན་ལའདི་ནི་,730,ཤེར་ཕྱིན། ཁ།.txt
གྲངས་ངེས་,,རིམས་ཡོད་པ་ཡིན་,478,ཤེར་ཕྱིན། ཐ།.txt
གྲངས་ངེས་,,རིམས་ཡོད་མ་ཡིན་,423,ཤེར་ཕྱིན། ཐ།.txt
ཉིད་དང༌རབ་ཏུ་བྱེད་པའི་,,རིམས་རྟོགས་སླ་བ་,3442,ཤེར་ཕྱིན། ཇ།.txt
པ་དེ་ལས་གང་བསྟན་པའི་,,རིམས་རབ་ཏུ་བྱེད་,5917,ཤེར་ཕྱིན། ཇ།.txt
པ་གསུངས་ཏེཚིག་འདི་གསུམ་གྱིས་,,རིམས་རིམ་བཞིན་དུ་,3631,ཤེར་ཕྱིན། ཆ།.txt
དེ་དག་གིས་ནི་སྒོམ་པའི་,,རིམས་ལ་སོགས་པ་,2841,ཤེར་ཕྱིན། ཆ།.txt
དེ་དག་གིས་ནི་བསྒོམ་པའི་,,རིམས་ལ་སོགས་པ་,4397,ཤེར་ཕྱིན། ཇ།.txt
པར་གྱིས་ཞེས་བྱ་བ་ནི་,,རིམས་ལས་གྱུར་པའི་,5004,ཤེར་ཕྱིན། ཇ།.txt
མ་ཡིན་ཏེམངོན་པར་རྟོགས་པའི་,,རིམས་ལྷག་མ་སྟོན་,1469,ཤེར་ཕྱིན། ཆ།.txt
པ་ནི་ཤེས་རབ་མང་པོའི་,,རིམས་ཤེས་པར་བྱ་,336,ཤེར་ཕྱིན། ཀ.txt
མངོན་པར་རྟོགས་པའི་,,རིམས་ཤེས་པར་བྱ་,3761,ཤེར་ཕྱིན། ཁ།.txt
ངུ་དང་འབྲིང་དང་ཆེན་པོའི་,,རིམས་སྐྱེ་བའམབྱང་ཆུབ་,3903,ཤེར་ཕྱིན། ཇ།.txt
མ་འཆོལ་བར་རྟོགས་པའི་དོན་,,རིམས་སུ་ཡོད་པས་,3504,ཤེར་ཕྱིན། ཇ།.txt
དེ་ལྟར་དེ་ནི་,,རིམས་སོ་,68,ཤེར་ཕྱིན། ཐ།.txt
དུ་འགྱུར་རོ་ཞེས་གཞུང་གི་,,རིམས་སོ་,3993,ཤེར་ཕྱིན། ཕ།.txt
ཉིད་ཀྱི་གཞན་གྱི་དོན་གྱི་,,རིམས་སོ་,1983,ཤེར་ཕྱིན། ཇ།.txt
རིམ་གྱིས་བསྒོམ་ཞིང་བསླབ་པའི་,,རིམས་སོ་,4397,ཤེར་ཕྱིན། ཇ།.txt
ཉན་པ་ནི་མགོ་སྨོས་པས་,,ལཆོས་སྨྲ་བ་ནི་,3581,ཤེར་ཕྱིན། ང་།.txt
པ་བཅུག་པའི་ཉེས་པ་འདིའི་,,སྐབས་ཀྱང་རྒྱང་བསྲིངས་,92,ཤེར་ཕྱིན། ཆ།.txt
ལ་བདུད་ཀྱིས་བར་བཅད་པའི་,,སྐབས་ཀྱིས་གླགས་རྙེད་,2407,ཤེར་ཕྱིན། ཁ།.txt
སྐད་དུ་བཤད་པའི་ཉེས་པའི་,,སྐབས་ག་ལ་ཡོདགལ་,6085,ཤེར་ཕྱིན། ཆ།.txt
ཡིད་ལ་བྱེད་པར་འགྱུར་བའི་,,སྐབས་དབྱེ་བར་ཇི་,555,ཤེར་ཕྱིན། ཅ།.txt
མ་ཐོ་བ་དང་བཅས་པའི་,,སྐབས་དབྱེ་བར་མི་,478,ཤེར་ཕྱིན། ཀ.txt
གནས་ཀྱང་དོགས་པ་མེད་པས་,,སྐབས་ཕྱེ་བ་དེ་,2815,ཤེར་ཕྱིན། ཕ།.txt
རྣམ་རྟོག་རྣམས་ཀྱི་,,སྐབས་བསལ་,5644,ཤེར་ཕྱིན། ཕ།.txt
ཁ་ཅིག་ལས་,,སྐབས་མ་མཆིས་པའབྱུང་,1165,ཤེར་ཕྱིན། མ།.txt
ལྟུང་བ་གནས་མ་ཡིན་ཞིང་,,སྐབས་མ་ཡིན་པ་,5826,ཤེར་ཕྱིན། ཆ།.txt
ལ་འབྲས་བུ་མི་འབྱུང་བས་,,སྐབས་མ་ཡིན་ཞིང་,5825,ཤེར་ཕྱིན། ཆ།.txt
ཡིད་ལ་བྱེད་པ་རྣམས་ཀྱི་,,སྐབས་མི་དབྱེ་བའི་,2309,ཤེར་ཕྱིན། ཕ།.txt
དང་ཡིད་ཀྱི་ལས་རྣམས་ཀྱི་,,སྐབས་མི་དབྱེའོ་ཞེས་,1207,ཤེར་ཕྱིན། ག.txt
ཀྱི་སའམརང་སངས་རྒྱས་ཀྱི་སའི་,,སྐབས་མི་འབྱེད་དོ་,1834,ཤེར་ཕྱིན། ཅ།.txt
ཐེག་པ་དམན་པའི་སེམས་ཀྱི་,,སྐབས་མི་འབྱེད་པ་,1050,ཤེར་ཕྱིན། ཀ.txt
འབྲང་བར་འདོད་པ་དང་,,སྐབས་མི་འབྱེད་པ་,5236,ཤེར་ཕྱིན། ཆ།.txt
མི་དགེ་བའི་ཆོས་རྣམས་ཀྱི་,,སྐབས་མི་འབྱེད་པ་,1900,ཤེར་ཕྱིན། ཕ།.txt
ཐེག་པ་དམན་པའི་སེམས་ཀྱི་,,སྐབས་མི་འབྱེད་པ་,837,ཤེར་ཕྱིན། ཁ།.txt
ཐེག་པ་གཞན་གྱི་སེམས་ཀྱི་,,སྐབས་མི་འབྱེད་པས་,3494,ཤེར་ཕྱིན། ཀ.txt
འབྲེལ་བར་འདོད་པ་ཉིད་དང་,,སྐབས་མི་འབྱེད་པས་,3605,ཤེར་ཕྱིན། ང་།.txt
མེད་ཅེས་བྱ་བ་ནི་དེ་,,སྐབས་མེད་ཅེས་བྱ་,3624,ཤེར་ཕྱིན། མ།.txt
པ་འདི་ནི་གནས་མེད་ཅིང་,,སྐབས་མེད་དོ་,1215,ཤེར་ཕྱིན། ག.txt
སོགས་པར་ལྷུང་བའི་གནས་ཀྱི་,,སྐབས་མེད་པ་ཉིད་,2710,ཤེར་ཕྱིན། ཀ.txt
གཞན་གྱི་ཡིད་ལ་བྱ་བ་,,སྐབས་མེད་པའི་ཕྱིར་,3559,ཤེར་ཕྱིན། ཁ།.txt
འདི་རིག་པ་ལ་འཇུག་པའི་,,སྐབས་མེད་པས་མ་,6023,ཤེར་ཕྱིན། ཆ།.txt
ཕྱིར་ནམ་མཁའ་དང་མཚུངས་པས་,,སྐབས་འབྱེད་དོ་ཞེས་,2934,ཤེར་ཕྱིན། ཕ།.txt
ལྟར་སེམས་ཅན་ཐམས་ཅད་ལ་,,སྐབས་འབྱེད་པ་ཇི་,4691,ཤེར་ཕྱིན། ཇ།.txt
ཀྱིས་ནསེམས་ཅན་ཚད་མེད་པའི་,,སྐབས་འབྱེད་པ་ཉིད་,2301,ཤེར་ཕྱིན། ཀ.txt
སེམས་ཅན་ཚད་མེད་པའི་,,སྐབས་འབྱེད་པ་ཉིད་,2139,ཤེར་ཕྱིན། ཁ།.txt
ཇི་ལྟར་སེམས་ཅན་ཐམས་ཅད་,,སྐབས་འབྱེད་པ་དང༌,4753,ཤེར་ཕྱིན། ཆ།.txt
ལྟར་སེམས་ཅན་ཐམས་ཅད་ལ་,,སྐབས་འབྱེད་པ་དང༌,2449,ཤེར་ཕྱིན། ཇ།.txt
གང་སེམས་ཅན་ཐམས་ཅད་ལ་,,སྐབས་འབྱེད་པ་ནི་,4690,ཤེར་ཕྱིན། ཇ།.txt
མེད་པ་དང་ཚད་མེད་པའི་,,སྐབས་འབྱེད་པ་ཡིན་,1530,ཤེར་ཕྱིན། ཀ.txt
སྔར་བརྗོད་པའི་སེམས་ཅན་གྱི་,,སྐབས་འབྱེད་པ་ཡིན་,1531,ཤེར་ཕྱིན། ཀ.txt
ལྟར་སེམས་ཅན་ཚད་མེད་པའི་,,སྐབས་འབྱེད་པ་ཡིན་,4747,ཤེར་ཕྱིན། ཆ།.txt
ཚད་མ་མཆིས་པ་རྣམས་ཀྱི་,,སྐབས་འབྱེད་པ་ལགས་,1530,ཤེར་ཕྱིན། ཀ.txt
ན་སེམས་ཅན་ཚད་མེད་པའི་,,སྐབས་འབྱེད་པའི་ཕྱིར་,4746,ཤེར་ཕྱིན། ཆ།.txt
ཅན་ཐམས་ཅད་ལ་,,སྐབས་འབྱེད་པའི་ལམ་,4753,ཤེར་ཕྱིན། ཆ།.txt
དུ་སེམས་ཅན་ཐམས་ཅད་ལ་,,སྐབས་འབྱེད་པའི་ལམ་,2449,ཤེར་ཕྱིན། ཇ།.txt
སེམས་ཅན་ཐམས་ཅད་ལ་,,སྐབས་འབྱེད་པའི་ལམ་,4690,ཤེར་ཕྱིན། ཇ།.txt
ཅན་ཐམས་ཅད་ལ་,,སྐབས་འབྱེད་པར་བྱེད་,2309,ཤེར་ཕྱིན། ཀ.txt
ལྟར་སེམས་ཅན་ཐམས་ཅད་ལ་,,སྐབས་འབྱེད་པར་བྱེད་,2309,ཤེར་ཕྱིན། ཀ.txt
ཏུ་མེད་པའི་སེམས་ཅན་གྱི་,,སྐབས་འབྱེད་པར་བསྙེན་,383,ཤེར་ཕྱིན། ཇ།.txt
ཞེས་སྨྲས་པ་དེ་སྦྱིན་པའི་,,སྐབས་འབྱེད་པར་མི་,5237,ཤེར་ཕྱིན། ཆ།.txt
ཉིད་ལ་འཁོད་ནས་གནས་ཀྱང་,,སྐབས་ཡངས་པའི་ཕྱིར་,2815,ཤེར་ཕྱིན། ཕ།.txt
ཅན་ཚད་མེད་གྲངས་མེད་པའི་,,སྐབས་ཡོད་དོ་,4684,ཤེར་ཕྱིན། ག.txt
མེད་གྲངས་མེད་ཚད་མེད་པའི་,,སྐབས་ཡོད་དོ་,4712,ཤེར་ཕྱིན། ག.txt
མེདགྲངས་མེདཚད་མེད་པ་རྣམས་ཀྱི་,,སྐབས་ཡོད་དོ་,4827,ཤེར་ཕྱིན། ག.txt
ཆེན་པོ་ལ་སེམས་ཅན་གྱི་,,སྐབས་ཡོད་དོ་ཞེས་,1645,ཤེར་ཕྱིན། ཆ།.txt
ཉིད་ཀྱིས་རྣམ་པར་དབྱེ་བའི་,,སྐབས་ཡོད་པ་ཉིད་,3373,ཤེར་ཕྱིན། ཇ།.txt
མེད་ཚད་མེད་པ་རྣམས་ཀྱི་,,སྐབས་ཡོད་པ་དེ་,4683,ཤེར་ཕྱིན། ག.txt
མེདགྲངས་མེདཚད་མེད་པ་རྣམས་ཀྱི་,,སྐབས་ཡོད་པ་མ་,4699,ཤེར་ཕྱིན། ག.txt
སྔར་བརྗོད་པའི་སེམས་ཅན་གྱི་,,སྐབས་ཡོད་པ་ཞེས་,1536,ཤེར་ཕྱིན། ཀ.txt
སྔར་བཤད་པའི་སེམས་ཅན་གྱི་,,སྐབས་ཡོད་པ་ཡིན་,1531,ཤེར་ཕྱིན། ཀ.txt
བརྗོད་པའི་སེམས་ཅན་རྣམས་ཀྱི་,,སྐབས་ཡོད་པ་ཡིན་,1531,ཤེར་ཕྱིན། ཀ.txt
མེད་ཚད་མེད་པ་རྣམས་ཀྱི་,,སྐབས་ཡོད་པ་ཡིན་,4683,ཤེར་ཕྱིན། ག.txt
མེདགྲངས་མེདཚད་མེད་པ་རྣམས་ཀྱི་,,སྐབས་ཡོད་པ་ཡིན་,4720,ཤེར་ཕྱིན། ག.txt
གཞལ་དུ་མེདགྲངས་མེདཚད་མེད་པའི་,,སྐབས་ཡོད་པ་ཡིན་,4732,ཤེར་ཕྱིན། ག.txt
དུ་མེདགྲངས་མེད་ཚད་མེད་པའི་,,སྐབས་ཡོད་པ་ཡིན་,4753,ཤེར་ཕྱིན། ག.txt
མེདགྲངས་མེད་པ་ཚད་མེད་པའི་,,སྐབས་ཡོད་པ་ཡིན་,4766,ཤེར་ཕྱིན། ག.txt
ན་དོན་བྱ་བས་སྟོང་ན་,,སྐབས་ཡོད་པར་མི་,1645,ཤེར་ཕྱིན། ཆ།.txt
མེད་གྲངས་མེད་ཚད་མེད་པའི་,,སྐབས་ཡོད་པར་རིག་,4695,ཤེར་ཕྱིན། ག.txt
མཐའ་དང་ལྡན་པར་རྒོལ་བའི་,,སྐབས་རྒྱང་བསྲིངས་པ་,5331,ཤེར་ཕྱིན། ཆ།.txt
ཏུ་ཕྱིན་པ་བསྟན་པ་ཡང་,,སླ་བ་ཉིད་དོ་,4931,ཤེར་ཕྱིན། ཕ།.txt
པར་དག་པ་གཉིས་དང༌ཆོས་,,སླ་བ་སྟོན་པའི་,8291,ཤེར་ཕྱིན། ཆ།.txt
པ་ཉིད་དང༌ཆོས་ཤིན་ཏུ་,,སླ་བ་སྟོན་པའི་,4155,ཤེར་ཕྱིན། ཁ།.txt
པའི་གཞི་སྔོན་དུ་འགྲོ་བས་,,སླ་བའི་ཕྱིར་གཞི་,1452,ཤེར་ཕྱིན། ཇ།.txt
པ་བསྒོམ་པའི་ལམ་ཡིན་པས་,,སླ་བའི་ཕྱིར་མ་,4677,ཤེར་ཕྱིན། ཆ།.txt
པ་སྐྱེ་བའི་མཚན་ཉིད་ཀྱིས་,,སླ་བའི་ཕྱིར་མ་,5701,ཤེར་ཕྱིན། ཆ།.txt
པ་སྐྱེ་བའི་མཚན་ཉིད་ཀྱིས་,,སླ་བའི་ཕྱིར་མ་,2580,ཤེར་ཕྱིན། ཇ།.txt
ཀྱི་ལེའུ་གསུམ་བསྟན་ཏེདེ་ཡང་,,སླ་བའི་ཕྱིར་མངོན་,360,ཤེར་ཕྱིན། ཆ།.txt
ལ་སོགས་པ་བཤད་པའི་རྒྱུ་,,སླ་བའི་ཕྱིར་ཞེས་,5245,ཤེར་ཕྱིན། ཇ།.txt
ལྷག་མ་ནི་,,སླ་བའི་ཕྱིར་རྣམ་,5178,ཤེར་ཕྱིན། ཆ།.txt
པ་ནི་དེ་ལྟར་བསྟན་ན་,,སླ་བའི་ཕྱིར་རོ་,3233,ཤེར་ཕྱིན། ཕ།.txt
སྨོས་པ་ནི་མི་བརྗེད་པས་,,སླ་བར་བྱ་བའི་,150,ཤེར་ཕྱིན། ཆ།.txt
པར་དག་པ་ཉིད་དང༌ཆོས་,,སླ་བར་སྟོན་པའི་,3199,ཤེར་ཕྱིན། ཇ།.txt
ལྟ་བ་ལྷག་མ་ནི་,,སླ་བས་མ་བཤད་,987,ཤེར་ཕྱིན། ཀ.txt
ལྷག་མ་ནི་,,སླ་བས་མ་བཤད་,3700,ཤེར་ཕྱིན། མ།.txt
འདིར་,,སླ་བས་འབྲས་བུ་,3896,ཤེར་ཕྱིན། ཇ།.txt
སྔོན་དུ་བཏང་བ་ཡིན་ན་,,སླ་བས་རྟེན་བསྒོམ་,7937,ཤེར་ཕྱིན། ཆ།.txt
སྔོན་དུ་འགྲོ་བ་ཡིན་ན་,,སླ་བས་རྟེན་བསྒོམ་,2897,ཤེར་ཕྱིན། ཇ།.txt
ཚིག་རྣམས་ནི་གཞུང་ཉིད་ལས་,,སླ་བས་རྣམ་པར་,4624,ཤེར་ཕྱིན། ཕ།.txt
བཅས་པར་ལན་བཏབལྷག་མ་ནི་,,སླ་བས་རྣམ་པར་,303,ཤེར་ཕྱིན། ཁ།.txt
ལྷག་མ་ནི་,,སླ་བས་རྣམ་པར་,3207,ཤེར་ཕྱིན། ཁ།.txt
ལེགས་པར་སྦྱར་བས་,,སླ་སྟེ་,2376,བསྟོད་ཚོགས། ཀ.txt
བ་ནས་མཐའར་ཕྱིན་ཏོའི་བར་,,སླའོ་,4300,ཤེར་ཕྱིན། མ།.txt
པས་བརྗོད་དེ་ཚིག་གི་དོན་,,སླའོ་,148,ཤེར་ཕྱིན། ཆ།.txt
ཕོག་ཅིང་ཞེས་བྱ་བ་ནི་,,སླའོ་,1973,ཤེར་ཕྱིན། ཆ།.txt
ཕོག་ཅིང་ཞེས་འདོན་པ་ནི་,,སླའོ་,1977,ཤེར་ཕྱིན། ཆ།.txt
ཕྱིན་པ་ཞེས་བྱ་བ་ནི་,,སླའོ་,3734,ཤེར་ཕྱིན། ཆ།.txt
བ་ལ་སོགས་པ་གསུངས་ཏེ་,,སླའོ་,4249,ཤེར་ཕྱིན། ཆ།.txt
ནས་གསུངས་པ་ཡིན་པའི་ཕྱིར་,,སླའོ་,4669,ཤེར་ཕྱིན། ཆ།.txt
ཉེ་བར་བསྡུ་བ་ཡིན་ཏེ་,,སླའོ་,4893,ཤེར་ཕྱིན། ཆ།.txt
ཞེས་བྱ་བ་གསུངས་པ་ནི་,,སླའོ་,4991,ཤེར་ཕྱིན། ཆ།.txt
སོགས་པ་གསོལ་པ་ཡིན་ཏེ་,,སླའོ་,6287,ཤེར་ཕྱིན། ཆ།.txt
ཞེས་བྱ་བ་སོགས་པ་ནི་,,སླའོ་,6298,ཤེར་ཕྱིན། ཆ།.txt
ལས་ཇི་སྐད་བསྟན་པ་ནི་,,སླའོ་,7028,ཤེར་ཕྱིན། ཆ།.txt
བྱ་བ་ལ་སོགས་པ་ནི་,,སླའོ་,7102,ཤེར་ཕྱིན། ཆ།.txt
དང་ཞེས་བྱ་བ་སྨྲས་ཏེ་,,སླའོ་,8418,ཤེར་ཕྱིན། ཆ།.txt
ལྷག་མ་ནི་,,སླའོ་,2024,ཤེར་ཕྱིན། ཕ།.txt
ལྷག་མ་རྣམས་ནི་,,སླའོ་,2047,ཤེར་ཕྱིན། ཕ།.txt
རྗེས་སུ་ལྟ་བའི་སྒོ་ནི་,,སླའོ་,2180,ཤེར་ཕྱིན། ཕ།.txt
འདོད་ཆགས་ཅན་གྱི་དཔེ་ནི་,,སླའོ་,4471,ཤེར་ཕྱིན། ཕ།.txt
ལྷ་མོ་ལུང་བསྟན་པ་ཡང་,,སླའོ་,4561,ཤེར་ཕྱིན། ཕ།.txt
དགེ་བའི་བཤེས་གཉེན་རྣམས་ཀྱང་,,སླའོ་,4599,ཤེར་ཕྱིན། ཕ།.txt
པ་ཉིད་དུ་བསྟན་པ་ནི་,,སླའོ་,4653,ཤེར་ཕྱིན། ཕ།.txt
ལ་སྤྱོད་པའི་ཕན་ཡོན་ཡང་,,སླའོ་,4668,ཤེར་ཕྱིན། ཕ།.txt
རེ་རེ་ལ་སྦྱར་བས་ནི་,,སླའོ་,4682,ཤེར་ཕྱིན། ཕ།.txt
པ་དྲུག་བཤད་པ་དག་ནི་,,སླའོ་,4685,ཤེར་ཕྱིན། ཕ།.txt
དང་བསོད་ནམས་འཕེལ་བ་ནི་,,སླའོ་,4849,ཤེར་ཕྱིན། ཕ།.txt
བ་རྣམས་ནི་གཞུང་ཉིད་ལས་,,སླའོ་,4888,ཤེར་ཕྱིན། ཕ།.txt
པ་བསྟན་པ་ཐམས་ཅད་ནི་,,སླའོ་,4923,ཤེར་ཕྱིན། ཕ།.txt
ཆོས་ཐམས་ཅད་སྒོམ་པ་ནི་,,སླའོ་,4927,ཤེར་ཕྱིན། ཕ།.txt
པ་གསུམ་ནི་གཞུང་ཉིད་ལས་,,སླའོ་,4950,ཤེར་ཕྱིན། ཕ།.txt
ཉེ་བར་གཞག་པ་གསུམ་ནི་,,སླའོ་,4951,ཤེར་ཕྱིན། ཕ།.txt
གྱི་ལས་དང་མཐུན་པ་ནི་,,སླའོ་,5045,ཤེར་ཕྱིན། ཕ།.txt
པ་ལ་གདམས་པ་དེ་ཡང་,,སླའོ་,5146,ཤེར་ཕྱིན། ཕ།.txt
ཕྱིན་པ་བཤད་པ་དག་ནི་,,སླའོ་,5192,ཤེར་ཕྱིན། ཕ།.txt
དང༌དེའི་དབྱེ་བ་དག་ཀྱང་,,སླའོ་,5210,ཤེར་ཕྱིན། ཕ།.txt
དགེ་བ་བསྟེན་པ་དག་ནི་,,སླའོ་,5221,ཤེར་ཕྱིན། ཕ།.txt
པ་དཔེ་དྲུག་པོ་དག་ནི་,,སླའོ་,5236,ཤེར་ཕྱིན། ཕ།.txt
བྱ་བ་ལ་སོགས་པ་ནི་,,སླའོ་,4118,ཤེར་ཕྱིན། ཇ།.txt
ནི་ཚུལ་ཤེས་པ་རྣམས་ཀྱིས་,,སླའོ་,4299,ཤེར་ཕྱིན། ཇ།.txt
བྱས་པ་དང་འགྲེལ་པ་ནི་,,སླའོ་,4451,ཤེར་ཕྱིན། ཇ།.txt
ལེའུར་བྱས་པའི་འགྲེལ་པ་ནི་,,སླའོ་,4494,ཤེར་ཕྱིན། ཇ།.txt
ཞེས་བྱ་བ་ལ་སོགས་པ་,,སླའོ་,4510,ཤེར་ཕྱིན། ཇ།.txt
པ་ཉིད་ལ་སོགས་པ་ནི་,,སླའོ་,4519,ཤེར་ཕྱིན། ཇ།.txt
པར་དག་པའི་འགྲེལ་པ་ནི་,,སླའོ་,5227,ཤེར་ཕྱིན། ཇ།.txt
བྱེད་པ་དང་འགྲེལ་པ་ནི་,,སླའོ་,5729,ཤེར་ཕྱིན། ཇ།.txt
པ་དང༌བསོད་ནམས་འཕེལ་ནི་,,སླའོ་,232,ཤེར་ཕྱིན། ཁ།.txt
ལྷག་མ་ནི་,,སླའོ་,236,ཤེར་ཕྱིན། ཉ།.txt
