ཐལ་བར་འགྱུར་བསགང་རབ་འབྱོར་,ནམ་,གཟུགས་ཡིད་ལ་མི་,3374,ཤེར་ཕྱིན། ཁ།.txt
ཁ་ཏོན་དུ་བྱེད་པ་ནི་,ནམ་,གྱི་ཆ་སྟོད་ལ་,2753,ཤེར་ཕྱིན། ཆ།.txt
ཀྱི་ས་ཇི་ལྟ་བུ་ཞེ་,ནམ་,དག་པའི་བྱང་ཆུབ་,2183,ཤེར་ཕྱིན། མ།.txt
རྫོགས་པའི་སངས་རྒྱས་རྣམས་དང་,ནམ་,དུ་ཡང་མི་འབྲལ་,1511,ཤེར་ཕྱིན། ག.txt
དང་ལྡན་པ་ཤཱ་རིའི་བུ་,ནམ་,བྱང་ཆུབ་སེམས་དཔའ་,1831,ཤེར་ཕྱིན། ཕ།.txt
པ་སྡུག་བསྔལ་བ་དེ་དག་,ནམ་,ཞིག་ན་བདག་དེ་,1692,ཤེར་ཕྱིན། མ།.txt
རིགས་པ་མ་ཡིན་,ནམ་,ཞེ,587,ཤེར་ཕྱིན། མ།.txt
ཀྱང་སྙིང་པོ་བྱང་ཆུབ་ལ་,ནམ་,འདུག་གི་བར་དུ་,1669,ཤེར་ཕྱིན། ཅ།.txt
ཚད་ཙམ་བྱ་སྟེབྱས་ནས་ཀྱང་,ནམ་,འཚོའི་བར་དུ་ཁོར་,1074,ཤེར་ཕྱིན། ང་།.txt
རྒྱས་པར་ཏེདོན་ཅི་ཡིན་ཞེ་,ནམ་,འོངས་པ་ན་བྱང་,2353,ཤེར་ཕྱིན། མ།.txt
ས་མ་ཐོབ་ཀྱི་བར་དུ་,ནམ་,ཡང་ངན་སོང་ངན་,1177,ཤེར་ཕྱིན། ག.txt
པ་ལ་སོགས་པར་འགྱུར་ཞེ་,ནམ་,ཡིན་ཏེ་གང་གི་,4402,ཤེར་ཕྱིན། ཇ།.txt
པ་ཡིན་དུ་ཟད་མོད་ཅེ་,ནམ་,ཡིན་ཏེཕན་ཚུན་འགལ་,1136,ཤེར་ཕྱིན། ཉ།.txt
འགལ་བར་སྟོན་པར་མི་ནུས་,ནམ་,རྟོགས་པའི་དོན་གྱི་,525,ཤེར་ཕྱིན། ཆ།.txt
ནསངས་རྒྱས་ཀྱི་སྐུ་མཐོང་ནས་,ནམ་,རྣམ་པ་ཐམས་ཅད་,4147,ཤེར་ཕྱིན། ག.txt
མི་མཐོང་ངོ་སྙམ་པ་ལ་,ནམ་,ལངས་ཏེ་ཞེས་བྱ་,3556,ཤེར་ཕྱིན། མ།.txt
ཅིའི་ཕྱིར་ཞེ་ནཀཽ་ཤི་ཀ་,ནམ་,ལྷ་མ་ཡིན་རྣམས་,1147,ཤེར་ཕྱིན། ང་།.txt
ཕ་རོལ་ཏུ་ཕྱིན་པ་ལྔ་,ནམ་,ཤེས་རབ་ཀྱི་ཕ་,2163,ཤེར་ཕྱིན། ང་།.txt
རབ་འབྱོར་འདི་ལྟ་སྟེ་དཔེར་,ནམ་,སྐྱེས་པ་དང༌མ་,4425,ཤེར་ཕྱིན། ག.txt
,,,,
ཐམས་ཅད་མཁྱེན་པ་ཉིད་ནི་,,མཁའའི་ཁམས་ཀྱི་མཐས་,38,ཤེར་ཕྱིན། ཀ.txt
འདས་ཀྱིས་བཀའ་སྩལ་པརབ་འབྱོར་,,གཟུགས་ཡིད་ལ་མི་,1113,ཤེར་ཕྱིན། ཅ།.txt
རབ་འབྱོར་,,གཟུགས་ལ་དམིགས་པའི་,3955,ཤེར་ཕྱིན། ཕ།.txt
ཏེ་ཐེག་པ་ཆེན་པོ་དང་,,དུ་ཡང་མི་འབྲལ་,881,ཤེར་ཕྱིན། ཁ།.txt
བཟུང་བའི་བློས་ཡིན་གྱིདེ་ནི་,,དུ་ཡང་འབྲས་བུ་,1607,ཤེར་ཕྱིན། ཇ།.txt
རབ་འབྱོར་འདི་ལྟ་སྟེ་དཔེར་,,ནོར་བ་དེ་བཞིན་,3138,ཤེར་ཕྱིན། ག.txt
དང་ལྡན་པ་ཤཱ་རིའི་བུ་,,བྱང་ཆུབ་སེམས་དཔའ་,2684,ཤེར་ཕྱིན། ག.txt
ཀྱིས་བཀའ་སྩལ་པཤཱ་རིའི་བུ་,,བྱང་ཆུབ་སེམས་དཔའ་,2905,ཤེར་ཕྱིན། ག.txt
བུའི་སེམས་མངོན་པར་སྒྲུབ་ཅིང་,,བྱང་ཆུབ་སེམས་དཔའ་,359,ཤེར་ཕྱིན། ཅ།.txt
འདས་ཀྱིས་བཀའ་སྩལ་པརབ་འབྱོར་,,བྱང་ཆུབ་སེམས་དཔའ་,1173,ཤེར་ཕྱིན། ཅ།.txt
འདས་ཀྱི་བཀའ་སྩལ་པརབ་འབྱོར་,,བྱང་ཆུབ་སེམས་དཔའ་,1578,ཤེར་ཕྱིན། ཅ།.txt
བར་བྱེད་ཅིང་བདག་ཉིད་ཀྱང་,,བླ་ན་མེད་པ་,455,ཤེར་ཕྱིན། ཀ.txt
བ་དང་ལྡན་པ་འདི་ནི་,,བླ་ན་མེད་པ་,1847,ཤེར་ཕྱིན། ཀ.txt
བ་བྱེད་ཅིང་བདག་ཉིད་ཀྱང་,,བླ་ན་མེད་པ་,1198,ཤེར་ཕྱིན། ག.txt
དག་པར་སྦྱོར་བ་རྣམས་ཀྱང་,,བླ་ན་མེད་པ་,3517,ཤེར་ཕྱིན། ག.txt
དེ་དག་ནི་,,བླ་ན་མེད་པ་,1223,ཤེར་ཕྱིན། ང་།.txt
དུ་བགྱིདམཆོད་པར་བགྱིད་པ་དེས་,,བླ་ན་མེད་པ་,1419,ཤེར་ཕྱིན། ང་།.txt
འདི་དང་ལྡན་པ་དེ་ནི་,,བླ་ན་མེད་པ་,1711,ཤེར་ཕྱིན། ཁ།.txt
ཀྱིས་དེ་བས་ན་བདག་གིས་,,བླ་ན་མེད་པ་,1063,ཤེར་ཕྱིན། ཅ།.txt
སྨོས་ཀྱིསདེ་བས་ན་བདག་གིས་,,བླ་ན་མེད་པ་,1065,ཤེར་ཕྱིན། ཅ།.txt
དེ་དག་ཉིད་ཀྱི་དོན་དུ་,,བླ་ན་མེད་པ་,1066,ཤེར་ཕྱིན། ཅ།.txt
ཞེས་བྱ་བས་ནི་ཇི་ལྟར་,,མཁའ,1359,ཤེར་ཕྱིན། ཕ།.txt
མ་ཡིན་ཞེས་བྱ་བ་ནི་,,མཁའ་ཁོ་ན་ལ་,1022,ཤེར་ཕྱིན། ཉ།.txt
ཞེས་བྱ་བ་ནི་ཇི་ལྟར་,,མཁའ་གང་ན་ཡང་,2787,ཤེར་ཕྱིན། ཕ།.txt
གདུལ་བར་སེམས་པ་དེ་ནི་,,མཁའ་གདུལ་བར་སེམས་,857,ཤེར་ཕྱིན། ཅ།.txt
དུ་དེ་ནི་བཅོམ་ལྡན་འདས་,,མཁའ་གདེགས་པར་འཚལ་,4531,ཤེར་ཕྱིན། ཆ།.txt
རབ་འབྱོར་གཞན་ཡང་,,མཁའ་གཟུང་དུ་མེད་,2798,ཤེར་ཕྱིན། ང་།.txt
ལདངས་པའི་གནས་སྐབས་ན་ནི་,,མཁའ་གསལ་བ་ཞེས་,1744,ཤེར་ཕྱིན། ཕ།.txt
འབྲི་བའམགང་བ་མེད་པ་ནི་,,མཁའ་གོ་བགོས་པའི་,1961,ཤེར་ཕྱིན། ཁ།.txt
རབ་འབྱོར་,,མཁའ་གོས་པ་མེད་,2796,ཤེར་ཕྱིན། ང་།.txt
ཅད་ཀྱིས་དབེན་པའི་མཚན་ཉིད་,,མཁའ་ཇི་ལྟར་གནས་,1155,ཤེར་ཕྱིན། ཇ།.txt
ངོ་བོ་ཁྱད་པར་མེད་པ་,,མཁའ་ཇི་ལྟར་འཛིན་,5485,ཤེར་ཕྱིན། ཇ།.txt
སྦྱོར་བའི་དོན་ནིབཅོམ་ལྡན་འདས་,,མཁའ་དག་པའི་སླད་,4950,ཤེར་ཕྱིན། ཆ།.txt
ཅིའི་ཕྱིར་ཞེ་ནསེམས་ཅན་དང་,,མཁའ་དང་ཐེག་པ་,1530,ཤེར་ཕྱིན། ཀ.txt
ཏེགང་གི་ཕྱིར་སེམས་ཅན་དང་,,མཁའ་དང་ཐེག་པ་,1531,ཤེར་ཕྱིན། ཀ.txt
བ་དང༌ཡང་སེམས་ཅན་དང་,,མཁའ་དང༌ཐེག་པ་,1531,ཤེར་ཕྱིན། ཀ.txt
ཁམས་དང་ཆོས་ཀྱི་དབྱིངས་དང་,,མཁའ་དང་ཐེག་པ་,1531,ཤེར་ཕྱིན། ཀ.txt
ཅན་དང་དེ་བཞིན་ཉིད་དང་,,མཁའ་དང་ཐེག་པ་,1532,ཤེར་ཕྱིན། ཀ.txt
དང༌ཡང་དག་པའི་མཐའ་དང་,,མཁའ་དང་ཐེག་པ་,1534,ཤེར་ཕྱིན། ཀ.txt
པར་གཏོགས་པ་ཉིད་བཀག་པས་,,མཁའ་དང༌ཐེག་པ་,1320,ཤེར་ཕྱིན། ཁ།.txt
ཆ་གྱོན་པ་དེ་དག་ནི་,,མཁའ་དང་བརྩད་པར་,862,ཤེར་ཕྱིན། ཅ།.txt
གྲོལ་བ་མ་ཡིན་པའི་ཕྱིར་,,མཁའ་དང་བྲག་ཅ་,4603,ཤེར་ཕྱིན། ཆ།.txt
ཀྱི་རིགས་ཡིན་ཏེརིགས་དེ་ནི་,,མཁའ་དང་མཉམ་པ་,901,ཤེར་ཕྱིན། ཀ.txt
དྲི་མེད་,,མཁའ་དང་མཉམ་པ་,422,བསྟོད་ཚོགས། ཀ.txt
ཐེག་པ་ཆེན་པོ་དེ་ནི་,,མཁའ་དང་མཉམ་པ་,2814,ཤེར་ཕྱིན། ཕ།.txt
བྱ་བ་དང༌ཐེག་པ་དེ་,,མཁའ་དང་མཉམ་པ་,2821,ཤེར་ཕྱིན། ཕ།.txt
ལྡན་འདས་ཐེག་པ་དེ་ནི་,,མཁའ་དང་མཉམ་པ་,4517,ཤེར་ཕྱིན། ག.txt
དེའི་ཕྱིར་ཐེག་པ་དེ་ནི་,,མཁའ་དང་མཉམ་པ་,4575,ཤེར་ཕྱིན། ག.txt
ཐེག་པ་ཆེན་པོ་དེ་ནི་,,མཁའ་དང་མཉམ་པ་,4577,ཤེར་ཕྱིན། ག.txt
དེདེའི་ཕྱིར་ཐེག་པ་དེ་ནི་,,མཁའ་དང་མཉམ་པ་,4585,ཤེར་ཕྱིན། ག.txt
ཏེདེའི་ཕྱིར་ཐེག་པ་དེ་ནི་,,མཁའ་དང་མཉམ་པ་,4598,ཤེར་ཕྱིན། ག.txt
དང༌རྣམ་པར་ཤེས་པ་ནི་,,མཁའ་དང་མཉམ་པ་,5145,ཤེར་ཕྱིན། ག.txt
ཆོས་མ་འདྲེས་པ་རྣམས་ནི་,,མཁའ་དང་མཉམ་པ་,5148,ཤེར་ཕྱིན། ག.txt
ཆོས་འདི་ནི་,,མཁའ་དང་མཉམ་པ་,4757,ཤེར་ཕྱིན། ང་།.txt
ནི་ཐེག་པ་ཆེན་པོ་ནི་,,མཁའ་དང་མཉམ་པ་,1320,ཤེར་ཕྱིན། ཁ།.txt
མེད་པ་ནི་,,མཁའ་དང་མཉམ་པའི་,4623,ཤེར་ཕྱིན། ཇ།.txt
སེམས་དཔའ་སེམས་དཔའ་ཆེན་པོ་,,མཁའ་དང་མཉམ་པའི་,2740,ཤེར་ཕྱིན། ང་།.txt
ཞེ་ནརབ་འབྱོར་ཆོས་ཐམས་ཅད་,,མཁའ་དང་མཉམ་པའི་,4920,ཤེར་ཕྱིན། ང་།.txt
སྐད་དུ་ཐེག་པ་དེ་ནི་,,མཁའ་དང་མཉམ་པའོ་,1519,ཤེར་ཕྱིན། ཀ.txt
འབྱུང་བའི་རྣམ་པ་སྟེརིགས་པས་,,མཁའ་དང་མཉམ་པའོ་,4705,ཤེར་ཕྱིན། ཆ།.txt
སྐད་དུ་ཐེག་པ་དེ་ནི་,,མཁའ་དང་མཉམ་པའོ་,2908,ཤེར་ཕྱིན། ཕ།.txt
སྐད་དུ་ཐེག་པ་དེ་ནི་,,མཁའ་དང་མཉམ་པའོ་,4569,ཤེར་ཕྱིན། ག.txt
དེ་བཞིན་ཏེཐེག་པ་དེ་ནི་,,མཁའ་དང་མཉམ་པའོ་,4570,ཤེར་ཕྱིན། ག.txt
སྐད་དུ་ཐེག་པ་དེ་ནི་,,མཁའ་དང་མཉམ་པའོ་,1310,ཤེར་ཕྱིན། ཁ།.txt
ཆེན་པོ་ནི་ཆོས་ཐམས་ཅད་,,མཁའ་དང་མཉམ་པར་,4920,ཤེར་ཕྱིན། ང་།.txt
རིགས་ཡིན་ཞིང༌རིགས་དེ་ནི་,,མཁའ་དང་མཉམ་པར་,721,ཤེར་ཕྱིན། ཁ།.txt
ཐམས་ཅད་སྟོང་པ་ཉིད་ཀྱི་,,མཁའ་དང་མཉམ་པས་,8045,ཤེར་ཕྱིན། ཆ།.txt
བྱ་བ་ནི་ཆོས་ཐམས་ཅད་,,མཁའ་དང་མཉམ་པས་,2661,ཤེར་ཕྱིན། ཕ།.txt
ཁ་ཞེས་བྱ་བ་ནི་,,མཁའ་དང་མཉམ་པས་,4084,ཤེར་ཕྱིན། ག.txt
འདི་ལྟར་དེའི་ཆོས་ཐམས་ཅད་,,མཁའ་དང་མཉམ་ཞིང་,2898,ཤེར་ཕྱིན། ཀ.txt
འདི་ལྟར་དེའི་ཆོས་ཐམས་ཅད་,,མཁའ་དང་མཉམ་ཞིང་,2887,ཤེར་ཕྱིན། ཁ།.txt
པ་ཤཱ་རིའི་བུ་གཟུགས་ནི་,,མཁའ་དང་མཉམཚོར་བ་,5145,ཤེར་ཕྱིན། ག.txt
དེ་བཞིན་ཉིད་དེ་ཡང་,,མཁའ་དང་མཚུངས་ཏེདེ་,2607,ཤེར་ཕྱིན། ཕ།.txt
བ་ནི་དེ་བཞིན་ཉིད་ནི་,,མཁའ་དང་མཚུངས་ཏེའཕོ་,2694,ཤེར་ཕྱིན། ཕ།.txt
ཅད་མཁྱེན་པ་ཉིད་འདི་ནི་,,མཁའ་དང་མཚུངས་པ་,2887,ཤེར་ཕྱིན། ཀ.txt
པ་གསུམ་གྱིས་ན་བསོད་ནམས་,,མཁའ་དང་མཚུངས་པ་,2980,ཤེར་ཕྱིན། མ།.txt
པ་ནིཀྱེ་མ་བཅོམ་ལྡན་འདས་,,མཁའ་དང་མཚུངས་པ་,5905,ཤེར་ཕྱིན། ཆ།.txt
ཆོས་འདི་དག་ཀྱང་,,མཁའ་དང་མཚུངས་པ་,5118,ཤེར་ཕྱིན། ང་།.txt
དེ་ལྟར་ཆོས་ཐམས་ཅད་,,མཁའ་དང་མཚུངས་པ་,5119,ཤེར་ཕྱིན། ང་།.txt
དམིགས་ཏེཆོས་འདི་དག་ཐམས་ཅད་,,མཁའ་དང་མཚུངས་པ་,5119,ཤེར་ཕྱིན། ང་།.txt
ཀྱི་ལས་ཏེཆོས་ཐམས་ཅད་ནི་,,མཁའ་དང་མཚུངས་པ་,5122,ཤེར་ཕྱིན། ང་།.txt
ཆུད་ཀྱི་དེའི་ཕྱིར་བདག་གིས་,,མཁའ་དང་མཚུངས་པ་,5122,ཤེར་ཕྱིན། ང་།.txt
ནི་འདི་ལྟར་ཆོས་ཐམས་ཅད་,,མཁའ་དང་མཚུངས་པ་,5154,ཤེར་ཕྱིན། ང་།.txt
ཐམས་ཅད་མཁྱེན་པ་ཉིད་ནི་,,མཁའ་དང་མཚུངས་པ་,2875,ཤེར་ཕྱིན། ཁ།.txt
འོ་ན་ནི་,,མཁའ་དང་མཚུངས་པ་,522,ཤེར་ཕྱིན། ཉ།.txt
རྒྱུ་བ་དག་དང་འདྲ་བར་,,མཁའ་དང་མཚུངས་པའི་,2251,ཤེར་ཕྱིན། ཀ.txt
པ་དང་ལྷག་པ་མེད་པས་,,མཁའ་དང་མཚུངས་པའི་,5578,ཤེར་ཕྱིན། ཆ།.txt
དང་མཚུངས་པས་ཆོས་ཐམས་ཅད་,,མཁའ་དང་མཚུངས་པར་,1970,ཤེར་ཕྱིན། ཕ།.txt
པ་དེ་དག་མེད་པའི་ཕྱིར་,,མཁའ་དང་མཚུངས་པར་,2909,ཤེར་ཕྱིན། ཕ།.txt
པའི་ཕྱིར་རྣམ་པ་དྲུག་གིས་,,མཁའ་དང་མཚུངས་པར་,3730,ཤེར་ཕྱིན། ཕ།.txt
ཆོས་ཐམས་ཅད་མེད་པའི་ཕྱིར་,,མཁའ་དང་མཚུངས་པས་,2934,ཤེར་ཕྱིན། ཕ།.txt
སུ་སྟོན་ཏེརྣམ་པ་གསུམ་གྱིས་,,མཁའ་དང་མཚུངས་སོ་,2251,ཤེར་ཕྱིན། མ།.txt
ཅད་མཁྱེན་པ་ཉིད་དེ་ནི་,,མཁའ་དང་མཚུངས་སོ་,6516,ཤེར་ཕྱིན། ཆ།.txt
བྱ་བ་དང༌ཐེག་པ་དེ་,,མཁའ་དང་མཚུངས་སོ་,1910,ཤེར་ཕྱིན། ཕ།.txt
ཉིད་ཀྱི་ཆོས་རྣམས་ཏེའདི་ལྟར་,,མཁའ་དང་མཚུངས་སོ་,2637,ཤེར་ཕྱིན། ཕ།.txt
མི་མཐོང་སྟེ་ཡུལ་ཆེ་བས་,,མཁའ་དང་མཚུངས་སོ་,3477,ཤེར་ཕྱིན། ཕ།.txt
སླད་དུ་ཡེ་ཤེས་དེ་ནི་,,མཁའ་དང་འདྲ་བ་,1288,ཤེར་ཕྱིན། མ།.txt
ཅེས་,,མཁའ་དང་འདྲ་བ་,3286,བསྟོད་ཚོགས། ཀ.txt
བཏགས་པར་ཡོད་པ་ཡིན་པས་,,མཁའ་དང་འདྲ་བ་,8097,ཤེར་ཕྱིན། ཆ།.txt
ཡིན་པ་གསོག་ཉིད་ཀྱི་ཕྱིར་,,མཁའ་དང་འདྲ་བ་,2417,ཤེར་ཕྱིན། ཇ།.txt
ནི་གསོག་ཉིད་ཡིན་པའི་ཕྱིར་,,མཁའ་དང་འདྲ་བའོ་,4567,ཤེར་ཕྱིན། ཇ།.txt
བྱ་བ་ནི་ཆོས་ཐམས་ཅད་,,མཁའ་དང་འདྲ་བར་,1043,ཤེར་ཕྱིན། ཀ.txt
སུ་ཤེས་པའི་བཟོད་པ་ནི་,,མཁའ་དང་འདྲ་བར་,2165,ཤེར་ཕྱིན། ཀ.txt
པ་ནིསྒྲ་བརྙན་གཉིས་ཀྱི་དཔེས་,,མཁའ་དང་འདྲ་བར་,2166,ཤེར་ཕྱིན། ཀ.txt
པ་ལ་ཆོས་ཤེས་པ་ནི་,,མཁའ་དང་འདྲ་བར་,2169,ཤེར་ཕྱིན། ཀ.txt
མཁའ་ལྟར་ཞེས་བྱ་བ་ནི་,,མཁའ་དང་འདྲ་བར་,829,བསྟོད་ཚོགས། ཀ.txt
ཡིན་པ་གསོག་ཡིན་པའི་ཕྱིར་,,མཁའ་དང་འདྲ་བར་,4600,ཤེར་ཕྱིན། ཆ།.txt
ཕྱིན་པའོ་ཞེས་བྱ་བ་ནི་,,མཁའ་དང་འདྲ་བར་,4696,ཤེར་ཕྱིན། ཆ།.txt
བསྔལ་བའི་ཞེས་བྱ་བ་ནི་,,མཁའ་དང་འདྲ་བར་,4755,ཤེར་ཕྱིན། ཆ།.txt
སྨྲས་པ་ཡིན་ཏེསེམས་ཅན་རྣམས་,,མཁའ་དང་འདྲ་བར་,7627,ཤེར་ཕྱིན། ཆ།.txt
མེད་པའོ་ཞེས་བྱ་བ་ནི་,,མཁའ་དང་འདྲ་བར་,7853,ཤེར་ཕྱིན། ཆ།.txt
དང་རྒྱུ་རྣམ་པ་གསུམ་གྱིས་,,མཁའ་དང་འདྲ་བར་,2814,ཤེར་ཕྱིན། ཕ།.txt
བྱ་བ་ནི་ཆོས་ཐམས་ཅད་,,མཁའ་དང་འདྲ་བར་,3782,ཤེར་ཕྱིན། ཕ།.txt
པོ་ཞེས་བྱ་སྟེགང་གི་ཕྱིར་,,མཁའ་དང་འདྲ་བར་,383,ཤེར་ཕྱིན། ཇ།.txt
མེད་པས་མཐའ་ཡས་པའི་ཕྱིར་,,མཁའ་དང་འདྲ་སྟེརི་,5592,ཤེར་ཕྱིན། ཆ།.txt
ཉེ་བར་བསྡུ་བའི་དོན་ནི་,,མཁའ་དང་འདྲའོ་,5767,ཤེར་ཕྱིན། ཆ།.txt
ལ་བྱེད་པསགོ་རིམས་བཞིན་དུ་,,མཁའ་དང༌རྣམ་པར་,3197,ཤེར་ཕྱིན། ཆ།.txt
པའི་ཁམས་སུ་གཏོགས་པའི་སེམས་,,མཁའ་དང༌རྣམ་པར་,5550,ཤེར་ཕྱིན། ཇ།.txt
བྲག་ཅ་ནི་,,མཁའ་དང༌རི་དང༌,405,ཤེར་ཕྱིན། ཕ།.txt
རྟོག་པ་བདུན་པའི་དོན་ནི་,,མཁའ་དང་ལྷན་ཅིག་,7627,ཤེར་ཕྱིན། ཆ།.txt
གནས་པར་གནས་པའི་ཐབས་ནི་,,མཁའ་དང་ས་དག་,1022,ཤེར་ཕྱིན། ཉ།.txt
གྲངས་འདིས་ཞེས་བྱ་བ་ནི་,,མཁའ་དཔེར་བསྟན་པས་,5582,ཤེར་ཕྱིན། ཆ།.txt
སྨྲས་པ་ནི་ལྷའི་བུ་དག་,,མཁའ་དབེན་པའི་ཕྱིར་,7625,ཤེར་ཕྱིན། ཆ།.txt
པའི་ཕྱིར་ཞེས་བྱ་བ་ནི་,,མཁའ་དབེན་པའི་རྣམ་,4666,ཤེར་ཕྱིན། ཕ།.txt
ནིགོས་པ་མེད་པའི་རྣམ་པས་,,མཁའ་དམིགས་པའི་ཕྱིར་,2275,ཤེར་ཕྱིན། ཀ.txt
གང་,,མཁའ་དམིགས་སུ་མེད་,2805,ཤེར་ཕྱིན། ང་།.txt
ནི་,,མཁའ་དེར་ཡུལ་འགའ་,1380,ཤེར་ཕྱིན། ཇ།.txt
བའི་ཆུ་དྲི་མ་མེད་པ་,,མཁའ་ནས་བབ་པའམ་,3788,ཤེར་ཕྱིན། ཀ.txt
གནས་སོ་ཞེས་བྱ་བ་ནི་,,མཁའ་ནི་མེད་པ་,7120,ཤེར་ཕྱིན། ཆ།.txt
བྱ་བས་བསུ་ནསབཅོམ་ལྡན་འདས་,,མཁའ་ནི་ཞེས་བྱ་,5485,ཤེར་ཕྱིན། ཆ།.txt
རབ་འབྱོར་དེ་ནི་འདི་ལྟར་,,མཁའ་ནི་འདི་སྙམ་,4918,ཤེར་ཕྱིན། ང་།.txt
མཆིས་པ་ཞེས་བྱ་བ་ནི་,,མཁའ་ནི་རང་བཞིན་,4722,ཤེར་ཕྱིན། ཆ།.txt
རབ་འབྱོར་,,མཁའ་ནི་སེམས་ཅན་,4829,ཤེར་ཕྱིན། ག.txt
པར་བྱ་སྟེཆུ་ཁམས་གསེར་དང་,,མཁའ་བཞིན་,336,ཤེར་ཕྱིན། ཇ།.txt
མེད་པའི་མཚན་ཉིད་ས་དང་,,མཁའ་བཞིན་ཏེབརྩོན་འགྲུས་,1542,ཤེར་ཕྱིན། ཇ།.txt
ཉིད་ཀྱིས་རྣམ་པར་དག་པས་,,མཁའ་བཞིན་དུ་ཀུན་,3683,ཤེར་ཕྱིན། ཕ།.txt
ལྟ་སྟེཆོས་ཐམས་ཅད་ནི་དཔེ་,,མཁའ་བཞིན་དུ་ཁོང་,4106,ཤེར་ཕྱིན། ག.txt
དམ་པར་བརྗོད་དུ་མེད་པས་,,མཁའ་བཞིན་དུ་གང་,3918,ཤེར་ཕྱིན། ཕ།.txt
པའི་ཕྱིར་ཞེས་བྱ་བ་ནི་,,མཁའ་བཞིན་དུ་གནས་,2046,ཤེར་ཕྱིན། ཕ།.txt
སེམས་གང་གི་,,མཁའ་བཞིན་དུ་གཞལ་,5357,ཤེར་ཕྱིན། ཆ།.txt
པའི་དོན་དམ་པ་དེ་ཉིད་,,མཁའ་བཞིན་དུ་གཟུགས་,827,ཤེར་ཕྱིན། ཕ།.txt
དབྱིངས་ནི་ཕྱོགས་ཐམས་ཅད་ཀྱི་,,མཁའ་བཞིན་དུ་གཟུགས་,912,ཤེར་ཕྱིན། ཉ།.txt
ནི་དོན་དམ་པའི་གཟུགས་ནི་,,མཁའ་བཞིན་དུ་གོས་,4006,ཤེར་ཕྱིན། ཕ།.txt
དང་གྲོལ་བ་ཞེས་བརྗོད་ཀྱི་,,མཁའ་བཞིན་དུ་ཅིས་,3621,ཤེར་ཕྱིན། ཕ།.txt
ཕྱིན་པའོ་ཞེས་བྱ་བ་ནི་,,མཁའ་བཞིན་དུ་ཐོགས་,4600,ཤེར་ཕྱིན། ཕ།.txt
པ་སྐྱེ་བའི་དུས་ན་ཡང་,,མཁའ་བཞིན་དུ་དྲི་,1660,ཤེར་ཕྱིན། ཕ།.txt
དེའི་ཚེ་གཉེན་པོ་བསྒོམས་པས་,,མཁའ་བཞིན་དུ་དེ་,7893,ཤེར་ཕྱིན། ཆ།.txt
དེའི་ཚེ་གཉེན་པོ་བསྒོམས་པས་,,མཁའ་བཞིན་དུ་དེ་,2878,ཤེར་ཕྱིན། ཇ།.txt
མའི་རྣམ་པ་དང་བྲལ་བ་,,མཁའ་བཞིན་དུ་མཚན་,2245,ཤེར་ཕྱིན། ཕ།.txt
ཀྱི་བདག་ཉིད་ཅན་ཡིན་ལ་,,མཁའ་བཞིན་དུ་ཞེས་,5432,ཤེར་ཕྱིན། ཇ།.txt
ཀྱི་དབྱིངས་ཀྱི་ངོ་བོ་ཉིད་,,མཁའ་བཞིན་དུ་འགག་,7845,ཤེར་ཕྱིན། ཆ།.txt
དབྱིངས་ཀྱི་ངོ་བོ་ཉིད་རྣམས་,,མཁའ་བཞིན་དུ་འགག་,2867,ཤེར་ཕྱིན། ཇ།.txt
པ་དེའི་ངོ་བོ་ཉིད་ཀྱང་,,མཁའ་བཞིན་དུ་འགྱུར་,1811,ཤེར་ཕྱིན། ཕ།.txt
དེ་དག་དང་མི་ལྡན་པའི་,,མཁའ་བཞིན་དུ་འོད་,1661,ཤེར་ཕྱིན། ཕ།.txt
བ་ནི་སྟོང་པ་ཉིད་ནི་,,མཁའ་བཞིན་དུ་རྟེན་,1019,ཤེར་ཕྱིན། ཉ།.txt
ལམ་ཆེན་པོའི་ཆེན་པོ་ནི་,,མཁའ་བཞིན་དུ་ཤེས་,1536,ཤེར་ཕྱིན། ཀ.txt
མེད་ལགནས་གྱུར་པའི་ཚེ་ཡང་,,མཁའ་བཞིན་དུ་སྔོན་,3490,ཤེར་ཕྱིན། ཕ།.txt
གྲུབ་པའི་གནས་སྐབས་ན་ཡང་,,མཁའ་བཞིན་དུ་སྔོན་,3684,ཤེར་ཕྱིན། ཕ།.txt
པར་བྱའོ་ཞེས་བྱ་བ་ནི་,,མཁའ་བཞིན་དུ་སྟོང་,4728,ཤེར་ཕྱིན། ཕ།.txt
པར་མི་བྱེད་དེནམ་མཁའ་ལ་,,མཁའ་བཞིན་ནོ་,3674,ཤེར་ཕྱིན། ཕ།.txt
བས་བསུ་ནས་ཀུན་དགའ་བོ་,,མཁའ་བྱེད་པ་མེད་,7807,ཤེར་ཕྱིན། ཆ།.txt
མ་ཡིན་ཏེ་གང་གི་ཕྱིར་,,མཁའ་བྱེད་པ་མེད་,7808,ཤེར་ཕྱིན། ཆ།.txt
པར་འདོད་པ་དེ་དག་ནི་,,མཁའ་བར་སྣང་ལ་,2139,ཤེར་ཕྱིན། ཀ.txt
ཆ་འཆལ་བ་དེ་དག་ནི་,,མཁའ་བར་སྣང་ལ་,2741,ཤེར་ཕྱིན། ང་།.txt
གང་རབ་འབྱོར་,,མཁའ་བརྗོད་དུ་མེད་,2802,ཤེར་ཕྱིན། ང་།.txt
ཤེས་པའི་བཟོད་པ་ནི་གང་,,མཁའ་བརྗོད་དུ་མེད་,1991,ཤེར་ཕྱིན། ཁ།.txt
ཀྱང་ཚད་དུ་མི་རུང་བས་,,མཁའ་བས་ཀྱང་ལྷག་,3614,ཤེར་ཕྱིན། མ།.txt
པ་དེ་སྨྲས་པ་ནིདེ་ལ་,,མཁའ་བསྒྲིབས་པ་མེད་,5484,ཤེར་ཕྱིན། ཇ།.txt
པར་བྱའོ་ཞེས་བྱ་བ་ནི་,,མཁའ་བསྒོམ་པ་ཉིད་,4729,ཤེར་ཕྱིན། ཕ།.txt
ཕྱིན་པ་བསྒོམ་པ་འདི་ནི་,,མཁའ་བསྒོམ་པའི་སླད་,2708,ཤེར་ཕྱིན། ང་།.txt
ཕྱིན་པ་བསྒོམ་པ་འདི་ནི་,,མཁའ་བསྒོམ་པའོ་,4532,ཤེར་ཕྱིན། ང་།.txt
མི་ཁྱབ་ཅེས་བྱ་བ་ནི་,,མཁའ་བསམ་གྱིས་མི་,4047,ཤེར་ཕྱིན། ང་།.txt
ཞེས་བྱ་བ་དང༌ཇི་ལྟར་,,མཁའ་མ་དངས་པའི་,1744,ཤེར་ཕྱིན། ཕ།.txt
འདི་ལྟར་,,མཁའ་མ་སྐྱེས་པ་,2638,ཤེར་ཕྱིན། ཕ།.txt
གྱུར་པ་དེའི་གནས་ཡོད་པས་,,མཁའ་མཐའ་ཡས་ཀྱི་,3756,ཤེར་ཕྱིན། ཀ.txt
བཅོམ་ལྡན་འདས་,,མཁའ་མཐའ་ཡས་པའི་,325,ཤེར་ཕྱིན། ཆ།.txt
ཐམས་ཅད་རྣམ་པར་བཤིག་པས་,,མཁའ་མཐའ་ཡས་པའི་,2327,ཤེར་ཕྱིན། ཕ།.txt
མོས་པའི་རྣམ་པར་ཤེས་པ་,,མཁའ་མཐའ་ཡས་པའི་,2328,ཤེར་ཕྱིན། ཕ།.txt
ལནམ་མཁའ་མཐའ་ཡས་ཉིད་ནི་,,མཁའ་མཐའ་ཡས་པར་,3755,ཤེར་ཕྱིན། ཀ.txt
དོན་གྱིས་ནབསམ་གཏན་འདི་ལ་,,མཁའ་མཐའ་ཡས་པར་,3756,ཤེར་ཕྱིན། ཀ.txt
རྣམ་པར་ཤེས་པ་གང་གིས་,,མཁའ་མཐའ་ཡས་པར་,2328,ཤེར་ཕྱིན། ཕ།.txt
ལྷའི་བུ་དག་,,མཁའ་མཐའ་ཡས་མུ་,4669,ཤེར་ཕྱིན། ང་།.txt
ནམ་མཁའ་མཐའ་མེད་པ་ནི་,,མཁའ་མཐའ་ཡས་ཡིན་,3755,ཤེར་ཕྱིན། ཀ.txt
འདི་དག་དང་གཟུགས་མེད་པ་,,མཁའ་མཐའ་ཡས་ལ་,1459,ཤེར་ཕྱིན། ཉ།.txt
སྐྱེ་བར་འགྱུར་ཞིང་དེ་ནས་,,མཁའ་མཐའ་ཡས་སྐྱེ་,445,ཤེར་ཕྱིན། ཀ.txt
ཐོབ་པར་འགྱུར་བ་དེ་དག་,,མཁའ་མཐའ་ཡས་སྐྱེ་,446,ཤེར་ཕྱིན། ཀ.txt
དེ་ནས་,,མཁའ་མཐའ་ཡས་སྐྱེ་,3419,ཤེར་ཕྱིན། ཀ.txt
འདི་ནི་,,མཁའ་མཐའ་ཡས་སྐྱེ་,3761,ཤེར་ཕྱིན། ཀ.txt
མཁའ་མཐའ་ཡས་སོ་སྙམ་ནས་,,མཁའ་མཐའ་ཡས་སྐྱེ་,2327,ཤེར་ཕྱིན། ཕ།.txt
དེ་རྣམ་པ་ཐམས་ཅད་དུ་,,མཁའ་མཐའ་ཡས་སྐྱེ་,2328,ཤེར་ཕྱིན། ཕ།.txt
པ་འདི་ལྟར་བྱིན་པས་ནི་,,མཁའ་མཐའ་ཡས་སྐྱེ་,437,ཤེར་ཕྱིན། ག.txt
རྣམས་སུ་སྐྱེ་ཞིང༌དེ་ནས་,,མཁའ་མཐའ་ཡས་སྐྱེ་,1170,ཤེར་ཕྱིན། ག.txt
བ་གང་ཡིན་པ་དེ་དག་,,མཁའ་མཐའ་ཡས་སྐྱེ་,1171,ཤེར་ཕྱིན། ག.txt
དེ་ལས་ལངས་ནས་,,མཁའ་མཐའ་ཡས་སྐྱེ་,1189,ཤེར་ཕྱིན། ག.txt
དེ་རྣམ་པ་ཐམས་ཅད་དུ་,,མཁའ་མཐའ་ཡས་སྐྱེ་,3256,ཤེར་ཕྱིན། ག.txt
དེ་བཞིན་དུ་,,མཁའ་མཐའ་ཡས་སྐྱེ་,3410,ཤེར་ཕྱིན། ག.txt
བདག་ཀྱང་,,མཁའ་མཐའ་ཡས་སྐྱེ་,884,ཤེར་ཕྱིན། ང་།.txt
སྙོམས་པར་འཇུག་པར་འགྱུརགཞན་ཡང་,,མཁའ་མཐའ་ཡས་སྐྱེ་,884,ཤེར་ཕྱིན། ང་།.txt
བདག་ཉིད་ཀྱང་,,མཁའ་མཐའ་ཡས་སྐྱེ་,4977,ཤེར་ཕྱིན། ང་།.txt
མཉམ་པར་གཞག་པར་བྱགཞན་ཡང་,,མཁའ་མཐའ་ཡས་སྐྱེ་,4977,ཤེར་ཕྱིན། ང་།.txt
ལེགས་པ་བརྗོད་པར་བྱགཞན་གང་,,མཁའ་མཐའ་ཡས་སྐྱེ་,4977,ཤེར་ཕྱིན། ང་།.txt
དེ་ནས་,,མཁའ་མཐའ་ཡས་སྐྱེ་,3486,ཤེར་ཕྱིན། ཁ།.txt
ཤེས་པ་ཡིད་ལ་བྱེད་པས་,,མཁའ་མཐའ་ཡས་སྐྱེ་,1710,ཤེར་ཕྱིན། ཅ།.txt
དེ་རྣམ་པ་ཐམས་ཅད་དུ་,,མཁའ་མཐའ་ཡས་སྐྱེ་,1860,ཤེར་ཕྱིན། ཅ།.txt
གཏན་བཞི་པ་ལས་ལངས་ནས་,,མཁའ་མཐའ་ཡས་སྐྱེ་,1901,ཤེར་ཕྱིན། ཅ།.txt
ཡས་སྐྱེ་མཆེད་ལས་ལངས་ནས་,,མཁའ་མཐའ་ཡས་སྐྱེ་,1909,ཤེར་ཕྱིན། ཅ།.txt
པར་འཇུག་པ་ལས་ལངས་ནས་,,མཁའ་མཐའ་ཡས་སྐྱེ་,1932,ཤེར་ཕྱིན། ཅ།.txt
པར་མ་བཞག་པའི་སེམས་ལས་,,མཁའ་མཐའ་ཡས་སྐྱེ་,1949,ཤེར་ཕྱིན། ཅ།.txt
བཞི་ཡང་ཞེས་བྱ་བ་ནི་,,མཁའ་མཐའ་ཡས་སྐྱེ་,1470,ཤེར་ཕྱིན། ཉ།.txt
པ་བཞི་ཞེས་བྱ་བ་ནི་,,མཁའ་མཐའ་ཡས་སོ་,3195,ཤེར་ཕྱིན། ཆ།.txt
རྣམས་ཡིད་ལ་མི་བྱེད་པས་,,མཁའ་མཐའ་ཡས་སོ་,3255,ཤེར་ཕྱིན། ག.txt
ཤེས་ཡིད་ལ་མི་བྱེད་པས་,,མཁའ་མཐའ་ཡས་སོ་,3260,ཤེར་ཕྱིན། ག.txt
ཤེས་ཡིད་ལ་མི་བྱེད་པས་,,མཁའ་མཐའ་ཡས་སོ་,1859,ཤེར་ཕྱིན། ཅ།.txt
ཞེས་,,མཁའ་མཐའ་སྐྱེ་མཆེད་,1870,ཤེར་ཕྱིན། ཅ།.txt
དངོས་པོ་མ་མཐོང་བ་ལ་,,མཁའ་མཐོང་བའི་ཐ་,837,ཤེར་ཕྱིན། ཉ།.txt
ཇི་ལྟར་དེ་དང་ཡང་,,མཁའ་མཚུངས་པ་མ་,3266,བསྟོད་ཚོགས། ཀ.txt
སེམས་དཔའ་སེམས་དཔའ་ཆེན་པོ་,,མཁའ་མཛོད་ལ་སོགས་,3926,ཤེར་ཕྱིན། ཀ.txt
མཉམ་པ་ཞེས་བྱ་བ་ནི་,,མཁའ་མི་མཉམ་པ་,4048,ཤེར་ཕྱིན། ང་།.txt
འདས་ཀྱིས་བཀའ་སྩལ་པརབ་འབྱོར་,,མཁའ་མི་ཟད་པའི་,1504,ཤེར་ཕྱིན། ཅ།.txt
ཏེཇི་ལྟར་རི་བོང་གི་རྭས་,,མཁའ་མི་ཤེས་པ་,3928,ཤེར་ཕྱིན། ཕ།.txt
པར་རྟོག་པ་ལྔའི་དོན་ནི་,,མཁའ་མུ་མེད་པའི་,8045,ཤེར་ཕྱིན། ཆ།.txt
སྟེ་སེམས་ཅན་མེད་པའི་ཕྱིར་,,མཁའ་མེད་དོ་,2936,ཤེར་ཕྱིན། ཕ།.txt
རབ་འབྱོར་,,མཁའ་མེད་པ་ཉེ་,2051,ཤེར་ཕྱིན། ཁ།.txt
ཅན་མེད་པ་ལ་གནས་ནས་,,མཁའ་མེད་པ་ལ་,2930,ཤེར་ཕྱིན། ཕ།.txt
ཀྱི་ཕ་རོལ་ཏུ་ཕྱིན་པ་,,མཁའ་མེད་པའི་དཔེས་,2052,ཤེར་ཕྱིན། ཁ།.txt
རབ་འབྱོར་,,མཁའ་མེད་པའི་ཕྱིར་,2241,ཤེར་ཕྱིན། ཀ.txt
རབ་འབྱོར་,,མཁའ་མེད་པའི་ཕྱིར་,3760,ཤེར་ཕྱིན། ཕ།.txt
དེ་ཁོ་ན་ཉིད་དུ་ནི་,,མཁའ་མེད་པའི་ཕྱིར་,871,ཤེར་ཕྱིན། ཇ།.txt
འདས་ཀྱིས་བཀའ་སྩལ་པརབ་འབྱོར་,,མཁའ་མེད་པའི་ཕྱིར་,2959,ཤེར་ཕྱིན། ང་།.txt
འབྱོར་སེམས་ཅན་མེད་པའི་ཕྱིར་,,མཁའ་མེད་པར་རིག་,2929,ཤེར་ཕྱིན། ཕ།.txt
འབྱོར་སེམས་ཅན་མེད་པའི་ཕྱིར་,,མཁའ་མེད་པར་རིག་,4685,ཤེར་ཕྱིན། ག.txt
ཡང་སེམས་ཅན་མེད་པའི་ཕྱིར་,,མཁའ་མེད་པར་རིག་,4692,ཤེར་ཕྱིན། ག.txt
སེམས་ཅན་ཚད་མེད་པའི་ཕྱིར་,,མཁའ་མེད་པར་རིག་,4697,ཤེར་ཕྱིན། ག.txt
བཞིན་གཤེགས་པ་མེད་པའི་ཕྱིར་,,མཁའ་མེད་པར་རིག་,4706,ཤེར་ཕྱིན། ག.txt
དག་པའི་མཐའ་མེད་པའི་ཕྱིར་,,མཁའ་མེད་པར་རིག་,4716,ཤེར་ཕྱིན། ག.txt
པར་ཤེས་པ་མེད་པའི་ཕྱིར་,,མཁའ་མེད་པར་རིག་,4728,ཤེར་ཕྱིན། ག.txt
ཡིད་མེད་པའི་ཕྱིར་,,མཁའ་མེད་པར་རིག་,4738,ཤེར་ཕྱིན། ག.txt
ཏུ་ཕྱིན་པ་མེད་པའི་ཕྱིར་,,མཁའ་མེད་པར་རིག་,4749,ཤེར་ཕྱིན། ག.txt
སྟོང་པ་ཉིད་མེད་པའི་ཕྱིར་,,མཁའ་མེད་པར་རིག་,4762,ཤེར་ཕྱིན། ག.txt
མ་འདྲེས་པ་རྣམས་མེད་པས་,,མཁའ་མེད་པར་རིག་,4784,ཤེར་ཕྱིན། ག.txt
རྟོགས་པའི་ས་མེད་པའི་ཕྱིར་,,མཁའ་མེད་པར་རིག་,4798,ཤེར་ཕྱིན། ག.txt
དགྲ་བཅོམ་པ་མེད་པའི་ཕྱིར་,,མཁའ་མེད་པར་རིག་,4810,ཤེར་ཕྱིན། ག.txt
མཁྱེན་པ་ཉིད་མེད་པའི་ཕྱིར་,,མཁའ་མེད་པར་རིག་,4822,ཤེར་ཕྱིན། ག.txt
བའམམཐའ་བཙལ་བར་འདོད་པ་ནི་,,མཁའ་ཚད་གཟུང་བའམ་,1468,ཤེར་ཕྱིན། ཅ།.txt
ཉིད་དང༌སྔ་མ་བཞིན་དུ་,,མཁའ་ཚད་མེད་པ་,2245,ཤེར་ཕྱིན། ཇ།.txt
སེམས་ཅན་ཚད་མེད་པའི་ཕྱིར་,,མཁའ་ཚད་མེད་པར་,4701,ཤེར་ཕྱིན། ག.txt
ཉིད་དང༌སྔ་མ་བཞིན་དུ་,,མཁའ་ཚད་ལྟར་མེད་,2517,ཤེར་ཕྱིན། ཆ།.txt
ནསཚེ་དང་ལྡན་པ་རབ་འབྱོར་,,མཁའ་ཞེས་བྱ་བ་,6249,ཤེར་ཕྱིན། ཆ།.txt
པར་ཤེས་པ་དང༌ཟད་པར་,,མཁའ་ཞེས་བྱའོ་,3905,ཤེར་ཕྱིན། ཁ།.txt
ཕུང་པོ་རྣམས་དང༌བུ་ག་,,མཁའ་ཞེས་བྱར་བརྗོད་,1611,ཤེར་ཕྱིན། ཀ.txt
སྒྲུབ་པ་ཞེས་བྱ་བ་ནི་,,མཁའ་ཞེས་སྨོས་པ་,3477,ཤེར་ཕྱིན། ཀ.txt
ཡང་,,མཁའ་ཞེས་སྨོས་པ་,3543,ཤེར་ཕྱིན། ཁ།.txt
ཡང་,,མཁའ་ཞེས་སྨོས་པས་,3476,ཤེར་ཕྱིན། ཀ.txt
བསྒྲུབ་པ་ཞེས་བྱ་བ་ནི་,,མཁའ་ཞེས་སྨོས་པས་,3544,ཤེར་ཕྱིན། ཁ།.txt
བྱ་བར་སེམས་པ་དེ་ནི་,,མཁའ་ཟད་པར་བྱ་,1477,ཤེར་ཕྱིན། ཅ།.txt
ཟད་པར་འདོད་པ་དེ་ནི་,,མཁའ་ཟད་པར་འདོད་,3369,ཤེར་ཕྱིན། ཀ.txt
བསྟན་པ་ནིགང་ཀུན་དགའ་བོ་,,མཁའ་ཟད་པར་འདོད་,3434,ཤེར་ཕྱིན། ཁ།.txt
རབ་འབྱོར་གཞན་ཡང་གཟུགས་དང་,,མཁའ་ཟད་མི་ཤེས་,4681,ཤེར་ཕྱིན། ཕ།.txt
ངོ་བོ་ཉིད་ནིལྷའི་བུ་དག་,,མཁའ་ཟབ་པའི་ཕྱིར་,2721,ཤེར་ཕྱིན། ཀ.txt
ལྷའི་བུ་དག་,,མཁའ་ཟབ་པའི་ཕྱིར་,4666,ཤེར་ཕྱིན། ང་།.txt
བཞིན་ནི་གང་ལྷའི་བུ་དག་,,མཁའ་ཟབ་པའི་ཕྱིར་,2673,ཤེར་ཕྱིན། ཁ།.txt
དེ་ནི་,,མཁའ་འདྲ་བ་ལགས་,1190,བསྟོད་ཚོགས། ཀ.txt
པར་བྱ་བའི་ཕྱིར་ཇི་ལྟར་,,མཁའ་འོང་བ་མེད་,5760,ཤེར་ཕྱིན། ཆ།.txt
དེ་ཚེ་དེ་ནི་,,མཁའ་ཡི་,104,བསྟོད་ཚོགས། ཀ.txt
བར་འདོད་པ་དེ་དག་ནི་,,མཁའ་ཡོངས་སུ་གྲོལ་,2138,ཤེར་ཕྱིན། ཀ.txt
དུ་དེ་ནི་བཅོམ་ལྡན་འདས་,,མཁའ་ཡོངས་སུ་ཐར་,4530,ཤེར་ཕྱིན། ཆ།.txt
རབ་འབྱོར་གཞན་ཡང་,,མཁའ་ཡོངས་སུ་དག་,2794,ཤེར་ཕྱིན། ང་།.txt
ནི་གང་རྣམ་པ་དེ་དག་,,མཁའ་ཡོངས་སུ་དག་,1987,ཤེར་ཕྱིན། ཁ།.txt
ཆ་བགོས་པ་དེ་དག་ནི་,,མཁའ་ཡོངས་སུ་དགྲོལ་,2739,ཤེར་ཕྱིན། ང་།.txt
བར་འཚལ་བ་དེ་དག་ནི་,,མཁའ་ཡོངས་སུ་དགྲོལ་,2746,ཤེར་ཕྱིན། ང་།.txt
དུ་ཕྱོགས་བཅུ་རྣམས་ན་ཡང་,,མཁའ་ཡོད་པ་དེའི་,975,ཤེར་ཕྱིན། ཇ།.txt
དེ་ལ་,,མཁའ་རྒྱས་པར་འགེངས་,3824,ཤེར་ཕྱིན། ག.txt
ཏིང་ངེ་འཛིན་ཐམས་ཅད་ཀྱིས་,,མཁའ་རྒྱས་པར་འགེངས་,3824,ཤེར་ཕྱིན། ག.txt
པ་སྟེའདི་ནི་,,མཁའ་རྒྱས་པར་འགེངས་,3824,ཤེར་ཕྱིན། ག.txt
མཁའ་མཐའ་ཡས་པ་སྟེའདི་ནི་,,མཁའ་རྒྱུར་བྱས་པའོ་,3883,ཤེར་ཕྱིན། ཁ།.txt
ལྟར་འདི་དག་དང་མཉམ་པ་,,མཁའ་རང་བཞིན་གྱིས་,3240,བསྟོད་ཚོགས། ཀ.txt
མི་བྱེད་དོ་ཞེས་བྱ་བ་,,མཁའ་རྟག་པ་དང་,5485,ཤེར་ཕྱིན། ཇ།.txt
འདི་ལྟར་,,མཁའ་རྡུལ་གྱིས་མ་,2639,ཤེར་ཕྱིན། ཕ།.txt
ཆུ་ཁམས་གསེར་དང་,,མཁའ་རྣམས་,938,ཤེར་ཕྱིན། ཀ.txt
བརྗོད་པར་བྱཆུ་ཁམས་གསེར་དང་,,མཁའ་རྣམས་,1198,ཤེར་ཕྱིན། ཆ།.txt
པར་བྱ་སྟེཆུ་ཁམས་གསེར་དང་,,མཁའ་རྣམས་,753,ཤེར་ཕྱིན། ཁ།.txt
ཡིན་ན་དུས་ཐམས་ཅད་དུ་,,མཁའ་རྫས་མེད་པ་,7893,ཤེར་ཕྱིན། ཆ།.txt
མ་ཡིན་ཏེདུས་ཐམས་ཅད་དུ་,,མཁའ་རྫས་མེད་པ་,2878,ཤེར་ཕྱིན། ཇ།.txt
དགོངས་པ་ནི་ཇི་ལྟར་,,མཁའ་རྫས་སུ་མེད་,7824,ཤེར་ཕྱིན། ཆ།.txt
བརྟགས་པ་མི་ཤེས་ཏེཇི་ལྟར་,,མཁའ་རི་བོང་གི་,3927,ཤེར་ཕྱིན། ཕ།.txt
ཕྱིར་ཏེདཔེར་ན་,,མཁའ་ལ,5086,ཤེར་ཕྱིན། ཕ།.txt
ཇི་ལྟར་སུས་ཀྱང་,,མཁའ་ལ་,672,ཤེར་ཕྱིན། ཆ།.txt
ཀྱི་དབུའི་དྲང་ཐད་སྟེང་གི་,,མཁའ་ལ་ཁང་པ་,276,ཤེར་ཕྱིན། ཅ།.txt
འདས་ཀྱིས་བཀའ་སྩལ་པརབ་འབྱོར་,,མཁའ་ལ་གང་ཡང་,2806,ཤེར་ཕྱིན། ང་།.txt
སྐད་དུ་དཔེར་ན་བྱ་ནི་,,མཁའ་ལ་གནས་ཀྱང་,1368,ཤེར་ཕྱིན། ཉ།.txt
དུ་བདག་ཉིད་ཤེས་རབ་ཀྱི་,,མཁའ་ལ་གནས་ཏེ་,833,ཤེར་ཕྱིན། ཉ།.txt
མེད་དེརྣམ་པར་དཔྱད་ན་དེ་,,མཁའ་ལ་གནས་པ་,1167,ཤེར་ཕྱིན། ཇ།.txt
སྣང་བའི་མཚན་མ་ནི་,,མཁའ་ལ་གནས་པའི་,3799,ཤེར་ཕྱིན། ཀ.txt
པའི་བསམ་པ་དང༌རབ་འབྱོར་,,མཁའ་ལ་གཞོལ་བ་,4609,ཤེར་ཕྱིན། ང་།.txt
ཞེས་གསུངས་པ་ནི་རབ་འབྱོར་,,མཁའ་ལ་གཞོལ་བའི་,5855,ཤེར་ཕྱིན། ཆ།.txt
ཞེས་བྱ་བ་ནི་ཇི་ལྟར་,,མཁའ་ལ་གློ་བུར་,3729,ཤེར་ཕྱིན། ཕ།.txt
དང༌ངང་པའི་རྒྱལ་པོ་ལྟར་,,མཁའ་ལ་གཤེགས་པ་,4155,ཤེར་ཕྱིན། ཁ།.txt
དང༌ངང་པའི་རྒྱལ་པོ་ལྟར་,,མཁའ་ལ་གཤེགས་པས་,4003,ཤེར་ཕྱིན། ཀ.txt
ལ་སོགས་པ་གསུངས་ཏེཇི་ལྟར་,,མཁའ་ལ་ངང་པ་,747,ཤེར་ཕྱིན། ཇ།.txt
པའི་ཕྱིར་ཞེས་བྱ་བ་ནི་,,མཁའ་ལ་ངོ་བོ་,3733,ཤེར་ཕྱིན། ཕ།.txt
པ་སྒྲིབ་གཡོགས་དང་བྲལ་བའི་,,མཁའ་ལ་ཉི་མའི་,6135,ཤེར་ཕྱིན། ཆ།.txt
གང་རབ་འབྱོར་,,མཁའ་ལ་ཐ་སྙད་,2800,ཤེར་ཕྱིན། ང་།.txt
ཟད་པར་,,མཁའ་ལ་དབང་ཐོབ་,3953,ཤེར་ཕྱིན། ཁ།.txt
སློང་རྫུ་འཕྲུལ་དང་ལྡན་པ་,,མཁའ་ལ་དུས་གཅིག་,1034,ཤེར་ཕྱིན། ཉ།.txt
མེད་པའི་ཕྱིར་ཞེས་བྱང་ནི་,,མཁའ་ལ་དེ་ལས་,3731,ཤེར་ཕྱིན། ཕ།.txt
འདས་ཀྱིས་བཀའ་སྩལ་པརབ་འབྱོར་,,མཁའ་ལ་ནི་གང་,2803,ཤེར་ཕྱིན། ང་།.txt
བ་དང༌འོང་བ་ཡོད་ཀྱང་,,མཁའ་ལ་ནི་འགྲོ་,1972,ཤེར་ཕྱིན། ཕ།.txt
གཡོགས་དུ་མ་ཡོད་ན་ཡང་,,མཁའ་ལ་ནི་ཡོངས་,5592,ཤེར་ཕྱིན། ཆ།.txt
སོར་སྣང་བའི་མཚན་མ་ནི་,,མཁའ་ལ་བཀབ་པའི་,3926,ཤེར་ཕྱིན། ཁ།.txt
སླད་དུ་ཞེ་ནབཅོམ་ལྡན་འདས་,,མཁའ་ལ་བྱེ་བྲག་,981,ཤེར་ཕྱིན། ཅ།.txt
བར་སེམས་པ་དེ་དག་ནི་,,མཁའ་ལ་བརྩོན་པའོ་,2749,ཤེར་ཕྱིན། ང་།.txt
བར་སེམས་པ་དེ་དག་ནི་,,མཁའ་ལ་བསྲུང་བ་,2754,ཤེར་ཕྱིན། ང་།.txt
རྟགས་ཀྱི་དོན་ནི་བདག་ཉིད་,,མཁའ་ལ་མངོན་པར་,7180,ཤེར་ཕྱིན། ཆ།.txt
རྟེན་གྱི་ཁམས་འདིའི་སྟེང་གི་,,མཁའ་ལ་མངོན་པར་,1592,ཤེར་ཕྱིན། ག.txt
ཕྱིན་ཅི་ལོག་གི་སྟོབས་ཀྱིས་,,མཁའ་ལ་མདུད་པ་,1281,ཤེར་ཕྱིན། ཇ།.txt
གཞན་ནི་འཆིང་བ་འདི་ཡང་,,མཁའ་ལ་མདུད་པ་,1158,ཤེར་ཕྱིན། ཉ།.txt
བགྱིས་པའི་སླད་དུ་,,མཁའ་ལ་མཚན་ཉིད་,3890,ཤེར་ཕྱིན། ང་།.txt
དེ་ལ་ཡིད་ལ་བྱེད་པས་,,མཁའ་ལ་མེ་ཏོག་,3518,ཤེར་ཕྱིན། ཀ.txt
ལྡན་འདས་ཀྱི་དབུའི་སྟེང་གི་,,མཁའ་ལ་མེ་ཏོག་,96,ཤེར་ཕྱིན། ག.txt
དང༌དེ་ཡིད་ལ་བྱས་ཤིང་,,མཁའ་ལ་མེ་ཏོག་,3586,ཤེར་ཕྱིན། ཁ།.txt
ཞེ་ནདེའི་ཕྱིརམཉམ་པའི་དཔེ་ཉིད་,,མཁའ་ལ་མེད་དེ་,3253,བསྟོད་ཚོགས། ཀ.txt
ལ་རགས་པར་འདུ་ཤེས་ཤིང་,,མཁའ་ལ་ཞི་བར་,1710,ཤེར་ཕྱིན། ཅ།.txt
ལྡན་འདས་ཀྱི་དབུའི་སྟེང་གི་,,མཁའ་ལ་ཞེས་བྱ་,585,ཤེར་ཕྱིན། ཕ།.txt
མངོན་པར་སྤྲུལ་ནས་མདུན་གྱི་,,མཁའ་ལ་འཁོད་བཞིན་,1242,ཤེར་ཕྱིན། ང་།.txt
རྫུ་འཕྲུལ་ནི་,,མཁའ་ལ་འགྲོ་བ་,5151,ཤེར་ཕྱིན། ཆ།.txt
གྱི་སྒྲུབ་པ་དང་འཚམ་པའི་,,མཁའ་ལ་འགྲོ་བ་,5248,ཤེར་ཕྱིན། ཇ།.txt
རྫུ་འཕྲུལ་ནི་,,མཁའ་ལ་འགྲོ་བ་,1029,ཤེར་ཕྱིན། ཉ།.txt
འདི་ནི་,,མཁའ་ལ་འཇུག་པའི་,3759,ཤེར་ཕྱིན། ཀ.txt
དག་པར་རྫོགས་པའི་སངས་རྒྱས་,,མཁའ་ལ་ཡང་འཕགས་,411,ཤེར་ཕྱིན། ཅ།.txt
དེ་,,མཁའ་ལ་རགས་པར་,1711,ཤེར་ཕྱིན། ཅ།.txt
ལ་སོགས་པ་གསུངས་ཏེཇི་ལྟར་,,མཁའ་ལ་རྫས་ཐམས་,871,ཤེར་ཕྱིན། ཇ།.txt
ནམ་མཁའ་བཞིན་དུ་སྟེཇི་ལྟར་,,མཁའ་ལ་རྫས་མེད་,5483,ཤེར་ཕྱིན། ཇ།.txt
ནོར་བུའི་རླུང་ཡབ་ལྟ་བུ་,,མཁའ་ལ་སྣང་བའོ་,3806,ཤེར་ཕྱིན། ཀ.txt
འགྲོ་བའི་ལས་ཀྱི་དབང་གིས་,,མཁའ་ལ་སྣོད་ཀྱི་,1014,ཤེར་ཕྱིན། ཉ།.txt
ཡང་འདི་སྐད་དུ་ཇི་ལྟར་,,མཁའ་ལ་སེམས་ཅན་,4683,ཤེར་ཕྱིན། ག.txt
པོ་མེད་པ་འདུས་མ་བྱས་,,མཁའ་ལ་སོགས་པ་,1153,ཤེར་ཕྱིན། ཀ.txt
ཡོད་པ་མ་ཡིན་ན་ནི་,,མཁའ་ལ་སོགས་པ་,1261,ཤེར་ཕྱིན། མ།.txt
མེད་ཅིང་འདུས་མ་བྱས་པ་,,མཁའ་ལ་སོགས་པ་,1449,ཤེར་ཕྱིན། ཆ།.txt
མ་མཆིས་ཞེས་བྱ་བ་ནི་,,མཁའ་ལ་སོགས་པ་,1697,ཤེར་ཕྱིན། ཕ།.txt
བྱ་བ་ནི་འདུས་མ་བྱས་,,མཁའ་ལ་སོགས་པ་,4249,ཤེར་ཕྱིན། ཇ།.txt
དང༌གཟུགས་ལ་སོགས་པ་དང་,,མཁའ་ལ་སོགས་པ་,5640,ཤེར་ཕྱིན། ཇ།.txt
ཡིན་པ་གང་ཇི་སྙེད་པ་,,མཁའ་ལ་སོགས་པའི་,2843,ཤེར་ཕྱིན། མ།.txt
ཆོས་མིན་ནི་,,མཁའ་ལ་སོགས་པའོ་,4795,ཤེར་ཕྱིན། ཇ།.txt
སོགས་པས་འགྱུར་བ་མེད་པ་,,མཁའ་ལྟ་བུ་ཡང་,2834,ཤེར་ཕྱིན། མ།.txt
པའི་ཡེ་ཤེས་ཐོབ་པའི་ཕྱིར་,,མཁའ་ལྟ་བུ་ཡིན་,1381,ཤེར་ཕྱིན། ཇ།.txt
ཀྱིས་ཅིས་ཀྱང་མ་གོས་ཤིང་,,མཁའ་ལྟ་བུ་ལ་,2771,ཤེར་ཕྱིན། ཕ།.txt
ནི་དེ་ལྟར་ལུས་སྟོང་པ་,,མཁའ་ལྟ་བུ་ལ་,3763,ཤེར་ཕྱིན། ཕ།.txt
རོལ་ཏུ་ཕྱིན་པ་འདི་ནི་,,མཁའ་ལྟ་བུ་ལགས་,1521,ཤེར་ཕྱིན། ག.txt
ས་བོན་གནས་ངན་ལེན་གྱིས་,,མཁའ་ལྟ་བུའི་སེམས་,2125,ཤེར་ཕྱིན། མ།.txt
རུང་སྟེཇི་ལྟར་སྒྱུ་མའི་མིས་,,མཁའ་ལྟ་བུའོ་,4867,ཤེར་ཕྱིན། ཕ།.txt
མེད་པའི་ངོ་བོ་ཉིད་དེ་,,མཁའ་ལྟ་བུར་དངོས་,4146,ཤེར་ཕྱིན། ཕ།.txt
འདི་སྐད་དུ་ཆོས་ཐམས་ཅད་,,མཁའ་ལྟ་བུར་དམིགས་,4528,ཤེར་ཕྱིན། ཆ།.txt
པར་འདས་ཞེས་བྱ་བ་ནི་,,མཁའ་ལྟ་བུར་མོས་,2324,ཤེར་ཕྱིན། ཕ།.txt
དཔའ་ཆེན་པོ་ཆོས་ཐམས་ཅད་,,མཁའ་ལྟ་བུར་མོས་,4147,ཤེར་ཕྱིན། ཕ།.txt
ཅད་ཤིན་ཏུ་མེད་པའི་ཕྱིར་,,མཁའ་ལྟ་བུར་མོས་,4148,ཤེར་ཕྱིན། ཕ།.txt
དཔའ་ཆེན་པོ་ཆོས་ཐམས་ཅད་,,མཁའ་ལྟ་བུར་མོས་,4921,ཤེར་ཕྱིན། ང་།.txt
བ་དེ་བཞིན་དུ་རབ་འབྱོར་,,མཁའ་ལྟར་གཟུགས་ནས་,2801,ཤེར་ཕྱིན། ང་།.txt
དགའ་བོ་ཆོས་ཐམས་ཅད་ནི་,,མཁའ་ལྟར་གཡོ་བ་,1440,ཤེར་ཕྱིན། ཅ།.txt
གི་སྐྱོན་རྣམ་པར་འཇིག་པས་,,མཁའ་ལྟར་གྱུར་པ་,3802,ཤེར་ཕྱིན། ག.txt
ལ་སོགས་པ་རྣམས་ཀྱི་དེ་,,མཁའ་ལྟར་ངོ་བོ་,2513,ཤེར་ཕྱིན། ཆ།.txt
འཛིན་དང་ཞེས་བྱ་བ་ནས་,,མཁའ་ལྟར་ཆགས་པ་,1170,ཤེར་ཕྱིན། ཀ.txt
ཕ་རོལ་ཏུ་ཕྱིན་པ་ནི་,,མཁའ་ལྟར་ཆགས་པ་,3197,ཤེར་ཕྱིན། ཀ.txt
ཆོས་ཐམས་ཅད་,,མཁའ་ལྟར་ཆགས་པ་,3782,ཤེར་ཕྱིན། ཕ།.txt
རབ་འབྱོར་,,མཁའ་ལྟར་ཆགས་པ་,4600,ཤེར་ཕྱིན། ཕ།.txt
དེ་བཞིན་དུ་དེ་ལ་,,མཁའ་ལྟར་ཆགས་པ་,2824,ཤེར་ཕྱིན། ག.txt
གནས་ན་ཆོས་ཐམས་ཅད་ལ་,,མཁའ་ལྟར་ཆགས་པ་,2824,ཤེར་ཕྱིན། ག.txt
ཐོབ་པར་འགྱུར་བ་སྟེདེ་ནི་,,མཁའ་ལྟར་ཆགས་པ་,2824,ཤེར་ཕྱིན། ག.txt
དེ་ལ་,,མཁའ་ལྟར་ཆགས་པ་,3916,ཤེར་ཕྱིན། ག.txt
ལ་གནས་ཤིང་ཆོས་ཐམས་ཅད་,,མཁའ་ལྟར་ཆགས་པ་,3916,ཤེར་ཕྱིན། ག.txt
མེད་པ་འཐོབ་པ་སྟེའདི་ནི་,,མཁའ་ལྟར་ཆགས་པ་,3916,ཤེར་ཕྱིན། ག.txt
ལྟ་བུའི་ཏིང་ངེ་འཛིན་ནས་,,མཁའ་ལྟར་ཆགས་པ་,781,ཤེར་ཕྱིན། ཁ།.txt
ཕ་རོལ་ཏུ་ཕྱིན་པ་ནི་,,མཁའ་ལྟར་ཆགས་པ་,3242,ཤེར་ཕྱིན། ཁ།.txt
འདས་ཀྱིས་བཀའ་སྩལ་པརབ་འབྱོར་,,མཁའ་ལྟར་ཆགས་པ་,515,ཤེར་ཕྱིན། ཅ།.txt
རོ་ཞེས་བྱ་བ་ནི་,,མཁའ་ལྟར་དམིགས་པའི་,3760,ཤེར་ཕྱིན། ཕ།.txt
སོར་སྣང་བའི་མཚན་མ་ནི་,,མཁའ་ལྟར་བཞག་པའི་,3929,ཤེར་ཕྱིན། ཁ།.txt
སྟེརྟོགས་པ་དེ་དང་དེ་ལ་,,མཁའ་ལྟར་མ་ཆགས་,2308,ཤེར་ཕྱིན། ཀ.txt
བ་བསྟན་པར་བྱ་བའི་ཕྱིར་,,མཁའ་ལྟར་མཉམ་པ་,1643,ཤེར་ཕྱིན། ཆ།.txt
སྟེཀྱེ་མ་འཁོར་བ་འདི་ནི་,,མཁའ་ལྟར་མུ་མེད་,271,ཤེར་ཕྱིན། ཅ།.txt
སེམས་ཅན་གྱི་ཁམས་འདི་ནི་,,མཁའ་ལྟར་མུ་མེད་,272,ཤེར་ཕྱིན། ཅ།.txt
རྟེན་ཅིང་འབྲེལ་པར་འབྱུང་བ་,,མཁའ་ལྟར་ཟད་མི་,3371,ཤེར་ཕྱིན། ཀ.txt
དེའི་འོག་ཏུ་,,མཁའ་ལྟར་ཟད་མི་,4682,ཤེར་ཕྱིན། ཕ།.txt
རྟེན་ཅིང་འབྲེལ་པར་འབྱུང་བ་,,མཁའ་ལྟར་ཟད་མི་,3437,ཤེར་ཕྱིན། ཁ།.txt
རབ་འབྱོར་གཞན་ཡང་གཟུགས་,,མཁའ་ལྟར་ཟད་མི་,1518,ཤེར་ཕྱིན། ཅ།.txt
རབ་འབྱོར་ཚོར་བ་,,མཁའ་ལྟར་ཟད་མི་,1519,ཤེར་ཕྱིན། ཅ།.txt
འདུ་ཤེས་,,མཁའ་ལྟར་ཟད་མི་,1520,ཤེར་ཕྱིན། ཅ།.txt
འདུ་བྱེད་རྣམས་,,མཁའ་ལྟར་ཟད་མི་,1521,ཤེར་ཕྱིན། ཅ།.txt
རྣམ་པར་ཤེས་པ་,,མཁའ་ལྟར་ཟད་མི་,1522,ཤེར་ཕྱིན། ཅ།.txt
རབ་འབྱོར་སྐྱེ་མཆེད་རྣམས་,,མཁའ་ལྟར་ཟད་མི་,1523,ཤེར་ཕྱིན། ཅ།.txt
ཁམས་རྣམས་,,མཁའ་ལྟར་ཟད་མི་,1524,ཤེར་ཕྱིན། ཅ།.txt
རྟེན་ཅིང་འབྲེལ་བར་འབྱུང་བ་,,མཁའ་ལྟར་ཟད་མི་,1525,ཤེར་ཕྱིན། ཅ།.txt
པའི་ཕ་རོལ་ཏུ་ཕྱིན་པ་,,མཁའ་ལྟར་ཟད་མི་,1526,ཤེར་ཕྱིན། ཅ།.txt
ཀྱི་ཕ་རོལ་ཏུ་ཕྱིན་པ་,,མཁའ་ལྟར་ཟད་མི་,1527,ཤེར་ཕྱིན། ཅ།.txt
རབ་འབྱོར་ནང་སྟོང་པ་ཉིད་,,མཁའ་ལྟར་ཟད་མི་,1528,ཤེར་ཕྱིན། ཅ།.txt
སྟོང་པ་ཉིད་ཀྱི་བར་དུ་,,མཁའ་ལྟར་ཟད་མི་,1529,ཤེར་ཕྱིན། ཅ།.txt
དྲན་པ་ཉེ་བར་གཞག་པ་,,མཁའ་ལྟར་ཟད་མི་,1530,ཤེར་ཕྱིན། ཅ།.txt
པའི་ལམ་ཡན་ལག་བརྒྱད་པ་,,མཁའ་ལྟར་ཟད་མི་,1531,ཤེར་ཕྱིན། ཅ།.txt
ངེ་འཛིན་དང༌གཟུངས་ཀྱི་སྒོ་,,མཁའ་ལྟར་ཟད་མི་,1532,ཤེར་ཕྱིན། ཅ།.txt
རྒྱས་ཀྱི་ཆོས་མ་འདྲེས་པ་,,མཁའ་ལྟར་ཟད་མི་,1533,ཤེར་ཕྱིན། ཅ།.txt
མཁྱེན་པ་ཉིད་ཀྱི་བར་དུ་,,མཁའ་ལྟར་ཟད་མི་,1534,ཤེར་ཕྱིན། ཅ།.txt
འབྱོར་གཞན་ཡང་མ་རིག་པ་,,མཁའ་ལྟར་ཟད་མི་,1535,ཤེར་ཕྱིན། ཅ།.txt
རབ་འབྱོར་འདུ་བྱེད་,,མཁའ་ལྟར་ཟད་མི་,1536,ཤེར་ཕྱིན། ཅ།.txt
རབ་འབྱོར་རྣམ་པར་ཤེས་པ་,,མཁའ་ལྟར་ཟད་མི་,1537,ཤེར་ཕྱིན། ཅ།.txt
རབ་འབྱོར་མིང་དང་གཟུགས་,,མཁའ་ལྟར་ཟད་མི་,1538,ཤེར་ཕྱིན། ཅ།.txt
རབ་འབྱོར་སྐྱེ་མཆེད་དྲུག་,,མཁའ་ལྟར་ཟད་མི་,1539,ཤེར་ཕྱིན། ཅ།.txt
རབ་འབྱོར་རེག་པ་,,མཁའ་ལྟར་ཟད་མི་,1540,ཤེར་ཕྱིན། ཅ།.txt
རབ་འབྱོར་སྲེད་པ་,,མཁའ་ལྟར་ཟད་མི་,1542,ཤེར་ཕྱིན། ཅ།.txt
རབ་འབྱོར་ལེན་པ་,,མཁའ་ལྟར་ཟད་མི་,1543,ཤེར་ཕྱིན། ཅ།.txt
རབ་འབྱོར་སྲིད་པ་,,མཁའ་ལྟར་ཟད་མི་,1544,ཤེར་ཕྱིན། ཅ།.txt
རབ་འབྱོར་སྐྱེ་བ་,,མཁའ་ལྟར་ཟད་མི་,1545,ཤེར་ཕྱིན། ཅ།.txt
མི་བདེ་བ་དང༌འཁྲུག་པ་,,མཁའ་ལྟར་ཟད་མི་,1546,ཤེར་ཕྱིན། ཅ།.txt
རབ་འབྱོར་གང་ལ་ལ་,,མཁའ་ལྟར་ཟད་མི་,1550,ཤེར་ཕྱིན། ཅ།.txt
སེམས་དཔའ་ཆེན་པོས་ཇི་ལྟར་,,མཁའ་ལྟར་ཟད་མི་,1552,ཤེར་ཕྱིན། ཅ།.txt
སེམས་དཔའ་སེམས་དཔའ་ཆེན་པོས་,,མཁའ་ལྟར་ཟད་མི་,1554,ཤེར་ཕྱིན། ཅ།.txt
སོགས་པ་ཡོད་དུ་ཟིན་ཀྱང་,,མཁའ་ལྟར་རྣམ་པ་,3665,ཤེར་ཕྱིན། ཕ།.txt
དེ་ཉིད་ཀྱིས་,,མཁའ་ལྟར་རོ་གཅིག་,829,བསྟོད་ཚོགས། ཀ.txt
དུ་གང་གྱུར་པ་དེ་ནི་,,མཁའ་ལྟར་རོ་གཅིག་,829,བསྟོད་ཚོགས། ཀ.txt
མཁྱེན་པ་ཉིད་ཀྱི་བར་གྱི་,,མཁའ་ལྟར་སྐྱེ་བ་,2795,ཤེར་ཕྱིན། ང་།.txt
པའི་རྣམ་པར་རྟོག་པ་ནི་,,མཁའ་ལྟར་སྟོང་པ་,3474,ཤེར་ཕྱིན། ཀ.txt
དེ་ལ་,,མཁའ་ལྟར་སྟོང་པ་,3477,ཤེར་ཕྱིན། ཀ.txt
རབ་འབྱོར་,,མཁའ་ལྟར་སྟོང་པ་,4728,ཤེར་ཕྱིན། ཕ།.txt
དང༌སེམས་ཅན་གྱི་དོན་ཡང་,,མཁའ་ལྡིང་བསྒྲུབས་པའི་,3458,ཤེར་ཕྱིན། ཇ།.txt
རྒྱལ་མཚན་ནི་,,མཁའ་ལྡིང་ལ་སོགས་,2943,ཤེར་ཕྱིན། ཆ།.txt
དང་ལྟོ་འཕྱེ་ཆེན་པོ་དང་,,མཁའ་ལྡིང་ལ་སོགས་,8785,ཤེར་ཕྱིན། ཆ།.txt
གི་སྒྲ་འབྱུང་བ་དེ་ནི་,,མཁའ་ལས་འབྱུང་ན་,24,ཤེར་ཕྱིན། ཕ།.txt
བཅད་པ་འདི་ནི་ཟད་པར་,,མཁའ་ལས་སུ་རུང་,3922,ཤེར་ཕྱིན། ཁ།.txt
སོགས་པ་རྣམས་སུ་ཟད་པར་,,མཁའ་སྐྱེ་བར་འགྱུར་,3786,ཤེར་ཕྱིན། ཀ.txt
སོགས་པ་ལས་ནི་ཟད་པར་,,མཁའ་སྐྱེ་བར་འགྱུར་,3914,ཤེར་ཕྱིན། ཁ།.txt
གྱི་ལོ་ཙཱ་བ་དགེ་སློང་,,མཁའ་སྐྱོང་གིས་བསྒྱུར་,2026,ཤེར་ཕྱིན། མ།.txt
ནམ་མཁའ་ནི་,,མཁའ་སྟེ་དེ་དཔེ་,3255,བསྟོད་ཚོགས། ཀ.txt
རྗེས་སུ་མེད་པ་ཙམ་ནི་,,མཁའ་སྟེའདས་པའི་དུས་,5760,ཤེར་ཕྱིན། ཆ།.txt
ཞེ་ནདེ་ནི་འདི་ལྟར་དེ་,,མཁའ་སྟོང་པ་ཉིད་,5190,ཤེར་ཕྱིན། ང་།.txt
རྣམ་པར་རྟོག་པ་ནི་གང་,,མཁའ་སྟོང་པ་ཉིད་,3541,ཤེར་ཕྱིན། ཁ།.txt
དེ་ལ་,,མཁའ་སྟོང་པ་ཉིད་,3544,ཤེར་ཕྱིན། ཁ།.txt
ཅེས་བྱ་བ་དང༌ཇི་ལྟར་,,མཁའ་སྤྲིན་ལ་སོགས་,1614,ཤེར་ཕྱིན། ཕ།.txt
ཀྱིས་འདི་སྐད་དུ་ཇི་ལྟར་,,མཁའ་སེམས་ཅན་ཚད་,2929,ཤེར་ཕྱིན། ཕ།.txt
ཀྱིས་འདི་སྐད་དུ་ཇི་ལྟར་,,མཁའ་སེམས་ཅན་ཚད་,1321,ཤེར་ཕྱིན། ཁ།.txt
ཀྱི་སྤྱིའི་རྟེན་ཅན་འབྲས་བུ་,,མཁའའི་ཁམས་ཀྱི་མཐས་,27,ཤེར་ཕྱིན། ཁ།.txt
ཏེདེ་དང་ཞེས་བྱ་བ་ནི་,,མཁའའི་ཁམས་དང་ངོ༌་,1309,ཤེར་ཕྱིན། ཉ།.txt
པ་དང་ཤེས་རབ་འདི་ནི་,,མཁའའི་ཁམས་དང་མཚུངས་,512,ཤེར་ཕྱིན། ཉ།.txt
བྱ་བ་ནི་གང་གིས་ཀྱང་,,མཁའའི་ཁམས་དེ་ཐོབ་,1311,ཤེར་ཕྱིན། ཉ།.txt
ཕྱིན་པ་བསྒོམ་པ་འདི་ནི་,,མཁའའི་ཁམས་བསྒོམ་པ་,4578,ཤེར་ཕྱིན། ང་།.txt
རང་བཞིན་ངེས་པར་བྱས་པས་,,མཁའའི་ཁམས་མུ་མེད་,8097,ཤེར་ཕྱིན། ཆ།.txt
དུ་ཤེས་པར་བྱ་བའི་ཕྱིར་,,མཁའའི་ཁམས་མུ་མེད་,8725,ཤེར་ཕྱིན། ཆ།.txt
ཉིད་དང༌འདིར་ཡང་བུ་ག་,,མཁའའི་ཁམས་ཞེས་བྱ་,651,ཤེར་ཕྱིན། ཁ།.txt
བུ་ག་,,མཁའའི་ཁམས་ཞེས་བཤད་,1478,ཤེར་ཕྱིན། ཁ།.txt
དུ་ཞེ་ནབཅོམ་ལྡན་འདས་ཀྱིས་,,མཁའའི་ཁམས་འདུས་མ་,3890,ཤེར་ཕྱིན། ང་།.txt
བྱེད་པ་ནིརབ་འབྱོར་གཟུགས་ནི་,,མཁའའི་ངང་ཚུལ་ཅན་,2686,ཤེར་ཕྱིན། ཀ.txt
རྟེན་བྱེད་པ་ཡིན་ཏེགཟུགས་ནི་,,མཁའའི་ངང་ཚུལ་ཅན་,4408,ཤེར་ཕྱིན། ང་།.txt
དང༌རྣམ་པར་ཤེས་པ་ནི་,,མཁའའི་ངང་ཚུལ་ཅན་,4408,ཤེར་ཕྱིན། ང་།.txt
འབྱུང་བའི་ཡན་ལག་རྣམས་ནི་,,མཁའའི་ངང་ཚུལ་ཅན་,4408,ཤེར་ཕྱིན། ང་།.txt
འདྲེས་པ་བཅོ་བརྒྱད་རྣམས་ནི་,,མཁའའི་ངང་ཚུལ་ཅན་,4409,ཤེར་ཕྱིན། ང་།.txt
ཐམས་ཅད་མཁྱེན་པ་ཉིད་ནི་,,མཁའའི་ངང་ཚུལ་ཅན་,4410,ཤེར་ཕྱིན། ང་།.txt
ནི་གང༌རབ་འབྱོར་གཟུགས་ནི་,,མཁའའི་ངང་ཚུལ་ཅན་,2637,ཤེར་ཕྱིན། ཁ།.txt
ཤེས་ཀྱིས་ནི་ཆོས་ཐམས་ཅད་,,མཁའའི་ངོས་དང་འདྲ་,675,ཤེར་ཕྱིན། ཉ།.txt
རྡུལ་མེད་མྱ་ངན་འདས་པ་,,མཁའའི་ངོས་ལེགས་བཞུགས་,3160,བསྟོད་ཚོགས། ཀ.txt
སོར་སྣང་བའི་མཚན་མ་ནི་,,མཁའའི་དཀྱིལ་ཉིད་དུ་,3938,ཤེར་ཕྱིན། ཁ།.txt
དེ་ལ་,,མཁའའི་དཀྱིལ་ན་ཞེས་,3079,བསྟོད་ཚོགས། ཀ.txt
དང༌སྣང་བའི་མཚན་མ་ནི་,,མཁའའི་དཀྱིལ་ལྟ་བུར་,3809,ཤེར་ཕྱིན། ཀ.txt
ཆུ་དང་,,མཁའའི་དག་པ་རྣམས་,2072,བསྟོད་ཚོགས། ཀ.txt
སྙད་འདོགས་ཀྱི་,,མཁའའི་དངོས་པོར་གྱུར་,837,ཤེར་ཕྱིན། ཉ།.txt
འགྱུར་བའི་ཆོས་ཉིད་བཟུང་ནས་,,མཁའའི་དཔེས་བསྟན་པ་,1948,ཤེར་ཕྱིན། ཁ།.txt
གཞན་ཡང་,,མཁའའི་དཔེས་བསམ་གྱིས་,2588,ཤེར་ཕྱིན། ཁ།.txt
རྣམ་པར་རྟོག་པ་ནི་ཡང་,,མཁའའི་དཔེས་རིགས་སུ་,3274,ཤེར་ཕྱིན། ཀ.txt
པར་རྟོག་པ་ནི་གང་ཡང་,,མཁའའི་དཔེས་རིགས་སུ་,3331,ཤེར་ཕྱིན། ཁ།.txt
ཟླ་དང་བཅས་པ་བཀག་པས་,,མཁའའི་དཔེས་ལམ་ཤེས་,2596,ཤེར་ཕྱིན། ཀ.txt
བྱས་པའི་དངོས་པོ་བཀག་པས་,,མཁའའི་དཔེས་ལམ་ཤེས་,2537,ཤེར་ཕྱིན། ཁ།.txt
ཟད་པར་,,མཁའའི་དབང་གིས་ནི་,3822,ཤེར་ཕྱིན། ཀ.txt
འདི་བགོས་པ་དེ་དག་ནི་,,མཁའའི་དོན་དུ་སྦྱོར་,2739,ཤེར་ཕྱིན། ང་།.txt
འཐད་པའི་དངོས་པོ་མེད་པས་,,མཁའའི་པད་མ་བཞིན་,7845,ཤེར་ཕྱིན། ཆ།.txt
རོལ་ཏུ་ཕྱིན་པ་འདི་ནི་,,མཁའའི་ཕ་རོལ་ཏུ་,2968,ཤེར་ཕྱིན། ང་།.txt
བའི་སྦྱོར་བ་ནིསྦྱོར་བ་དེ་,,མཁའའི་བསྔགས་པ་འམ་,2135,ཤེར་ཕྱིན། ཀ.txt
ཤིང་,,མཁའའི་བསྔགས་པའམབསྔགས་པ་,2698,ཤེར་ཕྱིན། ང་།.txt
དག་གལ་ཏེ་ལ་ལ་ཞིག་,,མཁའའི་མཚན་ཉིད་གང་,3889,ཤེར་ཕྱིན། ང་།.txt
ཉིད་དོ་ཞེས་བྱ་བ་ནི་,,མཁའའི་མཚན་ཤེས་པ་,5477,ཤེར་ཕྱིན། ཆ།.txt
སེམས་དཔའ་སེམས་དཔའ་ཆེན་པོ་,,མཁའའི་མཛོད་ལ་སོགས་,4065,ཤེར་ཕྱིན། ཁ།.txt
དཔག་ཏུ་མེད་པ་སྟེའབྲས་བུ་,,མཁའའི་མཛོད་ལ་སོགས་,1698,ཤེར་ཕྱིན། ཉ།.txt
གྱི་གཞི་མ་ཡིན་པའི་ཕྱིར་,,མཁའའི་ཞེས་བྱ་བ་,912,ཤེར་ཕྱིན། ཉ།.txt
དང་བ་དང་འདྲ་བའོཟད་པར་,,མཁའའི་འཛིན་པའི་མཚན་,3809,ཤེར་ཕྱིན། ཀ.txt
ཟད་པར་,,མཁའའི་འཛིན་པའི་མཚན་,3937,ཤེར་ཕྱིན། ཁ།.txt
བཅད་པ་འདི་ནི་ཟད་པར་,,མཁའའི་ཡོངས་སུ་སྦྱོང་,3794,ཤེར་ཕྱིན། ཀ.txt
ནི་སྟོང་པ་ཉིད་ཡིན་པས་,,མཁའའི་རང་བཞིན་ཅན་,6250,ཤེར་ཕྱིན། ཆ།.txt
ཆོས་ཐམས་ཅད་,,མཁའའི་རང་བཞིན་ཉེ་,2152,ཤེར་ཕྱིན། ཁ།.txt
ཀྱིས་བཀའ་སྩལ་པཆོས་ཐམས་ཅད་,,མཁའའི་རང་བཞིན་དང་,3041,ཤེར་ཕྱིན། ང་།.txt
པའི་རྣམ་པས་ཆོས་ཐམས་ཅད་,,མཁའའི་རང་བཞིན་ཡིན་,2308,ཤེར་ཕྱིན། ཀ.txt
ཏུ་ཕྱིན་པ་ལ་སྤྱོད་པ་,,མཁའའི་རྣམ་པ་དང་,1042,ཤེར་ཕྱིན། ཀ.txt
དེ་ལ་,,མཁའའི་རྣམ་པ་དང༌,832,ཤེར་ཕྱིན། ཁ།.txt
རིགས་པ་དང་བྲལ་བའི་ཕྱིར་,,མཁའའི་ཨུཏྤལ་ལ་སོགས་,415,ཤེར་ཕྱིན། མ།.txt
ཕྱོགས་དང་མི་མཐུན་པ་ནི་,,མཁའའི་ཨུཏྤལ་ལ་སོགས་,451,ཤེར་ཕྱིན། མ།.txt
པས་སྦྱར་བ་ཉིད་ཡིན་པས་,,མཁའའི་ཨུཏྤལ་ལ་སོགས་,8658,ཤེར་ཕྱིན། ཆ།.txt
གི་སློབ་དཔོན་དུ་གྱུར་པསམདའ་,,མཁའར་འཕངས་པ་གཅིག་,3190,ཤེར་ཕྱིན། ཁ།.txt
མིང་ནས་,,མཁའར་རྣམ་པར་ཤེས་,3887,ཤེར་ཕྱིན། ཁ།.txt
མཁའ་ལ་ཞེས་བྱ་བ་ནི་,,མཁའར་རོ་,3278,ཤེར་ཕྱིན། ཆ།.txt
དེར་ཞེས་བྱ་བ་ནི་,,མཁའར་རོ་,1310,ཤེར་ཕྱིན། ཉ།.txt
དང་རི་ལ་སོགས་པའི་བར་,,མཁའར་སྤྲུལ་ནསསྤྱོད་ལམ་,3953,ཤེར་ཕྱིན། ཁ།.txt
བཅོམ་ལྡན་འདས་,,མཁའི་ཁམས་ཀྱང་གཞན་,2950,ཤེར་ཕྱིན། ག.txt
ལུས་ཇི་སྙེད་པ་ཐམས་ཅད་,,མཁའི་ཁམས་ཀྱི་ཁོངས་,1610,ཤེར་ཕྱིན། ཇ།.txt
ཏེདཔེར་ན་ཆོས་ཀྱི་དབྱིངས་ཉིད་,,མཁའི་ཁམས་ཀྱི་དེ་,1403,ཤེར་ཕྱིན། ཇ།.txt
ཡོད་པའམབྱང་ཆུབ་སེམས་དཔའ་ལ་,,མཁའི་ཁམས་ཀྱི་དེ་,2102,ཤེར་ཕྱིན། ག.txt
བ་འདི་ཡིད་ལ་བྱེད་པས་,,མཁའི་ཁམས་ཀྱི་དོན་,1156,ཤེར་ཕྱིན། ཇ།.txt
ནིསངས་རྒྱས་རྣམས་ཀྱི་ཡེ་ཤེས་,,མཁའི་ཁམས་ཀྱི་མཐས་,4794,ཤེར་ཕྱིན། ཕ།.txt
བ་མེད་པའི་རྟེན་ཅནའབྲས་བུ་,,མཁའི་ཁམས་ཀྱི་མཐས་,1742,ཤེར་ཕྱིན། ཇ།.txt
ན་འགོག་པའི་བདེན་པ་སྟེ་,,མཁའི་ཁམས་ཀྱིས་སོ་,526,ཤེར་ཕྱིན། ཇ།.txt
སྟོང་ཆེན་པོའི་འཇིག་རྟེན་གྱི་,,མཁའི་ཁམས་ཇི་ཙམ་,470,ཤེར་ཕྱིན། ག.txt
ཏེདཔེར་ན་,,མཁའི་ཁམས་དང,1379,ཤེར་ཕྱིན། ཇ།.txt
འོན་ཀྱང་,,མཁའི་ཁམས་དང་མཚུངས་,517,ཤེར་ཕྱིན། ཇ།.txt
དབྱིངས་མ་ལགསདེ་བཞིན་ཉིད་དང་,,མཁའི་ཁམས་དང༌ཡང་,5440,ཤེར་ཕྱིན། ག.txt
གང་གི་,,མཁའི་ཁམས་དེ་དང་,1380,ཤེར་ཕྱིན། ཇ།.txt
ཡོད་པའམབྱང་ཆུབ་སེམས་དཔའ་ལ་,,མཁའི་ཁམས་ཡོད་པའམནམ་,2097,ཤེར་ཕྱིན། ག.txt
ཀྱང་སྒྱུ་མསྒྱུ་མ་ཉིད་ཀྱང་,,མཁའི་ཁམས་སོ་,2950,ཤེར་ཕྱིན། ག.txt
དང་ནི་མི་རྒྱུ་བསྒྱུ་མ་,,མཁའི་ངོ་བོར་ཡོངས་,4534,ཤེར་ཕྱིན། ཇ།.txt
འབྱུང་བར་འདོད་པ་དེ་ནི་,,མཁའི་དབྱིངས་ངེས་པར་,4272,ཤེར་ཕྱིན། ག.txt
བདག་ཀྱང་,,མཁའི་དབྱིངས་འདྲ་བར་,5936,ཤེར་ཕྱིན། ཇ།.txt
ཉི་མ་སྒྲིབ་པ་མེད་པ་,,མཁའི་དབྱིངས་ཡོངས་སུ་,84,ཤེར་ཕྱིན། ག.txt
དེ་ལ་ཡང་,,མཁའི་དེ་བཞིན་ཉིད་,4838,ཤེར་ཕྱིན། ཕ།.txt
འཐད་པའི་དངོས་པོ་མེད་པས་,,མཁའི་པདྨ་བཞིན་དུ་,2867,ཤེར་ཕྱིན། ཇ།.txt
དེ་,,མཁའི་བྱ་དང་འདྲ་,748,ཤེར་ཕྱིན། ཇ།.txt
བདག་ཉིད་དུ་གནས་པ་ནི་,,མཁའི་མཚན་ཉིད་ཅེས་,3922,ཤེར་ཕྱིན། ཕ།.txt
ཉིད་དང་རྟེན་མེད་པ་དང་,,མཁའི་མཚན་ཉིད་དེ་,4884,ཤེར་ཕྱིན། ཇ།.txt
ཆུ་དང་མེ་དང་རླུང་དང་,,མཁའི་མིང་ནི་གང་,2352,ཤེར་ཕྱིན། ག.txt
གཟུགས་ནི་,,མཁའི་ཚུལ་ཅན་ནོ་,4006,ཤེར་ཕྱིན། ཕ།.txt
དུ་སྟེརྣམ་པ་ཐམས་ཅད་དུ་,,མཁའི་ཞེས་བྱ་བ་,5484,ཤེར་ཕྱིན། ཇ།.txt
པར་ཤེས་པ་དང༌ཟད་པར་,,མཁའོ་,3775,ཤེར་ཕྱིན། ཀ.txt
བའི་མཚན་ཉིད་བར་སྣང་ནི་,,མཁའོ་,1404,ཤེར་ཕྱིན། ཇ།.txt
མཚན་ཉིད་,,མཁའོ་,3855,ཤེར་ཕྱིན། ང་།.txt
ཆེན་པོ་དང་ལྡན་པ་ཞིག་,,མཁར་གནས་ཏེའགྲོ་བ་,1173,ཤེར་ཕྱིན། ཇ།.txt
ཉིད་མི་ཤེས་ཏེ་ཇི་ལྟར་,,མཁས,3926,ཤེར་ཕྱིན། ཕ།.txt
ཤེས་པར་མི་རུང་སྟེཇི་ལྟར་,,མཁས,4866,ཤེར་ཕྱིན། ཕ།.txt
ཤེས་པར་མི་རུང་སྟེཇི་ལྟར་,,མཁས་སྒྱུ་མའི་མི་,4868,ཤེར་ཕྱིན། ཕ།.txt
བྱས་ན་ཐབས་དང་བྲལ་བས་,,ཞིག་རྣམ་པ་ཐམས་,422,ཤེར་ཕྱིན། ཉ།.txt
དཔའི་རྣམ་པར་རྟོག་པ་ནི་,,ཞིག་སེམས་ཅན་ཐམས་,858,ཤེར་ཕྱིན། ཕ།.txt
ཡུན་རིང་པོར་གནས་པས་ཀྱང་,,ཞིག་སེམས་ཅན་རྣམས་,858,ཤེར་ཕྱིན། ཕ།.txt
བྱས་པ་མ་ཡིན་,,ཞེ,873,ཤེར་ཕྱིན། མ།.txt
བསྟན་པ་མ་ཡིན་,,ཞེ,1893,ཤེར་ཕྱིན། མ།.txt
ངེས་པ་ཞིག་ཡིན་,,ཞེ,3303,བསྟོད་ཚོགས། ཀ.txt
པ་ཉིད་མ་ཡིན་,,ཞེ,6024,ཤེར་ཕྱིན། ཆ།.txt
པ་ཉིད་མ་ཡིན་,,ཞེ,214,ཤེར་ཕྱིན། ཉ།.txt
བུ་མོ་ལ་ལ་ཞིག་གིས་,,འཚོའི་བར་དུ་གོས་,2063,ཤེར་ཕྱིན། ང་།.txt
མོ་གང་ལ་ལ་ཞིག་གིས་,,འཚོའི་བར་དུ་ཆོས་,2127,ཤེར་ཕྱིན། ང་།.txt
ཁམས་ཀྱི་སངས་རྒྱས་རྣམས་ལ་,,འཚོའི་བར་དུ་བདེ་,1882,ཤེར་ཕྱིན། ཀ.txt
ཁམས་ཀྱི་སངས་རྒྱས་རྣམས་ལ་,,འཚོའི་བར་དུ་བདེ་,1745,ཤེར་ཕྱིན། ཁ།.txt
དག་པར་རྫོགས་པའི་སངས་རྒྱས་,,འཚོའི་བར་དུ་བཞུགས་,2698,ཤེར་ཕྱིན། ང་།.txt
སངས་རྒྱས་པར་གྱུར་ལདེ་དག་,,འཚོའི་བར་དུ་བཞུགས་,533,ཤེར་ཕྱིན། ཅ།.txt
རྒྱས་པར་གྱུར་པ་དེ་དག་,,འཚོའི་བར་དུ་བཞུགས་,536,ཤེར་ཕྱིན། ཅ།.txt
མེདགཞལ་དུ་མེད་པ་དག་ལ་,,འཚོའི་བར་དུ་མེ་,1712,ཤེར་ཕྱིན། ང་།.txt
དེས་,,ཡང་གཟུགས་ཡིད་དུ་,814,ཤེར་ཕྱིན། ཅ།.txt
བྱ་བའི་དོན་མ་གཏོགས་པར་,,ཡང་ངན་སོང་རྣམས་,2640,ཤེར་ཕྱིན། ག.txt
བཏང་དུ་མི་རུང་བའི་ཕྱིར་,,ཡང་ཆོས་རྣམས་ཀུན་,1343,ཤེར་ཕྱིན། ཕ།.txt
ཆུད་པས་སྐྱེ་བོ་མཁས་པས་,,ཡང་ཆོས་རྣམས་འཇིག་,630,ཤེར་ཕྱིན། ཇ།.txt
སྐྱེས་པ་རྣམས་ཀྱང་,,ཡང་ཇི་ལྟར་ཡང་,2310,ཤེར་ཕྱིན། ཕ།.txt
དག་གིས་བྱང་ཆུབ་ཆེན་པོ་,,ཡང་ཐོབ་པར་མི་,53,ཤེར་ཕྱིན། མ།.txt
སངས་རྒྱས་ཀྱི་ཐེག་པ་ལ་,,ཡང་དགའ་བ་སྐྱེད་,1103,ཤེར་ཕྱིན། ཉ།.txt
ས་མ་ཐོབ་ཀྱི་བར་དུ་,,ཡང་དགེ་བ་བཅུའི་,1178,ཤེར་ཕྱིན། ག.txt
རྟེན་དུ་སྐྱེ་བར་མི་འགྱུརདེ་,,ཡང་དབང་པོ་མ་,1208,ཤེར་ཕྱིན། ང་།.txt
པ་གསུངས་པ་ཡིན་ཏེདེ་ནི་,,ཡང་དེ་བཞིན་ཉིད་,5936,ཤེར་ཕྱིན། ཆ།.txt
པ་མ་ཡིན་པ་དེ་ནི་,,ཡང་དེ་བཞིན་ཉིད་,4070,ཤེར་ཕྱིན། ཕ།.txt
པ་མ་ཡིན་པ་དེ་ཡང་,,ཡང་དེ་བཞིན་ཉིད་,4072,ཤེར་ཕྱིན། ཕ།.txt
སུ་བྱར་མེད་པ་དེ་ནི་,,ཡང་དེ་བཞིན་ཉིད་,4769,ཤེར་ཕྱིན། ང་།.txt
མ་ཡིན་ཏེགང་གིས་དེ་,,ཡང་དེ་བཞིན་ཉིད་,4769,ཤེར་ཕྱིན། ང་།.txt
པའི་དེ་བཞིན་ཉིད་དེ་ནི་,,ཡང་དེ་བཞིན་ཉིད་,4771,ཤེར་ཕྱིན། ང་།.txt
དོན་ལ་རྟག་པར་བརྩོན་ཏེ་,,ཡང་དོན་མེད་པའི་,1160,ཤེར་ཕྱིན། ག.txt
འདི་བསྟན་ཏེཆོས་ཉིད་ལ་ནི་,,ཡང་ཕྱིན་ཅི་ལོག་,5201,ཤེར་ཕྱིན། ཕ།.txt
བའི་ཕྱིརགནས་སྐབས་ཐམས་ཅད་དུ་,,ཡང་བཞིན་འགྱུར་བ་,369,ཤེར་ཕྱིན། ཕ།.txt
སྤྱོད་པའི་བྱང་ཆུབ་སེམས་དཔའ་,,ཡང་བྱང་ཆུབ་རྟོགས་,1384,ཤེར་ཕྱིན། ཇ།.txt
འགྱུར་བའི་ཕྱིར་དངོས་པོ་ནི་,,ཡང་བརྗོད་དུ་མི་,2775,ཤེར་ཕྱིན། མ།.txt
བཅོམ་ལྡན་འདས་དེ་དག་དང་,,ཡང་བྲལ་བར་མི་,1076,ཤེར་ཕྱིན། ག.txt
པར་མ་གྱུར་གྱི་བར་དུ་,,ཡང་བསམ་གཏན་གྱི་,3517,ཤེར་ཕྱིན། ག.txt
སྔོན་གྱི་མཐར་དོན་དམ་པར་,,ཡང་མ་བྱུང༌ཕྱི་,4003,ཤེར་ཕྱིན། ཕ།.txt
ཡང་དག་པར་འདའ་བ་ནི་,,ཡང་མའི་མངལ་དུ་,694,ཤེར་ཕྱིན། ཀ.txt
ལྡན་པའི་སེམས་མི་སྐྱེད་པས་,,ཡང་མའི་མངལ་དུ་,2639,ཤེར་ཕྱིན། ག.txt
རྒྱས་ཀྱི་ཞིང་དུ་འགྲོ་ཞིང་,,ཡང་མའི་མངལ་དུ་,2266,ཤེར་ཕྱིན། ང་།.txt
དུ་འདུ་ཤེས་པར་དེ་དག་,,ཡང་མི་འགྱུར་རོ་,864,ཤེར་ཕྱིན། ཇ།.txt
ལ་སྐུ་བསྙེལ་བའམཐུགས་བསྙེལ་བ་,,ཡང་མི་འབྱུང་ངོ༌་,2601,ཤེར་ཕྱིན། ཕ།.txt
གནས་ཏེ་ཐེག་པ་དེ་དང་,,ཡང་མི་འབྲལ་བའི་,1085,ཤེར་ཕྱིན། ཀ.txt
ཐེག་པ་ཆེན་པོ་དེ་དང་,,ཡང་མི་འབྲལ་ལོ་,3466,ཤེར་ཕྱིན། ག.txt
ཀྱང་དེ་དང་དེ་དག་ཏུ་,,ཡང་མིག་གིས་ཡིད་,1480,ཤེར་ཕྱིན། ག.txt
དེ་ནི་དེ་ལ་ལྟོས་ནས་,,ཡང་ཚུ་རོལ་མ་,5980,ཤེར་ཕྱིན། ཆ།.txt
གསལ་བར་བྱ་བའི་ཕྱིརམཁས་པ་,,ཡང་ཞེས་བྱ་བ་,600,ཤེར་ཕྱིན། ཉ།.txt
མའི་མཐར་ཡང་དོན་དམ་པར་,,ཡང་འབྱུང་བར་འགྱུར་,4003,ཤེར་ཕྱིན། ཕ།.txt
རོལ་ཏུ་ཕྱིན་པ་དྲུག་དང་,,ཡང་འབྲལ་བར་མི་,3497,ཤེར་ཕྱིན། ག.txt
བར་དུཆོས་བསྟན་པ་དེ་དང་,,ཡང་འབྲལ་བར་མི་,3502,ཤེར་ཕྱིན། ག.txt
རྒྱས་བཅོམ་ལྡན་འདས་རྣམས་དང་,,ཡང་འབྲལ་བར་མི་,3712,ཤེར་ཕྱིན། ག.txt
མངོན་པར་ཤེས་པ་རྣམས་དང་,,ཡང་འབྲལ་བར་མི་,3713,ཤེར་ཕྱིན། ག.txt
མ་གྲོལ་བའི་མིག་ལྔ་དང་,,ཡང་འབྲལ་བར་མི་,3714,ཤེར་ཕྱིན། ག.txt
མ་གྲོལ་བའི་གཟུགས་རྣམས་དང་,,ཡང་འབྲལ་བར་མི་,3715,ཤེར་ཕྱིན། ག.txt
བའི་ཏིང་ངེ་འཛིན་རྣམས་དང་,,ཡང་འབྲལ་བར་མི་,3716,ཤེར་ཕྱིན། ག.txt
ཆོས་མ་འདྲེས་པ་རྣམས་དང་,,ཡང་འབྲལ་བར་མི་,1206,ཤེར་ཕྱིན། ང་།.txt
མཚན་དང་དཔེ་བྱད་རྣམས་དང་,,ཡང་འབྲལ་བར་མི་,1207,ཤེར་ཕྱིན། ང་།.txt
པར་སངས་རྒྱས་པའི་བར་དུ་,,ཡང་འབྲལ་བར་མི་,1971,ཤེར་ཕྱིན། ང་།.txt
པར་འཇུག་པ་དགུ་རྣམས་དང་,,ཡང་འབྲལ་བར་མི་,3388,ཤེར་ཕྱིན། ང་།.txt
དྲུག་གི་ཆོས་སྟོན་པ་དང་,,ཡང་འབྲལ་བར་མི་,896,ཤེར་ཕྱིན། ཁ།.txt
རྒྱས་བཅོམ་ལྡན་འདས་རྣམས་དང་,,ཡང་འབྲལ་བར་མི་,283,ཤེར་ཕྱིན། ཅ།.txt
འཁོར་བ་,,ཡང་ཡོད་པ་མིན་,990,ཤེར་ཕྱིན། མ།.txt
སྐྱེ་བ་,,ཡང་ཡོད་མ་ཡིན་,1322,ཤེར་ཕྱིན། ཕ།.txt
མི་དཔོགས་པ་དེ་དག་ཏུ་,,ཡང་རྒྱུན་འཆད་པར་,3327,བསྟོད་ཚོགས། ཀ.txt
བཏང་བར་མི་ནུས་པའི་ཕྱིར་,,ཡང་རྣམ་པར་བྱང་,1342,ཤེར་ཕྱིན། ཕ།.txt
པ་ཡང་དང་ཡང་སྐྱེ་བ་,,ཡང་རྣམ་པར་བྱང་,1346,ཤེར་ཕྱིན། ཕ།.txt
པ་ཡོངས་སུ་བསལ་བ་དེས་,,ཡང་རིགས་དམའ་བར་,4152,ཤེར་ཕྱིན། ག.txt
ཞིག་སྔོན་ཆད་ལྷ་ཡུལ་དེ་,,ཡང་ལྷའི་ཡུལ་གཞན་,1481,ཤེར་ཕྱིན། ཇ།.txt
པར་སངས་རྒྱས་ཀྱི་བར་དུ་,,ཡང་ཤེས་རབ་དང་,1066,ཤེར་ཕྱིན། ཅ།.txt
ཕྱིར་མི་འོང་བ་ནི་,,ཡང་སྐྱེ་མཆེད་དེ་,424,ཤེར་ཕྱིན། ཀ.txt
སུ་མ་རྫོགས་ཀྱི་བར་དུ་,,ཡང་སྐྱོ་བར་མི་,4167,ཤེར་ཕྱིན། ག.txt
པར་སངས་རྒྱས་ཀྱི་བར་དུ་,,ཡང་སངས་རྒྱས་བཅོམ་,1134,ཤེར་ཕྱིན། ག.txt
ལམ་གྱི་དབང་མ་གཏོགས་པར་,,ཡང་སེམས་ཅན་དམྱལ་,1208,ཤེར་ཕྱིན། ང་།.txt
ཅན་གྱི་དོན་བྱ་བའི་ཕྱིར་,,ཡང་སེམས་སྐྱོ་བ་,1508,ཤེར་ཕྱིན། ཆ།.txt
མེད་པར་ཐལ་བར་འགྱུར་ཞེ་,,ཡིན་ཏེ་ངོ་བོ་,6109,ཤེར་ཕྱིན། ཆ།.txt
ལ་དེ་སྐད་དུ་བསྟན་ཞེ་,,ཡིན་ཏེ་དེ་དག་,1319,ཤེར་ཕྱིན། མ།.txt
ཞེ་,,ཡིན་ཏེ་བརྗོད་པར་,37,ཤེར་ཕྱིན། ཆ།.txt
ཐ་དད་པ་ཡིན་ནོ་ཞེ་,,ཡིན་ཏེ་ཡང་དག་,6052,ཤེར་ཕྱིན། ཆ།.txt
ཏུ་གྲུབ་པ་ཡོད་དོ་ཞེ་,,ཡིན་ཏེ་ཤེས་པ་,138,ཤེར་ཕྱིན། ཉ།.txt
འགལ་བ་དག་ཏུ་འགྱུར་ཞེ་,,ཡིན་ཏེཀུན་ནས་ཉོན་,1171,ཤེར་ཕྱིན། ཉ།.txt
བྱང་བར་ཇི་ལྟར་འགྱུར་ཞེ་,,ཡིན་ཏེཁྱོད་ཀྱི་ལྟར་,2904,ཤེར་ཕྱིན། མ།.txt
འདི་མེད་པ་ཉིད་ཡིན་ཞེ་,,ཡིན་ཏེགཟུགས་ལ་སོགས་,296,ཤེར་ཕྱིན། ཉ།.txt
དུ་མཛད་ནས་གསུངས་སོ་ཞེ་,,ཡིན་ཏེངོ་བོ་ཉིད་,4018,ཤེར་ཕྱིན། མ།.txt
པ་ཡིན་པར་འགྱུར་རོ་ཞེ་,,ཡིན་ཏེདངོས་པོ་ཡོད་,1302,ཤེར་ཕྱིན། ཉ།.txt
ཉིད་མཐོང་བ་དག་འཇུག་ཅེ་,,ཡིན་ཏེདེ་དག་ནི་,166,ཤེར་ཕྱིན། ཉ།.txt
མི་འཐད་པའི་ཕྱིར་རོ་ཞེ་,,ཡིན་ཏེདེ་དག་རྗེས་,1131,ཤེར་ཕྱིན། ཉ།.txt
འཛིན་པ་ཉིད་ཡིན་ནོ་ཞེ་,,ཡིན་ཏེདེ་བཞིན་དུ་,1143,ཤེར་ཕྱིན། ཉ།.txt
དབང་ཅན་མ་ཡིན་ནོ་ཞེ་,,ཡིན་ཏེདེ་ལྟར་ཉམས་,1134,ཤེར་ཕྱིན། ཉ།.txt
སྐབས་མེད་པར་འགྱུར་རོ་ཞེ་,,ཡིན་ཏེདེ་ལྟས་ཤིན་,3367,ཤེར་ཕྱིན། ཇ།.txt
པ་གསུངས་པ་ཡིན་ནོ་ཞེ་,,ཡིན་ཏེདེའི་ཕྱིར་ཀླན་,1296,ཤེར་ཕྱིན། མ།.txt
ཉིད་བརྫུན་པ་ཡིན་ནོ་ཞེ་,,ཡིན་ཏེདེས་འདུལ་བ་,5880,ཤེར་ཕྱིན། ཇ།.txt
སོར་ངེས་པ་ཡིན་ནོ་ཞེ་,,ཡིན་ཏེབྱེད་པ་མེད་,1140,ཤེར་ཕྱིན། ཉ།.txt
ཉམས་པ་མ་ཡིན་ནོ་ཞེ་,,ཡིན་ཏེའདས་པ་དེའི་,2168,ཤེར་ཕྱིན། ཆ།.txt
རབ་བསགས་པ་ཡིན་ནོ་ཞེ་,,ཡིན་ཏེརྡུལ་ཕྲ་རབ་,197,ཤེར་ཕྱིན། ཉ།.txt
ཀྱང་གྲུབ་པ་ཡིན་ནོ་ཞེ་,,ཡིན་ཏེརྡུལ་ཕྲ་རབ་,199,ཤེར་ཕྱིན། ཉ།.txt
ཏུ་བརྒྱུད་པས་མཛད་དམ་ཞེ་,,ཡིན་དེ་ཉིད་ཀྱིསམི་,3328,ཤེར་ཕྱིན། ཇ།.txt
ཚིག་ཟུར་གྱིས་བརྗོད་དམ་ཞེ་,,ཡིན་ནོ་ཞེས་བྱ་,1867,ཤེར་ཕྱིན། མ།.txt
ལྟར་མིག་དང་ལྡན་པའི་མི་,,ལངས་ཏེ་ཉི་མ་,2383,ཤེར་ཕྱིན། མ།.txt
ནི་མ་རིག་པའི་མུན་པ་,,ལངས་ཤིང༌ཡེ་ཤེས་,3559,ཤེར་ཕྱིན། མ།.txt
ཤེས་ཀྱིས་རིག་བཞིན་པ་ཉིད་,,སྐྱེས་པ་དང་འཇིག་,5304,ཤེར་ཕྱིན། ཆ།.txt
དང་བཅས་པའི་གནས་སྐབས་ཉིད་,,སྐྱེས་པ་སྟེ་དེ་,2631,ཤེར་ཕྱིན། ཕ།.txt
