སྦྱོར་བ་བཞི་ཡི་རིམ་པ་,ཡང་,་,64,ཤེར་ཕྱིན། ཐ།.txt
བྱཐམས་ཅད་མཁྱེན་པའི་དོན་བཅུ་,ཡང་,་,70,ཤེར་ཕྱིན། ཐ།.txt
འདི་དང་ལམ་ཤེས་གཉིས་སུ་,ཡང་,་,242,ཤེར་ཕྱིན། ཐ།.txt
བསྒྲུབ་པ་གཉིས་སུ་བཤད་པ་,ཡང་,་,243,ཤེར་ཕྱིན། ཐ།.txt
རློམ་སེམས་རྣམ་བཞི་བསྟན་པ་,ཡང་,་,515,ཤེར་ཕྱིན། ཐ།.txt
ཡེ་ཤེས་ཚོགས་ནི་ཉི་ཤུ་,ཡང་,་,548,ཤེར་ཕྱིན། ཐ།.txt
འབྲིང་གི་བདག་གཞན་གཉིས་ཀ་,ཡང་,་,673,ཤེར་ཕྱིན། ཐ།.txt
ཐབས་ལ་མཁས་པ་རྣམ་བཅུ་,ཡང་,་,743,ཤེར་ཕྱིན། ཐ།.txt
ཕ་རོལ་དྲུག་དང་སྒྲུབ་པ་,ཡང་,་,871,ཤེར་ཕྱིན། ཐ།.txt
གཏོང་དང་ཚུལ་ཁྲིམས་དྲན་པ་,ཡང་,་,876,ཤེར་ཕྱིན། ཐ།.txt
བློ་ཡིས་དེར་ནི་གནས་པ་,ཡང་,་,1115,ཤེར་ཕྱིན། ཀ.txt
པོརརྣམ་པར་གནས་པའི་དམིགས་པ་,ཡང་,་,2409,ཤེར་ཕྱིན། ཀ.txt
ངོ་བོ་ཉིད་གང་མཚོན་བྱ་,ཡང་,་,2544,ཤེར་ཕྱིན། ཀ.txt
ནིསྦྱིན་པ་ལ་སོགས་རེ་རེ་,ཡང་,་,3386,ཤེར་ཕྱིན། ཀ.txt
མདུན་ན་གསལ་བར་སྣང་བ་,ཡང་,་,2556,ཤེར་ཕྱིན། མ།.txt
ཅུང་ཟད་བསྒོམ་པའི་རྣམ་པ་,ཡང་,་,708,བསྟོད་ཚོགས། ཀ.txt
འགྲོ་བ་ཀུན་གྱི་སྤྱོད་པ་,ཡང་,་,1639,བསྟོད་ཚོགས། ཀ.txt
ཐུགས་རྗེའི་དབང་གིས་མཆོད་བྱ་,ཡང་,་,1889,བསྟོད་ཚོགས། ཀ.txt
དེ་ལྟར་བདག་ཉིད་གྱུར་པ་,ཡང་,་,1920,བསྟོད་ཚོགས། ཀ.txt
གྲངས་མེད་པར་ནི་གྱུར་པ་,ཡང་,་,1970,བསྟོད་ཚོགས། ཀ.txt
འགྲོ་ཀུན་དད་པར་མཛད་པ་,ཡང་,་,2104,བསྟོད་ཚོགས། ཀ.txt
རྗེས་སུ་མཐུན་མིན་གཏོང་བ་,ཡང་,་,2304,བསྟོད་ཚོགས། ཀ.txt
གཏོང་བ་མིན་ལ་ཆགས་པ་,ཡང་,་,2305,བསྟོད་ཚོགས། ཀ.txt
སྙིང་པོ་ཅན་དང་མང་བ་,ཡང་,་,2317,བསྟོད་ཚོགས། ཀ.txt
བྱམས་པ་དང་ནི་སྙིང་རྗེ་,ཡང་,་,2356,བསྟོད་ཚོགས། ཀ.txt
སྐྱེ་བ་དང་ནི་འཇིག་པ་,ཡང་,་,2387,བསྟོད་ཚོགས། ཀ.txt
ཡང་ན་མཐོང་དང་ཐོས་པ་,ཡང་,་,2509,བསྟོད་ཚོགས། ཀ.txt
རྒྱུ་བཅས་རྒྱུ་ནི་མེད་པ་,ཡང་,་,2646,བསྟོད་ཚོགས། ཀ.txt
ཁྱོད་ཀྱིས་ཞི་གནས་ཐོབ་པ་,ཡང་,་,2692,བསྟོད་ཚོགས། ཀ.txt
མི་ཡི་རང་བཞིན་མང་པོ་,ཡང་,་,2759,བསྟོད་ཚོགས། ཀ.txt
ཉོན་མོངས་ཕལ་ཆེར་འཁྲུགས་པ་,ཡང་,་,2836,བསྟོད་ཚོགས། ཀ.txt
སྟོན་པ་རྙེད་པར་དཀའ་བ་,ཡང་,་,2853,བསྟོད་ཚོགས། ཀ.txt
སྟེངོ་བོ་ཉིད་གང་མཚོན་བྱ་,ཡང་,་,5290,ཤེར་ཕྱིན། ཆ།.txt
སེམས་ཅན་སྐྱེ་མེད་འགག་པ་,ཡང་,་,5509,ཤེར་ཕྱིན། ཕ།.txt
དེ་བཞིན་རྨི་འདྲ་ཞེས་བྱ་,ཡང་,་,5602,ཤེར་ཕྱིན། ཕ།.txt
ངོ་བོ་ཉིད་གང་མཚོན་བྱ་,ཡང་,་,2521,ཤེར་ཕྱིན། ཇ།.txt
རྒྱལ་བའི་མཆོད་སྡོང་བསྒྲུབས་པ་,ཡང་,་,5899,ཤེར་ཕྱིན། ཇ།.txt
རྣམ་པར་རྟོག་པ་འདི་བཞི་,ཡང་,་,3319,ཤེར་ཕྱིན། ཁ།.txt
པར་བསྒོམ་པའི་སྦྱོར་བ་ཉིད་,ཡང་,ཀྱང་རྗེས་སུ་འགྲོ་,312,ཤེར་ཕྱིན། ཆ།.txt
སྤྲུལ་པའི་སྐུ་,ཡང་,གང་གི་་འཁོར་བ་,3655,ཤེར་ཕྱིན། ཇ།.txt
སྙད་འདོགས་པ་དང༌གང་དག་,ཡང་,གང་ཟག་བརྗོད་དུ་,2775,ཤེར་ཕྱིན། མ།.txt
གཟུགས་མེད་པ་,ཡང་,གཟུགས་ལ་ཆགས་པ་,1976,ཤེར་ཕྱིན། ཕ།.txt
མཚན་ཉིད་མེད་པར་ཤེས་པ་,ཡང་,གཟུགས་ལ་སོགས་པའི་,2598,ཤེར་ཕྱིན། ཀ.txt
སྔོན་གྱི་ལས་བཤད་པ་,ཡང་,གསད་པ་ལས་ཐར་,4999,ཤེར་ཕྱིན། ཕ།.txt
དེ་ཉིད་,ཡང་,གསལ་བར་བྱ་བའི་,1794,ཤེར་ཕྱིན། ཕ།.txt
དེ་དག་རེ་རེ་,ཡང་,ཆུང་དང་འབྲིང་དང་,1676,ཤེར་ཕྱིན། ཁ།.txt
མངོན་པར་རྫོགས་པར་འཚང་རྒྱ་,ཡང་,ཆོས་གང,3748,ཤེར་ཕྱིན། ཕ།.txt
གཉིད་ཀྱིས་མ་ལོག་པའི་ཚེ་,ཡང་,ཆོས་རྣམས་དམིགས་སུ་,4532,ཤེར་ཕྱིན། ཕ།.txt
པ་ཡིན་,ཡང་,ཇི་སྲིད་དུ,990,ཤེར་ཕྱིན། ཕ།.txt
སེམས་དཔའ་དེ་དག་གིས་འདྲེ་,ཡང་,ཉོན་མོངས་པའི་སྐྱོན་,5448,ཤེར་ཕྱིན། ཕ།.txt
ལྷུན་གྲུབ་རྒྱུན་མི་འཆད་པ་,ཡང་,ཐུབ་པ་ཁོ་ནའི་,969,ཤེར་ཕྱིན། ཐ།.txt
ལྕི་དང་ཆ་ལུགས་,ཡང་,དགོངས་པའང༌་,2714,བསྟོད་ཚོགས། ཀ.txt
པ་དེ་བས་ན་དེ་དག་,ཡང་,དང,1908,ཤེར་ཕྱིན། ཆ།.txt
ཡོངས་སུ་མཐོང་བའི་དོན་ཉིད་,ཡང་,དང,4677,ཤེར་ཕྱིན། ཆ།.txt
དུ་བྱ་བའི་ཕྱིར་དེ་ཉིད་,ཡང་,དང,7930,ཤེར་ཕྱིན། ཆ།.txt
ཡང་དག་པ་དེ་དག་,ཡང་,དང,1474,ཤེར་ཕྱིན། ཇ།.txt
དུ་བྱ་བའི་ཕྱིར་དེ་ཉིད་,ཡང་,དང,2891,ཤེར་ཕྱིན། ཇ།.txt
ཡོངས་སུ་མཐོང་བའི་དོན་ཉིད་,ཡང་,དང,4600,ཤེར་ཕྱིན། ཇ།.txt
ལས་བྱུང་བའི་ཤེས་རབ་དག་,ཡང་,དང,5055,ཤེར་ཕྱིན། ཇ།.txt
སྙོམས་པར་འཇུག་པ་འདི་དག་,ཡང་,དང,1197,ཤེར་ཕྱིན། ག.txt
པས་ཆོས་བརྒྱད་པོ་འདི་དག་,ཡང་,དང,4115,ཤེར་ཕྱིན། ག.txt
ཕྱིན་པ་དྲུག་པོ་འདི་དག་,ཡང་,དང,1403,ཤེར་ཕྱིན། ཅ།.txt
སྤྱི་ཙམ་ཡིན་པའི་ཕྱིར་ལསྤྱི་,ཡང་,དངོས་པོ་མེད་པའི་,3101,ཤེར་ཕྱིན། མ།.txt
བསྟན་པ་,ཡང་,དད་པ་རབ་ཏུ་,4623,ཤེར་ཕྱིན། ཕ།.txt
གང་,ཡང་,དམན་པའམ་མཆོག་ཏུ,5185,ཤེར་ཕྱིན། ང་།.txt
བྱེད་ལ་སྦྱིན་པ་དེ་དག་,ཡང་,དམིགས་པའི་ཚུལ་འདུ་,3981,ཤེར་ཕྱིན། ཆ།.txt
གླང་གི་རྭ་,ཡང་,དམིགས་མ་ཡིན་,199,བསྟོད་ཚོགས། ཀ.txt
ཡིན་ན་རེ་ཞིག་གཞག་སྟེའདི་,ཡང་,དྲིས་པ་བཅོམ་ལྡན་,915,ཤེར་ཕྱིན། མ།.txt
བུདྡྷ་ཤྲཱི་,ཡང་,དེ་བཞིན་ནོ་,739,ཤེར་ཕྱིན། ཐ།.txt
པོའི་ཡུལ་གྲོང་རྡལ་འགོག་པ་,ཡང་,དེ་ལ་ཡིད་ཀྱི་,2932,ཤེར་ཕྱིན། ཀ.txt
བྱུང་,ཡང་,དེའི་རྒྱུ་འཕེལ་བ,1431,ཤེར་ཕྱིན། ཉ།.txt
གང་ལ་བྱཅི་འདྲ་བ་ཞིག་,ཡང་,དེའི་ཤེས་པ་ཡིནགང་,295,ཤེར་ཕྱིན། ཇ།.txt
མི་གཙང་བའི་དོང་ལ་བལྟ་,ཡང་,དེས་སྐྱོ་བར་མི་,5445,ཤེར་ཕྱིན། ཕ།.txt
དོན་མེད་,ཡང་,ན་གཞན་གསོད་ཕྱིར་,2820,བསྟོད་ཚོགས། ཀ.txt
དེ་ལས་གཞན་པ་རྣམས་སྨྲ་,ཡང་,ནམ་མཁའ་ལ་ནི་,3731,ཤེར་ཕྱིན། ཕ།.txt
པར་བྱཁ་ཏོན་ལོབས་པ་རྣམས་,ཡང་,ནས,1437,ཤེར་ཕྱིན། མ།.txt
བའི་བསྒོམ་པའི་ལམ་,ཡང་,ནས,1661,ཤེར་ཕྱིན། ཁ།.txt
དང༌བསྒོམ་པ་དང༌གང་དག་,ཡང་,ཕྱི་རོལ་གྱི་ཆོས་,319,ཤེར་ཕྱིན། ཕ།.txt
པའི་ལས་བྱེད་པའི་སེམས་པ་,ཡང་,ཕྱིན་ཅི་ལོག་ཏུ་,4659,ཤེར་ཕྱིན། ཕ།.txt
ནི་སླར་སྐྱེ་བ་མི་སྲིད་,ཡང་,བཅོམ་ལྡན་འདས་དེ་,6877,ཤེར་ཕྱིན། ཆ།.txt
ན་བདག་བདག་ཅེས་བགྱི་བ་,ཡང་,བདག་ནི་ཤིན་ཏུ་,3006,ཤེར་ཕྱིན། ཕ།.txt
སྡུག་བསྔལ་ལ་ཆོས་ཤེས་པ་,ཡང་,བདུད་ཉེ་བར་འོངས་,2887,ཤེར་ཕྱིན། ཀ.txt
ནི་ཆོས་ཙམ་པོ་དེ་དག་,ཡང་,བརྫུན་པའོ་ཞེས་བསྟན་,3453,ཤེར་ཕྱིན། མ།.txt
དང་,ཡང་,བླ་ན་མེད་པ,1971,ཤེར་ཕྱིན། ང་།.txt
ལགཞན་,ཡང་,བླ་ན་མེད་པ,3307,ཤེར་ཕྱིན། ང་།.txt
དང་,ཡང་,བླ་ན་མེད་པ,796,ཤེར་ཕྱིན། ཅ།.txt
ལགཞན་,ཡང་,བླ་ན་མེད་པ,1426,ཤེར་ཕྱིན། ཅ།.txt
པར་རྟོག་པ་མི་འབྱུང་བ་,ཡང་,བསྒོམ་པ་ཡོངས་སུ་,3817,ཤེར་ཕྱིན། ཕ།.txt
མི་འགྱུར་བའོ་ཞེས་གསུངས་ཏེའདི་,ཡང་,བསྟན་པ་ཙམ་ཡིན་,1265,ཤེར་ཕྱིན། མ།.txt
བསལ་དུ་ཟིན་ཀྱང༌ཁ་ཅིག་,ཡང་,བསྟན་པའི་དོགས་པ་,353,ཤེར་ཕྱིན། མ།.txt
བ་ལ་སོགས་པ་གསུངས་ཏེའདི་,ཡང་,བསྟན་པར་བྱ་བའི་,1820,ཤེར་ཕྱིན། མ།.txt
ཐེག་པ་ཆེན་པོའི་ཆོས་རྣམས་,ཡང་,བསྟན་པར་བྱ་སྟེའདི་,2810,ཤེར་ཕྱིན། ཕ།.txt
རྣམས་སུ་སྐྱེ་ཞིང་དེ་དག་,ཡང་,བསམ་གཏན་བསྒྲུབས་ནས་,442,ཤེར་ཕྱིན། ཀ.txt
རིས་མི་མཐུན་པ་གཞན་དག་,ཡང་,མ་ཡིན་ཏེཁྱད་པར་,5132,ཤེར་ཕྱིན། ཇ།.txt
བསྔལ་,ཡང་,མ་ཡིན་བདེ་བ,2120,ཤེར་ཕྱིན། མ།.txt
བསྔལ་,ཡང་,མ་ཡིན་བདེ་བ,3187,ཤེར་ཕྱིན། ཆ།.txt
བསྔལ་,ཡང་,མ་ཡིན་བདེ་བ,2322,ཤེར་ཕྱིན། ཕ།.txt
གཉིད་ཀྱིས་མ་ལོག་པའི་ཚེ་,ཡང་,མཐོང་བ་དང༌ཐོས་,4546,ཤེར་ཕྱིན། ཕ།.txt
མཐུའི་སྐབས་ཡིན་,ཡང་,ཚིག་དེ,955,ཤེར་ཕྱིན། ཆ།.txt
བྱ་བའི་ལན་གྱི་ཟུར་གྱིས་,ཡང་,ཚིག་ལེའུར་བྱས་པ་,5490,ཤེར་ཕྱིན། ཇ།.txt
གཞན་,ཡང་,ཞེས་བྱ་བ་ནི,375,ཤེར་ཕྱིན། མ།.txt
དཔེ་ཞེས་བྱ་བ་ནིདཔེ་,ཡང་,འདྲ་བ་ཁོ་ན་,3654,ཤེར་ཕྱིན། མ།.txt
དེ་སྐད་དུ་,ཡང་,འདྲིས་དང་ཁྱིམ་ལ་,1525,ཤེར་ཕྱིན། ཆ།.txt
བ་ལ་སོགས་པ་གསུངས་ཏེའདི་,ཡང་,འདི་ལ་བརྟེན་པ་,1469,ཤེར་ཕྱིན། མ།.txt
དེ་འདི་སྙམ་དུ་སེམས་ཏེའདི་,ཡང་,འདི་སྙམ་དུ་སེམས་,164,ཤེར་ཕྱིན། ཁ།.txt
རྒྱུ་མཚན་དང་བྲལ་བ་སྟེརྒྱུ་,ཡང་,འབྲས་བུ་ལ་ལྟོས་,4284,ཤེར་ཕྱིན། མ།.txt
བ་སིཏ་,ཡང་,འོངས་སོ་ཞེས་བྱ་,1897,ཤེར་ཕྱིན། མ།.txt
ཡང་དག་པ་མ་ཡིན་པ་,ཡང་,ཡང་དག་ཡོད་པ་,1872,ཤེར་ཕྱིན། ཕ།.txt
པའི་བདག་ཉིད་ཀྱིས་དེ་ཉིད་,ཡང་,ཡང་དུ་གོམས་པར་,378,ཤེར་ཕྱིན། མ།.txt
པ་དེ་བཞིན་དུ་འདི་རྣམས་,ཡང་,ཡན་ལག་གི་ཁྱད་,3772,ཤེར་ཕྱིན། ཀ.txt
དོན་,ཡང་,ཡིན་ལ་ཆེན་པོ,4812,ཤེར་ཕྱིན། ཇ།.txt
ད་དུང་,ཡང་,ཡོད་པས་དེ,2169,ཤེར་ཕྱིན། ཆ།.txt
སྟོང་པ་ཉིད་ལ་སོགས་པ་,ཡང་,རང་བཞིན་གྱིས་སྟོང་,5149,ཤེར་ཕྱིན། ཕ།.txt
ལུང་གི་ལེའུ་,ཡང་,རྣམ་པ་གསུམ་དུ་,3837,ཤེར་ཕྱིན། ཕ།.txt
གཞན་དག་,ཡང་,རྣམ་པར་རྟོག་པ་,372,ཤེར་ཕྱིན། མ།.txt
དེ་ལ་ཉོན་མོངས་,ཡང་,རབ་འཁྲུགས་འགྱུར་ཏེ་,130,ཤེར་ཕྱིན། ཉ།.txt
གི་ཕྱིར་སྦྱོར་བའི་དུས་སུ་,ཡང་,རབ་འབྱོར་གཟུགས་མི་,3371,ཤེར་ཕྱིན། ཀ.txt
པ་གཞན་,ཡང་,རིགས་པས་ཕྱིའི,560,ཤེར་ཕྱིན། ཇ།.txt
བ་བསྐྱེད་པ་རབ་འབྱོར་ཁྱོད་,ཡང་,ལེགས་སོ་ལེགས་སོ་,157,ཤེར་ཕྱིན། ང་།.txt
འབྱུང་བ་ཡིན་ནོ་སྙམ་ནའདི་,ཡང་,ལོག་པ་ཡིན་ཏེགང་,8670,ཤེར་ཕྱིན། ཆ།.txt
བར་དུ་ཞིག་པར་འགྱུར་ཏེགྲུ་,ཡང་,ལོགས་ཤིག་,4152,ཤེར་ཕྱིན། ང་།.txt
བུའམརིགས་ཀྱི་བུ་མོ་དེ་དག་,ཡང་,ཤཱ་རིའི་བུ་ཤེས་,3382,ཤེར་ཕྱིན། ང་།.txt
ས་བཅུ་པ་,ཡང་,ས་དགུ་འདས་ནས་,1370,ཤེར་ཕྱིན། ཀ.txt
བས་ན་ཕྱིས་འདུ་བྱེད་རྣམས་,ཡང་,སྐྱེ་བར་འགྱུར་བའི་,1058,ཤེར་ཕྱིན། ཕ།.txt
བ་ལ་སོགས་པ་གསུངས་ཏེའདི་,ཡང་,སྔ་མ་བཞིན་དུ་,962,ཤེར་ཕྱིན། མ།.txt
ཞེས་བྱ་བ་ལ་སོགས་པ་,ཡང་,སྟོང་གསུམ་པའི་ཞེས་,5632,ཤེར་ཕྱིན། ཇ།.txt
དེ་དང་མི་མཐུན་པ་རྣམས་,ཡང་,སྦྱིན་པ་ལ་སོགས་,876,ཤེར་ཕྱིན། ཁ།.txt
བཤད་པབམ་པོ་གཉིས་པའགའ་ཞིག་,ཡང་,སྲིད་པའི་སྐྱོན་བསལ་,312,ཤེར་ཕྱིན། མ།.txt
སོགས་པ་བཤད་ཟིན་པའི་སྐབས་,ཡང་,སླར་གླེངས་ཏེ་བསྟན་,3961,ཤེར་ཕྱིན། ཕ།.txt
ཡོངས་སུ་དག་པར་བསྟན་ཏེའདི་,ཡང་,སེང་གེ་ལྟ་བུའི་,1553,ཤེར་ཕྱིན། མ།.txt
པར་བྱེད་ལགཞན་,ཡང་,སོ་སོ,3302,ཤེར་ཕྱིན། ང་།.txt
གཟུགས་ལ་འཇོག་སྟེ་གཟུགས་དེ་,,་,908,ཤེར་ཕྱིན། ཐ།.txt
གནས་ནི་ཐམས་ཅད་དག་ཏུ་,,་,1008,བསྟོད་ཚོགས། ཀ.txt
ཉེས་པ་བག་ཆགས་བཅས་དེ་,,་,1789,བསྟོད་ཚོགས། ཀ.txt
འཇིགས་པ་མི་བཟད་རྣམས་སུ་,,་,2556,བསྟོད་ཚོགས། ཀ.txt
ཁྱོད་ལ་གང་དང་གང་དུ་,,་,2718,བསྟོད་ཚོགས། ཀ.txt
དེ་སྐད་དུ་,,་,354,ཤེར་ཕྱིན། ཆ།.txt
སེམས་མཆོག་བསྐྱེད་མ་ཐག་ཏུ་,,་,2998,ཤེར་ཕྱིན། ཆ།.txt
ནུབ་པོ་ཆུ་ཡི་སྟེང་དུ་,,་,3106,ཤེར་ཕྱིན། ཆ།.txt
ཐ་དད་མིན་ཕྱིར་རིགས་དེ་,,་,4310,ཤེར་ཕྱིན། ཆ།.txt
ནས་རྒྱུར་འཇོག་པ་ཡིན་ལདེ་,,ཀུན་ནས་ཉོན་མོངས་,4284,ཤེར་ཕྱིན། མ།.txt
ནི་སེམས་ཅན་ཞེས་བྱ་སྟེདེ་,,ཀུན་ནས་ཉོན་མོངས་,902,ཤེར་ཕྱིན། ཕ།.txt
དེ་སྐད་དུ་,,ཀུན་ནས་དུལ་དང་,2921,ཤེར་ཕྱིན། ཆ།.txt
དེ་སྐད་དུ་,,ཀུན་མཁྱེན་ཉིད་གསུམ་,7505,ཤེར་ཕྱིན། ཆ།.txt
གང་,,ཁྱེར་བའམ་དབྲོག་པ,2909,ཤེར་ཕྱིན། ཀ.txt
དེ་སྐད་དུ་,,གང་གང་དོན་ནི་,2280,ཤེར་ཕྱིན། ཆ།.txt
དེ་སྐད་དུ་,,གང་གི་སྲིད་པ་,8341,ཤེར་ཕྱིན། ཆ།.txt
དེ་སྐད་དུ་,,གང་གིས་མཚོན་ཏེ་,5288,ཤེར་ཕྱིན། ཆ།.txt
གིས་ཀྱང་གང་,,གང་དུ,3826,ཤེར་ཕྱིན། ཆ།.txt
དངོས་པོ་གང་,,གང་དུ,5946,ཤེར་ཕྱིན། ཆ།.txt
དེ་སྐད་དུ་,,གང་ཚེ་ཆོས་དཀའར་,8150,ཤེར་ཕྱིན། ཆ།.txt
རྣམ་པ་ནི་ལྔ་ཡིན་ཏེདེ་,,གང་ཞེ་ན་ངོ་,4700,ཤེར་ཕྱིན། ཇ།.txt
ལྟ་བུ་དེ་ལ་ཡོད་དེདེ་,,གང་ཞེ་ནའདི་ལྟ་,726,ཤེར་ཕྱིན། ཅ།.txt
ལམ་ཡན་ལག་བརྒྱད་པ་སྟེདེ་,,གང་ཞེ་ནཡང་དག་,4013,ཤེར་ཕྱིན། ག.txt
ཞེས་བསྟན་པ་ཡིན་ནོདེ་,,གང་ཞེ་ནསེམས་མི་,3548,ཤེར་ཕྱིན། ཁ།.txt
ཁོ་ན་ཡིན་ནོ་ཞེ་ནདེ་,,གཅིག་པ་ཉིད་དུ་,1501,ཤེར་ཕྱིན། མ།.txt
དེ་སྐད་དུ་,,གཉིས་པ་སེམས་དང་,8006,ཤེར་ཕྱིན། ཆ།.txt
ཤིང་ཆོས་གང་,,གཉིས་སུ,3887,ཤེར་ཕྱིན། ག.txt
བསྒོམ་པའོ་ཞེས་བཀའ་སྩལ་པདེ་,,གཉིས་སུ་མེད་ཅིང་,1229,ཤེར་ཕྱིན། མ།.txt
དང༌རྐང་ཡོངས་སུ་གཏོང་སྟེདེ་,,གནས་ཤིང་ཡོངས་སུ་,41,ཤེར་ཕྱིན། ང་།.txt
བསྒྱིངས་པ་ལ་སོགས་པ་སྟེདེ་,,གནས་སྐབས་གོང་མ་,1750,ཤེར་ཕྱིན། ཉ།.txt
དེ་སྐད་དུ་,,གཞན་གྱི་ཆོས་རྣམས་,7894,ཤེར་ཕྱིན། ཆ།.txt
དེ་སྐད་དུ་,,གཞི་དང་དེ་ཡི་,1053,ཤེར་ཕྱིན། ཆ།.txt
དེ་འདི་སྐད་དུ་,,གཞི་ཤེས་པ་ཡི་,4690,ཤེར་ཕྱིན། ཆ།.txt
དེ་སྐད་དུ་,,གཟུགས་རྟག་མ་ཡིན་,4630,ཤེར་ཕྱིན། ཆ།.txt
སྐྱེ་བ་མེད་པ་ཡིན་ཏེདེ་,,གཟུགས་ལ་སོགས་པའི་,1731,ཤེར་ཕྱིན། ཆ།.txt
རིགས་པ་ཁོ་ན་ཡིན་ཏེདེ་,,གཟུགས་ལ་སོགས་པའི་,4803,ཤེར་ཕྱིན། ཇ།.txt
དེ་སྐད་དུ་,,གཟུགས་ལ་སོགས་པར་,4475,ཤེར་ཕྱིན། ཆ།.txt
གཟུང་བར་བྱ་སྟེདེ་སྐད་དུ་,,གཟུགས་ལ་སོགས་པར་,4960,ཤེར་ཕྱིན། ཆ།.txt
དེ་སྐད་དུ་,,གཟུགས་ལ་སོགས་པས་,6349,ཤེར་ཕྱིན། ཆ།.txt
དེ་སྐད་དུ་,,གཟུགས་ལ་སོགས་ལ་,4571,ཤེར་ཕྱིན། ཆ།.txt
དེ་སྐད་དུ་,,གཟུགས་ལ་སོགས་ལས་,6480,ཤེར་ཕྱིན། ཆ།.txt
དེ་སྐད་དུ་,,གཟུགས་སོགས་ངོ་བོ་,942,ཤེར་ཕྱིན། ཆ།.txt
དེ་སྐད་དུ་,,གཟུགས་སོགས་དེ་མི་,4553,ཤེར་ཕྱིན། ཆ།.txt
དེ་སྐད་དུ་,,གཟུགས་སོགས་ཕུང་པོ་,4415,ཤེར་ཕྱིན། ཆ།.txt
དེ་སྐད་དུ་,,གཟུགས་སོགས་མི་གནས་,882,ཤེར་ཕྱིན། ཆ།.txt
དེ་སྐད་དུ་,,གཟུགས་སོགས་འདུ་ཤེས་,6626,ཤེར་ཕྱིན། ཆ།.txt
དེ་སྐད་དུ་,,གཟུགས་སོགས་སྐྱེ་བ་,2434,ཤེར་ཕྱིན། ཆ།.txt
པར་བསྟན་པ་ཡིན་ལ་དེ་,,གཟུང་བ་མེད་ན་,2293,ཤེར་ཕྱིན། ཆ།.txt
དེ་སྐད་དུ་,,གཟུང་བའི་རྟོག་པ་,2392,ཤེར་ཕྱིན། ཆ།.txt
ཇི་སྐད་དུ་,,གྲགས་པ་ཙམ་གང་,5881,ཤེར་ཕྱིན། ཆ།.txt
དེ་སྐད་དུ་,,གྲངས་མེད་ལ་སོགས་,6802,ཤེར་ཕྱིན། ཆ།.txt
བ་ལས་གྲངས་ཞེས་བྱ་སྟེདེ་,,གྲངས་སུ,1258,ཤེར་ཕྱིན། ཕ།.txt
སྟོང་གི་ཆར་,,གྲངས་སུ,639,ཤེར་ཕྱིན། ག.txt
སྟོང་གི་ཆར་,,གྲངས་སུ,108,ཤེར་ཕྱིན། ང་།.txt
ཉིད་ཀྱི་ལེའུ་གསུམ་བསྟན་ཏེདེ་,,གོ་སླ་བའི་ཕྱིར་,360,ཤེར་ཕྱིན། ཆ།.txt
མེད་དེའདིར་,,ང་ལ་དེ,4055,ཤེར་ཕྱིན། ག.txt
ཚེ་ལོ་བཅུ་བར་འགྱུར་ལདེ་,,ངེས་པ་མེད་དེཁ་,609,ཤེར་ཕྱིན། ཕ།.txt
དེ་སྐད་དུ་,,ངེས་འབྱེད་ཡན་ལག་,6343,ཤེར་ཕྱིན། ཆ།.txt
པར་བྱང་ཆུབ་པ་ཡིན་ཏེདེ་,,ངོ་བོ་ཉིད་ཀྱི་,3037,ཤེར་ཕྱིན། ཇ།.txt
པར་བྱང་ཆུབ་པ་ཡིན་ལདེ་,,ངོ་བོ་ཉིད་ཀྱི་,5860,ཤེར་ཕྱིན། ཇ།.txt
དེ་སྐད་དུ་,,ངོ་བོ་ཉིད་དང་,7602,ཤེར་ཕྱིན། ཆ།.txt
པའི་མཚན་ཉིད་དེགང་,,ཅི,3741,ཤེར་ཕྱིན། ཕ།.txt
གཏན་བཞི་པའི་རང་བཞིན་ཏེདེ་,,ཆགས་པ་མེད་པའི་,2338,ཤེར་ཕྱིན། ཕ།.txt
གང་,,ཆགས་པའམཁོང་ཁྲོ་བ,2915,ཤེར་ཕྱིན། ཁ།.txt
ནི་ཆ་ཞེས་བྱ་བ་སྟེདེ་,,ཆར,1259,ཤེར་ཕྱིན། ཕ།.txt
ཡིད་ལ་བྱེད་པར་བྱ་སྟེདེ་,,ཆུང་ངུ་དང་འབྲིང་,3969,ཤེར་ཕྱིན། ཆ།.txt
དེ་སྐད་དུ་,,ཆེད་དུ་བྱ་དང་,1860,ཤེར་ཕྱིན། ཆ།.txt
དེ་སྐད་དུ་,,ཆེད་བཞིན་ངེས་པར་,7718,ཤེར་ཕྱིན། ཆ།.txt
དེ་སྐད་དུ་,,ཆོས་ཀྱི་དབྱིངས་ལ་,1174,ཤེར་ཕྱིན། ཆ།.txt
དེ་སྐད་དུ་,,ཆོས་ཀྱི་ལམ་ནི་,4446,ཤེར་ཕྱིན། ཆ།.txt
དེ་སྐད་དུ་,,ཆོས་ཀྱིས་ཕོངས་པའི་,4289,ཤེར་ཕྱིན། ཆ།.txt
དེ་སྐད་དུ་,,ཆོས་མཆོག་དེ་བཞིན་,6319,ཤེར་ཕྱིན། ཆ།.txt
དེ་སྐད་དུ་,,ཆོས་རྣམས་རང་བཞིན་,4465,ཤེར་ཕྱིན། ཆ།.txt
དེ་སྐད་དུ་,,ཆོས་རྣམས་རྨི་ལམ་,6941,ཤེར་ཕྱིན། ཆ།.txt
ཅད་ནི་མ་སྐྱེས་པ་སྟེདེ་,,ཇི་ལྟ་བུ་ཞེ་,5198,ཤེར་ཕྱིན། ཕ།.txt
ཆུབ་ཏུ་ཡོངས་སུ་བསྔོ་སྟེདེ་,,ཇི་ལྟར་གང་གིས་,1626,ཤེར་ཕྱིན། ཅ།.txt
དེ་,,ཇི་ལྟར་རི་མོ་,5486,ཤེར་ཕྱིན། ཇ།.txt
དེ་སྐད་དུ་,,ཇི་ལྟར་སྐྱེས་བུས་,8144,ཤེར་ཕྱིན། ཆ།.txt
དེ་སྐད་དུ་,,ཉན་ཐོས་ཉོན་མོངས་,8222,ཤེར་ཕྱིན། ཆ།.txt
ཕྱིན་པ་སྒོམ་པར་བྱེད་དེདེ་,,ཉན་ཐོས་དང༌རང་,3400,ཤེར་ཕྱིན། ག.txt
མཐུན་པའི་གོས་མནབས་པ་སྟེདེ་,,ཉན་ཐོས་རྣམས་བསླབ་,2636,ཤེར་ཕྱིན། མ།.txt
མཚན་ཉིད་བརྗོད་པར་བྱ་སྟེདེ་,,ཉན་ཐོས་ལ་སོགས་,878,ཤེར་ཕྱིན། ཇ།.txt
མཁྱེན་པའི་ཡིན་པར་བཤད་ལདེ་,,ཉན་ཐོས་ལ་སོགས་,4716,ཤེར་ཕྱིན། ཇ།.txt
དེ་,,ཉེ་བར་གནོད་ཕྱིར་,5080,ཤེར་ཕྱིན། ཇ།.txt
དེ་སྐད་དུ་,,ཉོན་མོངས་རྟགས་དང་,6180,ཤེར་ཕྱིན། ཆ།.txt
དེ་སྐད་དུ་,,ཉོན་མོངས་ཤེས་བྱ་,4323,ཤེར་ཕྱིན། ཆ།.txt
དེ་སྐད་དུ་,,ཏིང་འཛིན་དེ་ཡི་,995,ཤེར་ཕྱིན། ཆ།.txt
དེ་སྐད་དུ་,,ཐབས་དང་མི་དམིགས་,4047,ཤེར་ཕྱིན། ཆ།.txt
སྒྲུབ་པ་བརྗོད་པར་བྱ་སྟེདེ་,,ཐམས་ཅད་མཁྱེན་པ་,352,ཤེར་ཕྱིན། ཇ།.txt
དོན་རྟོགས་པ་ཉིད་ཡིན་ལདེ་,,ཐམས་ཅད་ལ་ཡོད་,4386,ཤེར་ཕྱིན། ཆ།.txt
རྟོགས་པ་ཁོ་ན་ཡིན་ལདེ་,,ཐམས་ཅད་ལ་ཡོད་,2347,ཤེར་ཕྱིན། ཇ།.txt
དེ་སྐད་དུ་,,ཐུབ་པའི་ངོ་བོ་,8178,ཤེར་ཕྱིན། ཆ།.txt
གྱི་མཚན་ཉིད་ཡིན་ལ་དེ་,,ཐུབ་པའི་ངོ་བོ་,3644,ཤེར་ཕྱིན། ཇ།.txt
དེ་སྐད་དུ་,,ཐུབ་པའི་སེན་མོ་,8292,ཤེར་ཕྱིན། ཆ།.txt
པ་དགུས་བསྡུས་པ་ཡིན་ལདེ་,,ཐོད་རྒལ་གྱི་སྙོམས་,3470,ཤེར་ཕྱིན། ཁ།.txt
དེ་སྐད་དུ་,,ཐོས་པས་མི་ངོམས་,1509,ཤེར་ཕྱིན། ཆ།.txt
ནི་སེམས་རྩེ་གཅིག་པ་སྟེདེ་,,དཀྱིལ་འཁོར་ཡིན་ཏེཏིང་,548,ཤེར་ཕྱིན། ཁ།.txt
ཤེས་བྱ་རྣམ་པ་སྣ་ཚོགས་,,དག་པ་ཇི་ལྟ་,3559,ཤེར་ཕྱིན། མ།.txt
བྲལ་བའི་དེ་ཁོ་ན་ཉིད་,,དག་པ་ཇི་ལྟ་,3927,ཤེར་ཕྱིན། ཆ།.txt
བ་དང༌དངོས་པོ་ཐམས་ཅད་,,དག་པ་ཇི་ལྟ་,8356,ཤེར་ཕྱིན། ཆ།.txt
གཟུད་པ་མཁྱེན་པ་དེ་དག་,,དག་པ་ཇི་ལྟ་,416,ཤེར་ཕྱིན། ཕ།.txt
ཅད་ཀུན་བརྟགས་པ་སྟེདེ་དག་,,དག་པ་ཇི་ལྟ་,1570,ཤེར་ཕྱིན། ཕ།.txt
བྱ་བ་ནི་ཆོས་ཐམས་ཅད་,,དག་པ་ཇི་ལྟ་,2630,ཤེར་ཕྱིན། ཕ།.txt
ཆོས་ཐམས་ཅད་,,དག་པ་ཇི་ལྟ་,3326,ཤེར་ཕྱིན། ཕ།.txt
བསྡུས་པ་དང༌སྤྲོས་པ་རྣམས་,,དག་པ་ཇི་ལྟ་,3873,ཤེར་ཕྱིན། ཕ།.txt
ཆེ་བར་ཡོངས་སུ་མཁྱེན་ནསདེ་,,དག་པ་ཇི་ལྟ་,3887,ཤེར་ཕྱིན། ཕ།.txt
པའི་ཆོས་རྣམས་ཀྱི་མཚན་ཉིད་,,དག་པ་ཇི་ལྟ་,4143,ཤེར་ཕྱིན། ཕ།.txt
བ་དང༌དངོས་པོ་ཐམས་ཅད་,,དག་པ་ཇི་ལྟ་,3243,ཤེར་ཕྱིན། ཇ།.txt
དང་མཆོག་མ་ཡིན་པ་ཉིད་,,དག་པ་ཇི་ལྟ་,4043,ཤེར་ཕྱིན། ག.txt
མ་ལོག་པ་དེ་བཞིན་ཉིད་,,དག་པ་ཇི་ལྟ་,4534,ཤེར་ཕྱིན། ག.txt
ལ་སོགས་པའི་ཆོས་ཐམས་ཅད་,,དག་པ་ཉིད་དུ་,1024,ཤེར་ཕྱིན། ཆ།.txt
པར་བཟུང་བ་སྟེ་གང་དག་,,དག་པ་ཉིད་དུ་,1906,ཤེར་ཕྱིན། ཆ།.txt
གཞན་དུ་འཆད་དེ་གང་དག་,,དག་པ་ཉིད་དུ་,1953,ཤེར་ཕྱིན། ཆ།.txt
ཤིང་ཏིང་ངེ་འཛིན་ཐམས་ཅད་,,དག་པ་དང་ལོག་,3901,ཤེར་ཕྱིན། ག.txt
ཡིན་པ་དེས་ན་ཐམས་ཅད་,,དག་པ་མ་ཡིན་,969,ཤེར་ཕྱིན། མ།.txt
བ་ནི་ཀུན་བརྟགས་པའི་གཟུགས་,,དག་པ་མ་ཡིན་,3312,ཤེར་ཕྱིན། ཕ།.txt
ཡང་དམིགས་སུ་མེད་ཀྱིདེ་དག་,,དག་པ་མ་ཡིན་,4769,ཤེར་ཕྱིན། ཕ།.txt
ཉན་ཐོས་ཉིད་,,དག་པ་མ་ཡིན་,4087,ཤེར་ཕྱིན། ཇ།.txt
ཀྱི་རྣམ་པ་འབྱུང་བ་རྣམས་,,དག་པ་ཡིན་པར་,152,ཤེར་ཕྱིན། མ།.txt
ཕྱིར་དེ་བསྐྱེད་པའི་ཡན་ལག་,,དག་པ་སྟེ,5019,ཤེར་ཕྱིན། ཇ།.txt
བྱང་ཆུབ་,,དག་པའི་ཀུན་རྫོབ་,3872,ཤེར་ཕྱིན། མ།.txt
བྱང་ཆུབ་ཀྱི་མཚན་ཉིད་,,དག་པའི་གོ་འཕང་,3559,ཤེར་ཕྱིན། མ།.txt
པོར་ནི་དྲན་པ་ཉིད་དེདེས་,,དག་པའི་དམིགས་པ་,1658,ཤེར་ཕྱིན། ཇ།.txt
དུ་ན་སེམས་ཅན་ཐམས་ཅད་,,དག་པའི་དོན་ཤེས་,260,ཤེར་ཕྱིན། ཅ།.txt
སྐྱེ་བོ་རྣམས་ཀྱང་ཁ་ཅིག་,,དག་པའི་བསྟན་བཅོས་,3918,ཤེར་ཕྱིན། མ།.txt
ཐམས་ཅད་བསྐྱེད་པར་བྱ་སྟེའདིས་,,དག་པའི་མཐའ་ནི་,4179,ཤེར་ཕྱིན། ཀ.txt
བཞིན་ཉིད་ཅེས་བྱ་སྟེའདིས་,,དག་པའི་མཐའ་མངོན་,1101,ཤེར་ཕྱིན། ཕ།.txt
ལ་གནས་ནདེ་,,དག་པའི་མཐའ་མངོན་,2487,ཤེར་ཕྱིན། ག.txt
ཐམས་ཅད་བསྐྱེད་པར་བྱ་སྟེདེས་,,དག་པའི་མཐའ་མངོན་,4335,ཤེར་ཕྱིན། ཁ།.txt
ཞུས་པ་དང༌ཆོས་ཐམས་ཅད་,,དག་པའི་མཐའ་ཡིན་,5145,ཤེར་ཕྱིན། ཕ།.txt
དུ་རྟོགས་པ་དང༌གཞན་རྣམས་,,དག་པའི་མཐའ་རབ་,4248,ཤེར་ཕྱིན། ཁ།.txt
དུ་རྟོགས་པས་ན་གཞན་རྣམས་,,དག་པའི་མཐའ་ལ་,4095,ཤེར་ཕྱིན། ཀ.txt
འདི་སྐད་དུ་སེམས་ཅན་རྣམས་,,དག་པའི་མཐའ་ལ་,5144,ཤེར་ཕྱིན། ཕ།.txt
དེ་ཅིའི་ཕྱིར་ཞེ་ནདེ་,,དག་པའི་མཐའ་ལ་,2921,ཤེར་ཕྱིན། ཁ།.txt
སྟོང་པ་ཉིདསྟོང་པ་ཉིད་ཉིད་,,དག་པའི་མཐའོ་,2475,ཤེར་ཕྱིན། ག.txt
དགོད་དེསེམས་ཅན་གྱི་མཐའ་ཉིད་,,དག་པའི་མཐར་བྱེད་,5143,ཤེར་ཕྱིན། ཕ།.txt
ཕྱིར་རྟོགས་པ་མེད་པ་ཉིད་,,དག་པའི་ཚུལ་རྟོགས་,2739,ཤེར་ཕྱིན། ཕ།.txt
ན་དོན་འདིར་འགྱུར་ཏེགང་དག་,,དག་པའི་ཡེ་ཤེས་,3952,ཤེར་ཕྱིན། མ།.txt
མ་ལུས་པ་སྟེདེ་དག་ཉིད་,,དག་པའི་ཡེ་ཤེས་,5429,ཤེར་ཕྱིན། ཇ།.txt
རྣམ་པར་དག་པའི་ཆོས་དབྱིངས་,,དག་པའི་རང་བཞིན་,3851,ཤེར་ཕྱིན། ཁ།.txt
བར་འདོད་པ་དང༌དེ་དག་,,དག་པའི་ལྟ་བ་,190,ཤེར་ཕྱིན། ཀ.txt
པ་དང༌སེམས་ཅན་དེ་དག་,,དག་པའི་ལྟ་བ་,518,ཤེར་ཕྱིན། ག.txt
གིས་བརྟགས་ན་ཆོས་ཐམས་ཅད་,,དག་པའི་ཤེས་པའི་,3912,ཤེར་ཕྱིན། ཆ།.txt
དཔའ་སེམས་དཔའ་ཆེན་པོ་རྣམས་,,དག་པའི་སྐྱོན་མེད་,1636,ཤེར་ཕྱིན། ང་།.txt
བུའམརིགས་ཀྱི་བུ་མོ་དེ་དག་,,དག་པའི་སྐྱོན་མེད་,1673,ཤེར་ཕྱིན། ང་།.txt
མངོན་པར་ཞེན་པས་འདི་དག་,,དག་པའོ་སྙམ་པའི་,2063,ཤེར་ཕྱིན། མ།.txt
ཤེས་བྱ་མཐའ་དག་,,དག་པར་ཀུན་ནས་,2679,ཤེར་ཕྱིན། མ།.txt
དངོས་པོ་རྣམས་,,དག་པར་ཁས་བླངས་,5454,ཤེར་ཕྱིན། ཇ།.txt
པའི་ཚོགས་ནི་དངོས་པོ་རྣམས་,,དག་པར་ཁས་ལེན་,2468,ཤེར་ཕྱིན། ཆ།.txt
པར་བསྒྲུབས་པས་མནར་བ་རྣམས་,,དག་པར་གཟེངས་བསྟོད་,2705,ཤེར་ཕྱིན། མ།.txt
སངས་རྒྱས་ཀྱི་ཆོས་ཐམས་ཅད་,,དག་པར་གྲུབ་པ་,8065,ཤེར་ཕྱིན། ཆ།.txt
རྩ་བ་དེ་དང་དེ་དག་,,དག་པར་གྲུབ་པར་,411,ཤེར་ཕྱིན། ག.txt
སྔོན་གྱི་རྒྱུ་ལས་དེ་དག་,,དག་པར་གྲུབ་པསམཚན་,4112,ཤེར་ཕྱིན། ཁ།.txt
དེ་ལ་བརྟགས་ནས་གང་དག་,,དག་པར་གསུང་བ་,3542,ཤེར་ཕྱིན། མ།.txt
ཀྱི་བདག་ཉིད་ཀྱི་སྒྲ་རྣམས་,,དག་པར་ཆད་པའི་,2649,ཤེར་ཕྱིན། ཕ།.txt
དྲུག་གིས་བསྡུས་པ་འདི་རྣམས་,,དག་པར་ཐོབ་པ་,2703,ཤེར་ཕྱིན། ཇ།.txt
སོགས་པ་རྣམ་པ་བཅུ་དྲུག་,,དག་པར་ཐོབ་པ་,5038,ཤེར་ཕྱིན། ཇ།.txt
སྦྱོར་བ་དང་རྟོགས་པ་རྣམས་,,དག་པར་ཐོབ་པས་,326,ཤེར་ཕྱིན། ཀ.txt
གདམས་ངག་,,དག་པར་ཐོབ་པས་,8417,ཤེར་ཕྱིན། ཆ།.txt
ཉིད་གནས་པ་དང༌གཞན་དག་,,དག་པར་དགོད་པ་,2889,ཤེར་ཕྱིན། ཁ།.txt
སོགས་པའི་དོན་ཁོ་ན་ཉིད་,,དག་པར་དུས་ཇི་,3745,ཤེར་ཕྱིན། ཇ།.txt
འདི་ལྟར་གང་ཞིག་བྱང་ཆུབ་,,དག་པར་དོན་དུ་,587,ཤེར་ཕྱིན། མ།.txt
སྐད་སྨོས་པའི་ཕྲིན་ལས་རྣམས་,,དག་པར་ན་ཆོས་,5830,ཤེར་ཕྱིན། ཇ།.txt
བྲག་གིས་ཐ་དད་པ་རྣམས་,,དག་པར་ན་མེད་,274,ཤེར་ཕྱིན། ཉ།.txt
པོ་ལ་སོགས་པའི་ཆོས་རྣམས་,,དག་པར་ན་མེད་,600,ཤེར་ཕྱིན། ཉ།.txt
ལ་སོགས་པ་སྐྱེས་པ་རྣམས་,,དག་པར་ན་ཟད་,5433,ཤེར་ཕྱིན། ཇ།.txt
ཉོན་མོངས་པ་རྣམས་,,དག་པར་ན་ཡོད་,5572,ཤེར་ཕྱིན། ཇ།.txt
དམིགས་པར་བྱ་བའི་བདག་ཉིད་,,དག་པར་ན་སྟོང་,4106,ཤེར་ཕྱིན། ཇ།.txt
བག་ཆགས་,,དག་པར་བཅོམ་པ་,3894,ཤེར་ཕྱིན། ཀ.txt
ལ་ཉོན་མོངས་པའི་བག་ཆགས་,,དག་པར་བཅོམ་པ་,3894,ཤེར་ཕྱིན། ཀ.txt
ས་བོན་སྤངས་པས་བག་ཆགས་,,དག་པར་བཅོམ་པ་,8182,ཤེར་ཕྱིན། ཆ།.txt
ས་བོན་སྤངས་པས་བག་ཆགས་,,དག་པར་བཅོམ་པ་,3069,ཤེར་ཕྱིན། ཇ།.txt
བཀའ་སྩལ་པསྤྲོས་པ་ཐམས་ཅད་,,དག་པར་བཅོམ་པ་,3007,ཤེར་ཕྱིན། ང་།.txt
བཀའ་སྩལ་པརློམ་སེམས་ཐམས་ཅད་,,དག་པར་བཅོམ་པ་,3009,ཤེར་ཕྱིན། ང་།.txt
རློམ་སེམས་ཐམས་ཅད་,,དག་པར་བཅོམ་པ་,2103,ཤེར་ཕྱིན། ཁ།.txt
བག་ཆགས་,,དག་པར་བཅོམ་པ་,4027,ཤེར་ཕྱིན། ཁ།.txt
རྣམ་པས་སྤྲོས་པ་ཐམས་ཅད་,,དག་པར་བཅོམ་པའི་,2276,ཤེར་ཕྱིན། ཀ.txt
རྣམ་པས་རློམ་སེམས་ཐམས་ཅད་,,དག་པར་བཅོམ་པའི་,2278,ཤེར་ཕྱིན། ཀ.txt
པ་དང༌བག་ཆགས་ཐམས་ཅད་,,དག་པར་བཅོམ་པའི་,2582,ཤེར་ཕྱིན། ཕ།.txt
རྐྱེན་གང་ཡིན་པ་དེ་དག་,,དག་པར་བཅོམ་པའི་,2644,ཤེར་ཕྱིན། ཕ།.txt
ཉེ་བར་དམིགས་པ་ཐམས་ཅད་,,དག་པར་བཅོམ་པས་,4724,ཤེར་ཕྱིན། ཆ།.txt
པོའི་རང་བཞིན་གྱིས་ཤེས་རབ་,,དག་པར་བདག་མེད་,208,ཤེར་ཕྱིན། ཇ།.txt
མ་ལྟ་བུར་ཤེས་པ་ཉིད་,,དག་པར་བྱས་པ་,342,ཤེར་ཕྱིན། ཇ།.txt
སངས་རྒྱས་ཀྱི་ཞིང་ཐམས་ཅད་,,དག་པར་བལྟ་བར་,1355,ཤེར་ཕྱིན། ཀ.txt
བ་བཅུའི་ལས་ཀྱི་ལམ་རྣམས་,,དག་པར་བླངས་ཏེ་,1218,ཤེར་ཕྱིན། ག.txt
ཏན་,,དག་པར་བླངས་པ,1098,ཤེར་ཕྱིན། ཉ།.txt
ཆོས་ཀྱི་དེ་ཁོ་ན་ཉིད་,,དག་པར་བཤད་པས་,1800,ཤེར་ཕྱིན། ཆ།.txt
ཕྱིར་ཐམས་ཅད་མཁྱེན་པ་ཉིད་,,དག་པར་བསྐྱེད་པ་,7779,ཤེར་ཕྱིན། ཆ།.txt
ཕོ་ཉ་རྣམས་ཀྱིས་དེ་དག་,,དག་པར་བསྐུལ་བ་,590,ཤེར་ཕྱིན། ཕ།.txt
ནམས་དང་ཡེ་ཤེས་ཀྱི་ཚོགས་,,དག་པར་བསགས་པ་,6165,ཤེར་ཕྱིན། ཆ།.txt
མངོན་པར་རྟོགས་པ་ནི་ཚོགས་,,དག་པར་བསགས་པའི་,5860,ཤེར་ཕྱིན། ཆ།.txt
སངས་རྒྱས་ཀྱི་ཆོས་ཐམས་ཅད་,,དག་པར་བསྒྲུབ་པ་,8064,ཤེར་ཕྱིན། ཆ།.txt
དང་བརྡ་དང་སྒྲ་ཐམས་ཅད་,,དག་པར་བསྒྲུབ་པར་,4897,ཤེར་ཕྱིན། ཕ།.txt
དོན་བརྒྱད་པོ་ཐམས་ཅད་ཉིད་,,དག་པར་བསྟན་པ་,8753,ཤེར་ཕྱིན། ཆ།.txt
པར་ཞུམ་པར་ཞུགས་པ་རྣམས་,,དག་པར་བསྟན་པ་,1911,ཤེར་ཕྱིན། ཁ།.txt
བདག་ཉིད་ཀྱི་དངོས་པོ་རྣམས་,,དག་པར་བསྡམས་པ་,3401,ཤེར་ཕྱིན། ཇ།.txt
ཆོས་ཀྱི་དབྱིངས་ཀྱིས་ཐམས་ཅད་,,དག་པར་བསྡུས་པ་,6452,ཤེར་ཕྱིན། ཆ།.txt
ཉིད་ནི་སྔར་བཤད་པ་སྟེདེས་,,དག་པར་བསྡུས་པའི་,4940,ཤེར་ཕྱིན། ཇ།.txt
འདིར་གདུལ་བྱ་ནི་གང་ཞིག་,,དག་པར་བསྡུས་པའི་,4129,ཤེར་ཕྱིན། ཁ།.txt
བཞིན་དུ་འཛིན་ཏེ་དེའི་ཕྱིརདེ་,,དག་པར་མ་རིག་,1872,ཤེར་ཕྱིན། ཕ།.txt
བྱེད་པ་དང༌ཞན་པ་རྣམས་,,དག་པར་མགུ་བར་,2059,ཤེར་ཕྱིན། ཀ.txt
པ་ཉིད་མ་སྐྱེས་པ་ཉིད་,,དག་པར་མཐོང་བའི་,2711,ཤེར་ཕྱིན། ཁ།.txt
ངས་དོན་གྱི་དབང་འདི་ཉིད་,,དག་པར་མཐོང་སྟེ་,1595,ཤེར་ཕྱིན། ང་།.txt
ཆུབ་སེམས་དཔའ་ཆོས་ཐམས་ཅད་,,དག་པར་མི་དམིགས་,422,ཤེར་ཕྱིན། ཁ།.txt
ཟག་ལ་སོགས་པ་སྟེདེ་རྣམས་,,དག་པར་མི་མཐོང་,4796,ཤེར་ཕྱིན། ཇ།.txt
ལ་སོགས་པ་འདི་ཐམས་ཅད་,,དག་པར་མེད་མོད་,169,ཤེར་ཕྱིན། ཉ།.txt
ཚད་མེད་པའི་སེམས་ཅན་རྣམས་,,དག་པར་ཚིམ་པར་,424,ཤེར་ཕྱིན། ཆ།.txt
བ་དང་འགོག་པ་ཐམས་ཅད་,,དག་པར་ཞི་བར་,3802,ཤེར་ཕྱིན། ག.txt
དུ་བསྒོམ་པར་བརྩོན་པ་དག་,,དག་པར་ཞུགས་པ་,2000,ཤེར་ཕྱིན། ཕ།.txt
དུ་དེ་ལ་བརྩོན་པ་དག་,,དག་པར་ཞུགས་པ་,2002,ཤེར་ཕྱིན། ཕ།.txt
ལ་བྱེད་པ་དག་,,དག་པར་ཞུགས་པ་,2003,ཤེར་ཕྱིན། ཕ།.txt
མི་སྐྱེད་སོམ་ཉི་མི་བྱེད་,,དག་པར་ཞུམ་པར་,6600,ཤེར་ཕྱིན། ཆ།.txt
པ་ཇི་སྙེད་པ་ཐམས་ཅད་,,དག་པར་ཟིལ་གྱིས་,1562,ཤེར་ཕྱིན། ཇ།.txt
སངས་རྒྱས་ཀྱི་ཆོས་ཐམས་ཅད་,,དག་པར་འགྲུབ་པའི་,1344,ཤེར་ཕྱིན། ཀ.txt
བྱང་ཆུབ་,,དག་པར་འགྲུབ་པའི་,2624,ཤེར་ཕྱིན། མ།.txt
སངས་རྒྱས་ཀྱི་ཆོས་ཐམས་ཅད་,,དག་པར་འགྲུབ་པའི་,7307,ཤེར་ཕྱིན། ཆ།.txt
རེ་ཞིག་,,དག་པར་འགྲུབ་པའི་,7734,ཤེར་ཕྱིན། ཆ།.txt
དག་ནི་རྫོགས་པའི་བྱང་ཆུབ་,,དག་པར་འགྲུབ་པར་,1419,ཤེར་ཕྱིན། ཀ.txt
ཕྱིར་སངས་རྒྱས་ཀྱི་ཆོས་རྣམས་,,དག་པར་འགྲུབ་སྟེདེ་,7307,ཤེར་ཕྱིན། ཆ།.txt
པ་རྣམས་ལ་ཆོས་མཐའ་དག་,,དག་པར་འཆད་པའི་,2209,ཤེར་ཕྱིན། ཀ.txt
སྟོན་པ་ནི་མཉམ་པ་ཉིད་,,དག་པར་འཇོམས་པར་,811,ཤེར་ཕྱིན། མ།.txt
མཉམ་པ་ཉིད་,,དག་པར་འཇོམས་པར་,812,ཤེར་ཕྱིན། མ།.txt
གལ་ཏེ་དེས་མཉམ་པ་ཉིད་,,དག་པར་འཇོམས་པར་,816,ཤེར་ཕྱིན། མ།.txt
དེ་ལྟ་ན་མཉམ་པ་ཉིད་,,དག་པར་འཇོམས་པར་,816,ཤེར་ཕྱིན། མ།.txt
དང༌ཉོན་མོངས་པ་ཐམས་ཅད་,,དག་པར་འཇོམས་པར་,877,ཤེར་ཕྱིན། ཕ།.txt
གཞན་དུ་ན་སངས་རྒྱས་ཉིད་,,དག་པར་འཐོབ་པར་,4109,ཤེར་ཕྱིན། ཆ།.txt
གཱའི་ཀླུང་གི་བྱེ་མ་སྙེད་,,དག་པར་འདའ་བར་,466,ཤེར་ཕྱིན། ག.txt
ཆོས་རྣམས་ལྷན་ཅིག་,,དག་པར་འདུ་ན་,1354,ཤེར་ཕྱིན། ཕ།.txt
ཆོས་ཐམས་ཅད་,,དག་པར་འདུ་བ་,2729,ཤེར་ཕྱིན། ག.txt
རྗེས་སུ་འབྲང་བ་ཐམས་ཅད་,,དག་པར་འདུ་བ་,2814,ཤེར་ཕྱིན། ག.txt
ངེ་འཛིན་དང༌ཆོས་ཐམས་ཅད་,,དག་པར་འདུ་བ་,3802,ཤེར་ཕྱིན། ག.txt
དེ་ལ་ཆོས་ཐམས་ཅད་,,དག་པར་འདུ་བ་,3823,ཤེར་ཕྱིན། ག.txt
པ་སྟེའདི་ནི་ཆོས་ཐམས་ཅད་,,དག་པར་འདུ་བ་,3823,ཤེར་ཕྱིན། ག.txt
ངེ་འཛིན་དང༌ཆོས་ཐམས་ཅད་,,དག་པར་འདུ་བའི་,2237,ཤེར་ཕྱིན། ག.txt
ནི་ཚོར་བ་དང་ལྷན་ཅིག་,,དག་པར་འདུ་ཞེས་,1353,ཤེར་ཕྱིན། ཕ།.txt
སེམས་གང་ཞེ་ནདབང་པོ་དྲུག་,,དག་པར་འདུས་པ་,4234,ཤེར་ཕྱིན། ག.txt
ཤིང་ཏིང་ངེ་འཛིན་ཐམས་ཅད་,,དག་པར་འཕགས་པར་,3817,ཤེར་ཕྱིན། ག.txt
ལ་གནས་ཤིང་ཆོས་ཐམས་ཅད་,,དག་པར་འཕགས་པར་,3863,ཤེར་ཕྱིན། ག.txt
ནི་དེ་ལས་འདས་པ་དག་,,དག་པར་འབྱུང་བ་,2861,ཤེར་ཕྱིན། ཕ།.txt
པ་བསོད་ནམས་འདོད་པ་རྣམས་,,དག་པར་འཛིན་དུ་,2705,ཤེར་ཕྱིན། མ།.txt
བྱང་ཆུབ་,,དག་པར་འཛིན་དུ་,3513,ཤེར་ཕྱིན། ཕ།.txt
པ་ཡིན་ཏེདེ་ཉིད་གཞན་དག་,,དག་པར་འཛིན་དུ་,2825,ཤེར་ཕྱིན། ཁ།.txt
ལྡན་པའི་གང་ཟག་སུ་དག་,,དག་པར་འཛིན་པར་,2346,ཤེར་ཕྱིན། ཆ།.txt
དང་རྗེས་སུ་མཐུན་པའི་རིགས་,,དག་པར་འཛིན་པས་,895,ཤེར་ཕྱིན། ཁ།.txt
གཏན་ལ་སོགས་པའི་ཡན་ལག་,,དག་པར་ཡོངས་སུ་,6526,ཤེར་ཕྱིན། ཆ།.txt
སོགས་པར་སྐྱེ་བའི་ཡན་ལག་,,དག་པར་ཡོངས་སུ་,2700,ཤེར་ཕྱིན། ཇ།.txt
སོགས་པ་རྣམ་པ་ཐམས་ཅད་,,དག་པར་ཡོད་ན་,5645,ཤེར་ཕྱིན། ཇ།.txt
པར་བྱ་བའི་ཆོས་དེ་དག་,,དག་པར་ཡོད་པ་,401,ཤེར་ཕྱིན། ཁ།.txt
མེད་པའི་ཡེ་ཤེས་འབའ་ཞིག་,,དག་པར་ཡོད་པའི་,7892,ཤེར་ཕྱིན། ཆ།.txt
དེ་ལྟ་མ་ཡིན་ཏེཆོས་,,དག་པར་ཡོད་པར་,2873,ཤེར་ཕྱིན། ཇ།.txt
བོ་ཅག་གི་གཞུང་བོར་ཏེཆོས་,,དག་པར་ཡོད་པར་,5454,ཤེར་ཕྱིན། ཇ།.txt
བྱེད་དེའདི་ལྟར་འདས་པ་ཉིད་,,དག་པར་རྗེས་སུ་,376,ཤེར་ཕྱིན། ཀ.txt
དེ་ནི་འདི་ལྟར་གཟུགས་ཉིད་,,དག་པར་རྗེས་སུ་,389,ཤེར་ཕྱིན། ཀ.txt
འབྱོར་ཆོས་ཀྱིས་ཆོས་ཀྱི་དབྱིངས་,,དག་པར་རྗེས་སུ་,533,ཤེར་ཕྱིན། ཀ.txt
ཀྱི་དབྱིངས་ཀྱིས་ཆོས་ཀྱི་དབྱིངས་,,དག་པར་རྗེས་སུ་,538,ཤེར་ཕྱིན། ཀ.txt
ཀྱི་དབྱིངས་ཀྱིས་གཟུགས་ཀྱི་དབྱིངས་,,དག་པར་རྗེས་སུ་,539,ཤེར་ཕྱིན། ཀ.txt
ཀྱིས་འདུས་མ་བྱས་ཀྱི་དབྱིངས་,,དག་པར་རྗེས་སུ་,542,ཤེར་ཕྱིན། ཀ.txt
དབྱིངས་ཀྱིས་འདུས་བྱས་ཀྱི་དབྱིངས་,,དག་པར་རྗེས་སུ་,543,ཤེར་ཕྱིན། ཀ.txt
བ་དང་འགྲིབ་པ་མ་དམིགས་,,དག་པར་རྗེས་སུ་,612,ཤེར་ཕྱིན། ཀ.txt
མི་དམིགས་,,དག་པར་རྗེས་སུ་,625,ཤེར་ཕྱིན། ཀ.txt
རོལ་ཏུ་ཕྱིན་པ་མི་དམིགས་,,དག་པར་རྗེས་སུ་,763,ཤེར་ཕྱིན། ཀ.txt
ནིཤཱ་རིའི་བུ་བདག་མི་དམིགས་,,དག་པར་རྗེས་སུ་,765,ཤེར་ཕྱིན། ཀ.txt
མི་རྟོག་རྣམ་པར་མི་རྟོག་,,དག་པར་རྗེས་སུ་,4016,ཤེར་ཕྱིན། ཆ།.txt
བའི་དོན་དུ་གསུངས་པ་ནིཆོས་,,དག་པར་རྗེས་སུ་,4938,ཤེར་ཕྱིན། ཆ།.txt
གཟུགས་,,དག་པར་རྗེས་སུ་,1157,ཤེར་ཕྱིན། ཕ།.txt
ནི་ཆོས་བདག་མེད་པས་གཟུགས་,,དག་པར་རྗེས་སུ་,1171,ཤེར་ཕྱིན། ཕ།.txt
དང༌སངས་རྒྱས་དང༌བྱང་ཆུབ་,,དག་པར་རྗེས་སུ་,1306,ཤེར་ཕྱིན། ཕ།.txt
ལ་སོགས་པ་དུས་གསུམ་ཉིད་,,དག་པར་རྗེས་སུ་,1387,ཤེར་ཕྱིན། ཕ།.txt
ཀྱིས་རབ་འབྱོར་ཆོས་ཀྱི་དབྱིངས་,,དག་པར་རྗེས་སུ་,1544,ཤེར་ཕྱིན། ཕ།.txt
འབྱོར་ཆོས་ཀྱིས་ཆོས་ཀྱི་དབྱིངས་,,དག་པར་རྗེས་སུ་,1608,ཤེར་ཕྱིན། ཕ།.txt
སུ་གྲུབ་པའི་ཆོས་ཀྱི་དབྱིངས་,,དག་པར་རྗེས་སུ་,1610,ཤེར་ཕྱིན། ཕ།.txt
ཀྱི་ཁམས་ཀྱིས་ཆོས་ཀྱི་དབྱིངས་,,དག་པར་རྗེས་སུ་,1610,ཤེར་ཕྱིན། ཕ།.txt
ཇི་ལྟར་བདག་ཉིད་ཀྱིས་བདག་,,དག་པར་རྗེས་སུ་,1615,ཤེར་ཕྱིན། ཕ།.txt
དེ་ནས་གཟུགས་,,དག་པར་རྗེས་སུ་,1626,ཤེར་ཕྱིན། ཕ།.txt
ཉིད་ལ་ཕྱི་སྟོང་པ་ཉིད་,,དག་པར་རྗེས་སུ་,1651,ཤེར་ཕྱིན། ཕ།.txt
ཏུ་ཕྱིན་པ་མ་འཚལམ་དམིགས་,,དག་པར་རྗེས་སུ་,1688,ཤེར་ཕྱིན། ཕ།.txt
གིས་དངོས་པོ་མ་འཚལམ་དམིགས་,,དག་པར་རྗེས་སུ་,1690,ཤེར་ཕྱིན། ཕ།.txt
ཆོས་ཐམས་ཅད་མ་འཚལམ་དམིགས་,,དག་པར་རྗེས་སུ་,1692,ཤེར་ཕྱིན། ཕ།.txt
བཞིན་ཉིད་ཀྱིས་དེ་བཞིན་ཉིད་,,དག་པར་རྗེས་སུ་,4522,ཤེར་ཕྱིན། ཕ།.txt
བ་ནིསེམས་དེས་ཆོས་ཐམས་ཅད་,,དག་པར་རྗེས་སུ་,4522,ཤེར་ཕྱིན། ཕ།.txt
ཐ་ན་ཉི་མ་གཅིག་ཅིག་,,དག་པར་རྗེས་སུ་,1305,ཤེར་ཕྱིན། ཇ།.txt
སེམས་དཔས་སྔོན་གྱི་མཐའ་ཉིད་,,དག་པར་རྗེས་སུ་,816,ཤེར་ཕྱིན། ག.txt
སེམས་དཔས་ཕྱི་མའི་མཐའ་ཉིད་,,དག་པར་རྗེས་སུ་,817,ཤེར་ཕྱིན། ག.txt
དཔས་ད་ལྟར་བྱུང་བ་ཉིད་,,དག་པར་རྗེས་སུ་,818,ཤེར་ཕྱིན། ག.txt
བྱེད་དེའདི་ལྟར་འདས་པ་ཉིད་,,དག་པར་རྗེས་སུ་,839,ཤེར་ཕྱིན། ག.txt
མི་བྱེད་དེམ་འོངས་པ་ཉིད་,,དག་པར་རྗེས་སུ་,839,ཤེར་ཕྱིན། ག.txt
བྱེད་དེད་ལྟར་བྱུང་བ་ཉིད་,,དག་པར་རྗེས་སུ་,839,ཤེར་ཕྱིན། ག.txt
མི་བྱེད་དེའདི་ལྟར་གཟུགས་ཉིད་,,དག་པར་རྗེས་སུ་,840,ཤེར་ཕྱིན། ག.txt
བྱེད་དེའདི་ལྟར་ཚོར་བ་ཉིད་,,དག་པར་རྗེས་སུ་,841,ཤེར་ཕྱིན། ག.txt
བྱེད་དེའདི་ལྟར་འདུ་ཤེས་ཉིད་,,དག་པར་རྗེས་སུ་,842,ཤེར་ཕྱིན། ག.txt
དེའདི་ལྟར་འདུ་བྱེད་རྣམས་ཉིད་,,དག་པར་རྗེས་སུ་,843,ཤེར་ཕྱིན། ག.txt
ལྟར་རྣམ་པར་ཤེས་པ་ཉིད་,,དག་པར་རྗེས་སུ་,844,ཤེར་ཕྱིན། ག.txt
མི་བྱེད་དེའདི་ལྟར་མིག་ཉིད་,,དག་པར་རྗེས་སུ་,845,ཤེར་ཕྱིན། ག.txt
བྱེད་དེའདི་ལྟར་རྣ་བ་ཉིད་,,དག་པར་རྗེས་སུ་,846,ཤེར་ཕྱིན། ག.txt
མི་བྱེད་དེའདི་ལྟར་སྣ་ཉིད་,,དག་པར་རྗེས་སུ་,847,ཤེར་ཕྱིན། ག.txt
མི་བྱེད་དེའདི་ལྟར་ལྕེ་ཉིད་,,དག་པར་རྗེས་སུ་,848,ཤེར་ཕྱིན། ག.txt
མི་བྱེད་དེའདི་ལྟར་ལུས་ཉིད་,,དག་པར་རྗེས་སུ་,849,ཤེར་ཕྱིན། ག.txt
མི་བྱེད་དེའདི་ལྟར་ཡིད་ཉིད་,,དག་པར་རྗེས་སུ་,850,ཤེར་ཕྱིན། ག.txt
མི་བྱེད་དེའདི་ལྟར་སྒྲ་ཉིད་,,དག་པར་རྗེས་སུ་,852,ཤེར་ཕྱིན། ག.txt
མི་བྱེད་དེའདི་ལྟར་དྲི་ཉིད་,,དག་པར་རྗེས་སུ་,853,ཤེར་ཕྱིན། ག.txt
མི་བྱེད་དེའདི་ལྟར་རོ་ཉིད་,,དག་པར་རྗེས་སུ་,854,ཤེར་ཕྱིན། ག.txt
མི་བྱེད་དེའདི་ལྟར་རེག་ཉིད་,,དག་པར་རྗེས་སུ་,855,ཤེར་ཕྱིན། ག.txt
མི་བྱེད་དེའདི་ལྟར་ཆོས་ཉིད་,,དག་པར་རྗེས་སུ་,856,ཤེར་ཕྱིན། ག.txt
ཕ་རོལ་ཏུ་ཕྱིན་པ་ཉིད་,,དག་པར་རྗེས་སུ་,858,ཤེར་ཕྱིན། ག.txt
པ་ཉེ་བར་གཞག་པ་ཉིད་,,དག་པར་རྗེས་སུ་,864,ཤེར་ཕྱིན། ག.txt
ཡང་དག་པར་སྤོང་བ་ཉིད་,,དག་པར་རྗེས་སུ་,865,ཤེར་ཕྱིན། ག.txt
རྫུ་འཕྲུལ་གྱི་རྐང་པ་ཉིད་,,དག་པར་རྗེས་སུ་,866,ཤེར་ཕྱིན། ག.txt
བྱེད་དེའདི་ལྟར་དབང་པོ་ཉིད་,,དག་པར་རྗེས་སུ་,867,ཤེར་ཕྱིན། ག.txt
མི་བྱེད་དེའདི་ལྟར་སྟོབས་ཉིད་,,དག་པར་རྗེས་སུ་,868,ཤེར་ཕྱིན། ག.txt
བྱང་ཆུབ་ཀྱི་ཡན་ལག་ཉིད་,,དག་པར་རྗེས་སུ་,869,ཤེར་ཕྱིན། ག.txt
མི་བྱེད་དེའདི་ལྟར་ལམ་ཉིད་,,དག་པར་རྗེས་སུ་,870,ཤེར་ཕྱིན། ག.txt
ཉིད་,,དག་པར་རྗེས་སུ་,871,ཤེར་ཕྱིན། ག.txt
དེའདི་ལྟར་མི་འཇིགས་པ་ཉིད་,,དག་པར་རྗེས་སུ་,872,ཤེར་ཕྱིན། ག.txt
ལྟར་མངོན་པར་ཤེས་པ་ཉིད་,,དག་པར་རྗེས་སུ་,873,ཤེར་ཕྱིན། ག.txt
དེ་བཞིན་གཤེགས་པའི་སྟོབས་ཉིད་,,དག་པར་རྗེས་སུ་,874,ཤེར་ཕྱིན། ག.txt
ཀྱི་ཆོས་མ་འདྲེས་པ་ཉིད་,,དག་པར་རྗེས་སུ་,875,ཤེར་ཕྱིན། ག.txt
བྱེད་དེའདི་ལྟར་སངས་རྒྱས་ཉིད་,,དག་པར་རྗེས་སུ་,877,ཤེར་ཕྱིན། ག.txt
པ་ཐམས་ཅད་མཁྱེན་པ་ཉིད་,,དག་པར་རྗེས་སུ་,878,ཤེར་ཕྱིན། ག.txt
བྱེད་དེའདི་ལྟར་བྱང་ཆུབ་ཉིད་,,དག་པར་རྗེས་སུ་,879,ཤེར་ཕྱིན། ག.txt
འམའདུ་བ་འམདབྱེ་བའི་ཆོས་ཉིད་,,དག་པར་རྗེས་སུ་,1078,ཤེར་ཕྱིན། ག.txt
འབྱོར་ཆོས་ཀྱིས་ཆོས་ཀྱི་དབྱིངས་,,དག་པར་རྗེས་སུ་,2129,ཤེར་ཕྱིན། ག.txt
ཀྱི་དབྱིངས་ཀྱིས་ཆོས་ཀྱི་དབྱིངས་,,དག་པར་རྗེས་སུ་,2131,ཤེར་ཕྱིན། ག.txt
དབྱིངས་ཀྱིས་ཀྱང་གཟུགས་ཀྱི་དབྱིངས་,,དག་པར་རྗེས་སུ་,2132,ཤེར་ཕྱིན། ག.txt
བའི་དབྱིངས་ཀྱིས་ཆོས་ཀྱི་དབྱིངས་,,དག་པར་རྗེས་སུ་,2133,ཤེར་ཕྱིན། ག.txt
དབྱིངས་ཀྱིས་ཀྱང་ཚོར་བའི་དབྱིངས་,,དག་པར་རྗེས་སུ་,2134,ཤེར་ཕྱིན། ག.txt
ཀྱིས་ཀྱང་འདུ་ཤེས་ཀྱི་དབྱིངས་,,དག་པར་རྗེས་སུ་,2136,ཤེར་ཕྱིན། ག.txt
ཀྱང་འདུ་བྱེད་རྣམས་ཀྱི་དབྱིངས་,,དག་པར་རྗེས་སུ་,2138,ཤེར་ཕྱིན། ག.txt
པའི་དབྱིངས་ཀྱིས་ཆོས་ཀྱི་དབྱིངས་,,དག་པར་རྗེས་སུ་,2139,ཤེར་ཕྱིན། ག.txt
ཀྱང་རྣམ་པར་ཤེས་པའི་དབྱིངས་,,དག་པར་རྗེས་སུ་,2140,ཤེར་ཕྱིན། ག.txt
གི་དབྱིངས་ཀྱིས་ཆོས་ཀྱི་དབྱིངས་,,དག་པར་རྗེས་སུ་,2141,ཤེར་ཕྱིན། ག.txt
དབྱིངས་ཀྱིས་ཀྱང་མིག་གི་དབྱིངས་,,དག་པར་རྗེས་སུ་,2142,ཤེར་ཕྱིན། ག.txt
དབྱིངས་ཀྱིས་ཀྱང་རྣ་བའི་དབྱིངས་,,དག་པར་རྗེས་སུ་,2144,ཤེར་ཕྱིན། ག.txt
སྣའི་དབྱིངས་ཀྱིས་ཆོས་ཀྱི་དབྱིངས་,,དག་པར་རྗེས་སུ་,2145,ཤེར་ཕྱིན། ག.txt
ཀྱི་དབྱིངས་ཀྱིས་ཀྱང་སྣའི་དབྱིངས་,,དག་པར་རྗེས་སུ་,2146,ཤེར་ཕྱིན། ག.txt
ལྕེའི་དབྱིངས་ཀྱིས་ཆོས་ཀྱི་དབྱིངས་,,དག་པར་རྗེས་སུ་,2147,ཤེར་ཕྱིན། ག.txt
ཀྱི་དབྱིངས་ཀྱིས་ཀྱང་ལྕེའི་དབྱིངས་,,དག་པར་རྗེས་སུ་,2148,ཤེར་ཕྱིན། ག.txt
དབྱིངས་ཀྱིས་ཀྱང་ལུས་ཀྱི་དབྱིངས་,,དག་པར་རྗེས་སུ་,2150,ཤེར་ཕྱིན། ག.txt
དབྱིངས་ཀྱིས་ཀྱང་ཡིད་ཀྱི་དབྱིངས་,,དག་པར་རྗེས་སུ་,2152,ཤེར་ཕྱིན། ག.txt
ཀྱིས་འདུས་མ་བྱས་ཀྱི་དབྱིངས་,,དག་པར་རྗེས་སུ་,2153,ཤེར་ཕྱིན། ག.txt
ཀྱིས་ཀྱང་འདུས་བྱས་ཀྱི་དབྱིངས་,,དག་པར་རྗེས་སུ་,2154,ཤེར་ཕྱིན། ག.txt
ཕྱིན་པ་ལ་སྤྱོད་པའི་ཚེགཟུགས་,,དག་པར་རྗེས་སུ་,2159,ཤེར་ཕྱིན། ག.txt
འདུ་བྱེད་རྣམས་,,དག་པར་རྗེས་སུ་,2162,ཤེར་ཕྱིན། ག.txt
མིག་,,དག་པར་རྗེས་སུ་,2164,ཤེར་ཕྱིན། ག.txt
ཡིད་,,དག་པར་རྗེས་སུ་,2169,ཤེར་ཕྱིན། ག.txt
གཟུགས་,,དག་པར་རྗེས་སུ་,2170,ཤེར་ཕྱིན། ག.txt
རེག་,,དག་པར་རྗེས་སུ་,2174,ཤེར་ཕྱིན། ག.txt
སའི་ཁམས་,,དག་པར་རྗེས་སུ་,2176,ཤེར་ཕྱིན། ག.txt
དང༌རྣམ་པར་ཤེས་པའི་ཁམས་,,དག་པར་རྗེས་སུ་,2177,ཤེར་ཕྱིན། ག.txt
འདོད་ཆགས་,,དག་པར་རྗེས་སུ་,2180,ཤེར་ཕྱིན། ག.txt
གཏི་མུག་,,དག་པར་རྗེས་སུ་,2182,ཤེར་ཕྱིན། ག.txt
བདག་,,དག་པར་རྗེས་སུ་,2183,ཤེར་ཕྱིན། ག.txt
འདོད་པའི་ཁམས་,,དག་པར་རྗེས་སུ་,2185,ཤེར་ཕྱིན། ག.txt
གཟུགས་ཀྱི་ཁམས་,,དག་པར་རྗེས་སུ་,2186,ཤེར་ཕྱིན། ག.txt
གཟུགས་མེད་པའི་ཁམས་,,དག་པར་རྗེས་སུ་,2187,ཤེར་ཕྱིན། ག.txt
བྱང་ཆུབ་,,དག་པར་རྗེས་སུ་,2196,ཤེར་ཕྱིན། ག.txt
དེ་ཆོས་ཐམས་ཅད་,,དག་པར་རྗེས་སུ་,2198,ཤེར་ཕྱིན། ག.txt
ཕྱིན་པ་མ་འཚལ་མ་དམིགས་,,དག་པར་རྗེས་སུ་,2311,ཤེར་ཕྱིན། ག.txt
དངོས་པོ་མ་འཚལ་མ་དམིགས་,,དག་པར་རྗེས་སུ་,2311,ཤེར་ཕྱིན། ག.txt
ཐམས་ཅད་མ་འཚལ་མ་དམིགས་,,དག་པར་རྗེས་སུ་,2312,ཤེར་ཕྱིན། ག.txt
འགོད་པ་མ་འཚལ་མ་དམིགས་,,དག་པར་རྗེས་སུ་,2315,ཤེར་ཕྱིན། ག.txt
བ་དང་འགོད་པ་མ་དམིགས་,,དག་པར་རྗེས་སུ་,2315,ཤེར་ཕྱིན། ག.txt
ཐམས་ཅད་ཀྱི་ཡེ་ཤེས་ཏོག་,,དག་པར་རྗེས་སུ་,3851,ཤེར་ཕྱིན། ག.txt
གང་ཞེ་ནནང་གི་ཆོས་རྣམས་,,དག་པར་རྗེས་སུ་,4184,ཤེར་ཕྱིན། ག.txt
ལྟ་སྟེཕྱི་རོལ་གྱི་ཆོས་རྣམས་,,དག་པར་རྗེས་སུ་,4185,ཤེར་ཕྱིན། ག.txt
དང༌ཞེ་སྡང་དང༌གཏི་མུག་,,དག་པར་རྗེས་སུ་,4191,ཤེར་ཕྱིན། ག.txt
པ་ཐམས་ཅད་དུ་ཐམས་ཅད་,,དག་པར་རྗེས་སུ་,4972,ཤེར་ཕྱིན། ག.txt
གྲུབ་པ་མ་གཏོགས་པར་གཟུགས་,,དག་པར་རྗེས་སུ་,5392,ཤེར་ཕྱིན། ག.txt
གྲུབ་པ་མ་གཏོགས་པར་མིག་,,དག་པར་རྗེས་སུ་,5394,ཤེར་ཕྱིན། ག.txt
དང༌ལྕེ་དང༌ལུས་དང༌ཡིད་,,དག་པར་རྗེས་སུ་,5395,ཤེར་ཕྱིན། ག.txt
དང༌རོ་དང༌རེག་དང༌ཆོས་,,དག་པར་རྗེས་སུ་,5397,ཤེར་ཕྱིན། ག.txt
པ་ཉེ་བར་གཞག་པ་རྣམས་,,དག་པར་རྗེས་སུ་,5404,ཤེར་ཕྱིན། ག.txt
ཀྱི་ཆོས་མ་འདྲེས་པ་རྣམས་,,དག་པར་རྗེས་སུ་,5409,ཤེར་ཕྱིན། ག.txt
ཀྱི་ཕྱོགས་ཀྱི་ཆོས་ཐམས་ཅད་,,དག་པར་རྗེས་སུ་,5429,ཤེར་ཕྱིན། ག.txt
ཆོས་མ་འདྲེས་པ་བཅོ་བརྒྱད་,,དག་པར་རྗེས་སུ་,5429,ཤེར་ཕྱིན། ག.txt
ལ་བསླབ་པར་བྱ་བའི་གཟུགས་,,དག་པར་རྗེས་སུ་,540,ཤེར་ཕྱིན། ང་།.txt
དཔའ་སེམས་དཔའ་ཆེན་པོས་གཟུགས་,,དག་པར་རྗེས་སུ་,548,ཤེར་ཕྱིན། ང་།.txt
ཆུབ་ཀྱི་ཕྱོགས་ཀྱི་ཆོས་རྣམས་,,དག་པར་རྗེས་སུ་,549,ཤེར་ཕྱིན། ང་།.txt
ཆོས་མ་འདྲེས་པ་བཅོ་བརྒྱད་,,དག་པར་རྗེས་སུ་,549,ཤེར་ཕྱིན། ང་།.txt
ཉིད་ཀྱིས་གཟུགས་སྟོང་པ་ཉིད་,,དག་པར་རྗེས་སུ་,553,ཤེར་ཕྱིན། ང་།.txt
ཉིད་ཀྱི་བར་སྟོང་པ་ཉིད་,,དག་པར་རྗེས་སུ་,554,ཤེར་ཕྱིན། ང་།.txt
བྱང་ཆུབ་,,དག་པར་རྗེས་སུ་,4081,ཤེར་ཕྱིན། ང་།.txt
དང༌དེ་བཞིན་གཤེགས་པ་ཉིད་,,དག་པར་རྗེས་སུ་,4082,ཤེར་ཕྱིན། ང་།.txt
བར་འབྱུང་བའི་ཡན་ལག་རྣམས་,,དག་པར་རྗེས་སུ་,5049,ཤེར་ཕྱིན། ང་།.txt
ཀྱི་ཆོས་མ་འདྲེས་པ་རྣམས་,,དག་པར་རྗེས་སུ་,5050,ཤེར་ཕྱིན། ང་།.txt
ཀྱི་བར་གྱི་དེ་བཞིན་ཉིད་,,དག་པར་རྗེས་སུ་,5098,ཤེར་ཕྱིན། ང་།.txt
འབྱོར་ཆོས་ཀྱིས་ཆོས་ཀྱི་དབྱིངས་,,དག་པར་རྗེས་སུ་,414,ཤེར་ཕྱིན། ཁ།.txt
ཀྱི་དབྱིངས་ཀྱིས་ཆོས་ཀྱི་དབྱིངས་,,དག་པར་རྗེས་སུ་,416,ཤེར་ཕྱིན། ཁ།.txt
དབྱིངས་ཀྱིས་ཀྱང་གཟུགས་ཀྱི་དབྱིངས་,,དག་པར་རྗེས་སུ་,417,ཤེར་ཕྱིན། ཁ།.txt
ཀྱིས་འདུས་མ་བྱས་ཀྱི་དབྱིངས་,,དག་པར་རྗེས་སུ་,418,ཤེར་ཕྱིན། ཁ།.txt
ཀྱིས་ཀྱང་འདུས་བྱས་ཀྱི་དབྱིངས་,,དག་པར་རྗེས་སུ་,419,ཤེར་ཕྱིན། ཁ།.txt
ཉིད་ལ་ཕྱི་སྟོང་པ་ཉིད་,,དག་པར་རྗེས་སུ་,475,ཤེར་ཕྱིན། ཁ།.txt
ཉིད་ལ་ནང་སྟོང་པ་ཉིད་,,དག་པར་རྗེས་སུ་,477,ཤེར་ཕྱིན། ཁ།.txt
འགོད་པ་ནི་འགག་པ་སྟེདེ་,,དག་པར་རྗེས་སུ་,504,ཤེར་ཕྱིན། ཁ།.txt
བཞིན་ཉིད་ཀྱིས་དེ་བཞིན་ཉིད་,,དག་པར་རྗེས་སུ་,132,ཤེར་ཕྱིན། ཅ།.txt
ནང་སྟོང་པ་ཉིད་,,དག་པར་རྗེས་སུ་,1566,ཤེར་ཕྱིན། ཅ།.txt
གང་གིས་ནང་སྟོང་པ་ཉིད་,,དག་པར་རྗེས་སུ་,1566,ཤེར་ཕྱིན། ཅ།.txt
ངོ་བོ་ཉིད་སྟོང་པ་ཉིད་,,དག་པར་རྗེས་སུ་,1567,ཤེར་ཕྱིན། ཅ།.txt
ཆོས་མ་འདྲེས་པ་བཅྭ་བརྒྱད་,,དག་པར་རྗེས་སུ་,1571,ཤེར་ཕྱིན། ཅ།.txt
པ་ཐམས་ཅད་མཁྱེན་པ་ཉིད་,,དག་པར་རྗེས་སུ་,1572,ཤེར་ཕྱིན། ཅ།.txt
དེ་ལྟར་དེ་ཁོ་ན་ཉིད་,,དག་པར་རྟོགས་པ་,4083,ཤེར་ཕྱིན། ཆ།.txt
གྱི་དོན་ཇི་ལྟ་བ་ཉིད་,,དག་པར་རྟོགས་པའི་,1438,ཤེར་ཕྱིན། ཀ.txt
སྔ་མ་དང་སྦྱར་ཏེརེ་ཞིག་,,དག་པར་རྟོགས་པའི་,3350,ཤེར་ཕྱིན། ཀ.txt
ལྟར་འདི་ལྟ་སྟེགཉེན་པོའི་ཕྱོགས་,,དག་པར་རྟོགས་པའི་,3412,ཤེར་ཕྱིན། ཁ།.txt
གང་དེ་ལས་རེ་ཞིག་,,དག་པར་རྟོགས་པའི་,3415,ཤེར་ཕྱིན། ཁ།.txt
སྲིད་པའི་ཕྱིར་མཉམ་པ་ཉིད་,,དག་པར་རྟོགས་པར་,1644,ཤེར་ཕྱིན། ཆ།.txt
ཤེས་རབ་དང་སྙིང་རྗེ་དག་,,དག་པར་རྟོགས་པས་,4376,ཤེར་ཕྱིན། ཆ།.txt
པ་ལ་སོགས་པ་དང༌ཆོས་,,དག་པར་རྟོགས་པས་,2675,ཤེར་ཕྱིན། ཇ།.txt
ཉིད་ཀྱིས་འཚོ་བའི་ཡོ་བྱད་,,དག་པར་རྣམ་པར་,6548,ཤེར་ཕྱིན། ཆ།.txt
ཐོབ་པ་དང༌ཆོས་ཐམས་ཅད་,,དག་པར་རྣམ་པར་,4949,ཤེར་ཕྱིན། ཕ།.txt
ཉིད་ཀྱིས་འཚོ་བའི་ཡོ་བྱད་,,དག་པར་རྣམ་པར་,2701,ཤེར་ཕྱིན། ཇ།.txt
པའི་བསམ་པ་དག་པ་རྣམས་,,དག་པར་རབ་ཏུ་,2192,ཤེར་ཕྱིན། མ།.txt
པ་མི་འབྱུང་བ་དང༌ཆོས་,,དག་པར་རབ་ཏུ་,1544,ཤེར་ཕྱིན། ཆ།.txt
བསྟན་པས་མཚན་ཉིད་ཐམས་ཅད་,,དག་པར་རབ་ཏུ་,3939,ཤེར་ཕྱིན། ཕ།.txt
གཤེགས་པས་མཚན་ཉིད་ཐམས་ཅད་,,དག་པར་རབ་ཏུ་,3893,ཤེར་ཕྱིན། ང་།.txt
བསྟན་པསམཚན་ཉིད་དེ་དག་,,དག་པར་རབ་ཏུ་,3894,ཤེར་ཕྱིན། ང་།.txt
སུམ་ཚོགས་པ་བླ་ན་མེད་,,དག་པར་རྫོགས་པའི་,3961,ཤེར་ཕྱིན། མ།.txt
ནིསེམས་ཅན་དེ་དག་ཐམས་ཅད་,,དག་པར་རྫོགས་པའི་,3981,ཤེར་ཕྱིན། ཆ།.txt
གཤེགས་པ་མ་སྐྱེས་པ་ཉིད་,,དག་པར་རྫོགས་པའི་,3157,ཤེར་ཕྱིན། ཕ།.txt
ཐོབ་པ་དང༌དེ་དག་ཉིད་,,དག་པར་རྫོགས་པའི་,804,ཤེར་ཕྱིན། ཁ།.txt
དང་,,དག་པར་ལྡན་པ,636,ཤེར་ཕྱིན། ཀ.txt
དང་,,དག་པར་ལྷག་པ,555,ཤེར་ཕྱིན། ཀ.txt
ཆོས་ཀྱིས་གཉེར་བའི་ཆོས་ཉིད་,,དག་པར་ལུང་བསྟན་,1335,ཤེར་ཕྱིན། ཅ།.txt
པའི་བྱང་ཆུབ་སེམས་དཔའ་རྣམས་,,དག་པར་ལེན་དུ་,2192,ཤེར་ཕྱིན། མ།.txt
ཚུལ་ཁྲིམས་,,དག་པར་ལེན་དུ་,1570,ཤེར་ཕྱིན། ག.txt
སྙོམས་པར་འཇུག་པ་བཞི་རྣམས་,,དག་པར་ལེན་དུ་,3278,ཤེར་ཕྱིན། ང་།.txt
ལྟོས་པ་མེད་ན་ཚུལ་ཁྲིམས་,,དག་པར་ལེན་པར་,1281,ཤེར་ཕྱིན། ཆ།.txt
ལྟོས་པ་མེད་པས་ཚུལ་ཁྲིམས་,,དག་པར་ལེན་པར་,4182,ཤེར་ཕྱིན། ཇ།.txt
པར་བྱེད་པའི་དེའི་དུས་མཚམས་,,དག་པར་ཤེས་པའི་,3603,ཤེར་ཕྱིན། ཀ.txt
པ་ཐམས་ཅད་མཁྱེན་པ་ཉིད་,,དག་པར་སྐྱེད་པ་,2658,ཤེར་ཕྱིན། ཆ།.txt
བླ་ན་མེད་པའི་བྱང་ཆུབ་,,དག་པར་སྐྱེད་པར་,7545,ཤེར་ཕྱིན། ཆ།.txt
བའི་རྩ་བའི་ཆོས་ཐམས་ཅད་,,དག་པར་སྒྲུབ་པ་,1488,ཤེར་ཕྱིན། ཆ།.txt
པར་བྱེད་པ་ནི་རེ་ཞིག་,,དག་པར་སྒྲུབ་པའི་,5406,ཤེར་ཕྱིན། ཇ།.txt
པའི་རྣམ་པར་རྟོག་པ་ཉིད་,,དག་པར་སྒྲུབ་པའི་,5407,ཤེར་ཕྱིན། ཇ།.txt
པས་ལོག་པར་ཞུགས་པ་དག་,,དག་པར་སྒྲུབ་ལ་,3289,ཤེར་ཕྱིན། ཕ།.txt
བྱང་ཆུབ་སེམས་དཔའ་གང་ཞིག་,,དག་པར་སངས་རྒྱས་,993,ཤེར་ཕྱིན། ཇ།.txt
དུ་སྙོམས་པར་འཇུག་པའི་ཐབས་,,དག་པར་སྟོན་ཏོ་,4110,ཤེར་ཕྱིན། མ།.txt
ཉལ་དང་མཐུན་པར་ཆོས་རྣམས་,,དག་པར་སྟོན་པ་,2565,ཤེར་ཕྱིན། ཕ།.txt
རོལ་ཏུ་ཕྱིན་པ་འདི་ཉིད་,,དག་པར་སྟོན་པ་,152,ཤེར་ཕྱིན། ག.txt
ལ་དབབ་པར་བསྟན་པ་དག་,,དག་པར་སྟོན་པ་,4151,ཤེར་ཕྱིན། ག.txt
བ་འདིས་ནི་དེ་བཞིན་ཉིད་,,དག་པར་སྟོན་པའི་,5452,ཤེར་ཕྱིན། ཆ།.txt
ན་ངེས་པར་འབྱུང་བའི་ཐབས་,,དག་པར་སྟོན་པར་,1457,ཤེར་ཕྱིན། ཀ.txt
གྱིས་མི་ཁྱབ་པའི་ཆོས་རྣམས་,,དག་པར་སྟོན་པར་,1471,ཤེར་ཕྱིན། ཀ.txt
ཐམས་ཅད་ཀྱི་ངོ་བོ་ཉིད་,,དག་པར་སྟོན་པར་,1963,ཤེར་ཕྱིན། ཀ.txt
རོལ་ཏུ་ཕྱིན་པ་འདི་ཉིད་,,དག་པར་སྟོན་པར་,131,ཤེར་ཕྱིན། ག.txt
ཐམས་ཅད་ཀྱི་ངོ་བོ་ཉིད་,,དག་པར་སྟོན་པར་,2147,ཤེར་ཕྱིན། ང་།.txt
ན་ངེས་པར་འབྱུང་བའི་ཐབས་,,དག་པར་སྟོན་པར་,1252,ཤེར་ཕྱིན། ཁ།.txt
བསམ་དུ་རུང་བའི་ཆོས་རྣམས་,,དག་པར་སྟོན་པར་,1266,ཤེར་ཕྱིན། ཁ།.txt
མེད་པ་དང༌ཆོས་ཐམས་ཅད་,,དག་པར་སྡུད་པ་,2675,ཤེར་ཕྱིན། ཇ།.txt
ཤེས་པ་ནི་གདུལ་བྱ་རྣམས་,,དག་པར་སྡུད་པ་,2562,ཤེར་ཕྱིན། ཁ།.txt
དེ་མེད་པར་མཛད་པ་སྟེཆོས་,,དག་པར་སྡུད་པའི་,5874,ཤེར་ཕྱིན། ཇ།.txt
སྣ་ཚོགས་པའི་སེམས་ཅན་རྣམས་,,དག་པར་སྡུད་པས་,4126,ཤེར་ཕྱིན། ཀ.txt
པ་ནི་རློམ་སེམས་ཐམས་ཅད་,,དག་པར་སྤྱོད་པའི་,1474,ཤེར་ཕྱིན། ག.txt
པ་དང༌མ་སྐྱེས་པ་དག་,,དག་པར་སྤོང་བར་,4721,ཤེར་ཕྱིན། ཇ།.txt
དག་པ་མ་སྐྱེད་པ་སྟེདེ་,,དག་པར་སྦྱང་བའི་,4048,ཤེར་ཕྱིན། ཇ།.txt
བྱེད་ཅིང་དེ་ལ་གཞན་དག་,,དག་པར་སྦྱོར་བ་,2765,ཤེར་ཕྱིན། ཁ།.txt
རབ་འབྱོར་གང་ལ་ལ་ཞིག་,,དག་པར་སྨྲ་བས་,3933,ཤེར་ཕྱིན། ང་།.txt
འདུ་འཛི་དེ་དག་,,དག་པར་སྲུང་བར་,1684,ཤེར་ཕྱིན། མ།.txt
པ་དང་ལོག་པ་ཐམས་ཅད་,,དག་པར་སེལ་བ་,3802,ཤེར་ཕྱིན། ག.txt
པ་ཐམས་ཅད་,,དག་པར་སེལ་བ་,3901,ཤེར་ཕྱིན། ག.txt
ནམས་དང་ཡེ་ཤེས་ཀྱི་ཚོགས་,,དག་པར་སོགས་པར་,7364,ཤེར་ཕྱིན། ཆ།.txt
མཁའ་ལྟར་འགྲོ་བ་ལ་ཁྱབ་,,དག་ཕྱག་འཚལ་བས་,1543,བསྟོད་ཚོགས། ཀ.txt
བག་ཆགས་,,དག་བཅོམ་པ་དང༌་,3740,ཤེར་ཕྱིན། ཀ.txt
བག་ཆགས་,,དག་བཅོམ་པ་དང༌་,8196,ཤེར་ཕྱིན། ཆ།.txt
བག་ཆགས་,,དག་བཅོམ་པ་དང༌་,3062,ཤེར་ཕྱིན། ཇ།.txt
བག་ཆགས་,,དག་བཅོམ་པ་དང༌་,3867,ཤེར་ཕྱིན། ཁ།.txt
དེ་ནི་ཀུན་རྫོབ་,,དག་བདེན་ལས་ཉམས་,3346,ཤེར་ཕྱིན། ཇ།.txt
ཏིང་ངེ་འཛིན་དང༌བཏང་སྙོམས་,,དག་བྱང་ཆུབ་ཀྱི་,2465,ཤེར་ཕྱིན། ཇ།.txt
ཀྱི་ཡན་ལག་དང༌བཏང་སྙོམས་,,དག་བྱང་ཆུབ་ཀྱི་,4012,ཤེར་ཕྱིན། ག.txt
ཏིང་ངེ་འཛིན་དང༌བཏང་སྙོམས་,,དག་བྱང་ཆུབ་ཀྱི་,1016,ཤེར་ཕྱིན། ཁ།.txt
ཡང་དག་,,དག་མ་ཡིན་རྣམ་,8796,ཤེར་ཕྱིན། ཆ།.txt
མཚན་ནི་འདི་དག་,,དག་འགྱུར་,4111,ཤེར་ཕྱིན། ཁ།.txt
མཚན་ནི་འདི་དག་,,དག་འགྲུབ་,3968,ཤེར་ཕྱིན། ཀ.txt
མཚན་ནི་འདི་དག་,,དག་འགྲུབ་,8281,ཤེར་ཕྱིན། ཆ།.txt
མཚན་ནི་འདི་དག་,,དག་འགྲུབ་,3140,ཤེར་ཕྱིན། ཇ།.txt
དེ་ཉིད་བྱེད་པར་འགྱུར་ཏེདེ་,,དགག་པར་བྱའོ་,2817,ཤེར་ཕྱིན། མ།.txt
དག་ཀྱང་གང་ཡིན་ཞེ་ནདེ་,,དགེ་ལ་སོགས་པ་,916,ཤེར་ཕྱིན། ཀ.txt
ཉིད་དུ་གྱུར་པར་བསྟན་ཏེདེ་,,དགོས་པ་བརྗོད་པ་,11,ཤེར་ཕྱིན། ཇ།.txt
བ་ཡིན་པའི་ཕྱིར་དང༌དེ་,,དང་པོ་མེད་པའི་,6143,ཤེར་ཕྱིན། ཆ།.txt
དེ་སྐད་དུ་,,དངོས་པོ་བརྗོད་དུ་,6824,ཤེར་ཕྱིན། ཆ།.txt
དེ་སྐད་དུ་,,དབང་པོ་རྟུལ་དང་,611,ཤེར་ཕྱིན། ཆ།.txt
དེ་སྐད་དུ་,,དམིགས་པ་ཆོས་རྣམས་,1189,ཤེར་ཕྱིན། ཆ།.txt
དམིགས་པ་ནི་ཡུལ་ཡིན་ཏེདེ་,,དམིགས་པ་ཆོས་རྣམས་,3521,ཤེར་ཕྱིན། ཇ།.txt
དེ་སྐད་དུ་,,དམིགས་པ་དང་ནི་,632,ཤེར་ཕྱིན། ཆ།.txt
སོགས་པ་བྱེད་པ་ཡིན་ལདེ་,,དམིགས་པ་མི་འཁྲུགས་,494,ཤེར་ཕྱིན། མ།.txt
དེ་སྐད་དུ་,,དམིགས་པ་མི་རྟག་,785,ཤེར་ཕྱིན། ཆ།.txt
སུ་སྔོ་བར་བྱེད་ལདེ་,,དམིགས་པའི་ཚུལ་གྱིས་,54,ཤེར་ཕྱིན། ང་།.txt
བྱང་ཆུབ་སེམས་དཔའ་ཡིན་ཏེདེ་,,དམིགས་སུ་མེད་ཅེས་,392,ཤེར་ཕྱིན། ཉ།.txt
དེ་སྐད་དུ་,,དྲན་པ་ཉེར་གཞག་,4803,ཤེར་ཕྱིན། ཆ།.txt
དེ་སྐད་དུ་,,དྲི་མ་ཟད་དང་,7846,ཤེར་ཕྱིན། ཆ།.txt
དེ་སྐད་དུ་,,དྲོ་བ་རྣམས་ཀྱི་,6302,ཤེར་ཕྱིན། ཆ།.txt
དེ་སྐད་དུ་,,དེ,450,ཤེར་ཕྱིན། ཆ།.txt
བྱེད་དོ་ཞེ་ན་,,དེ,1061,ཤེར་ཕྱིན། ཕ།.txt
དངོས་པོ་མེད་པ་ཡིན་ལདེ་,,དེ་ཁོ་ན་ཉིད་,3948,ཤེར་ཕྱིན། ཇ།.txt
དེ་སྐད་དུ་,,དེ་དག་མི་དམིགས་,2064,ཤེར་ཕྱིན། ཆ།.txt
དེ་སྐད་དུ་,,དེ་དག་སོ་སོར་,1287,ཤེར་ཕྱིན། ཆ།.txt
དེ་སྐད་དུ་,,དེ་ནི་ཉིད་ཀྱི་,5534,ཤེར་ཕྱིན། ཆ།.txt
དེ་སྐད་དུ་,,དེ་ནི་མཚན་མར་,4399,ཤེར་ཕྱིན། ཆ།.txt
དེ་སྐད་དུ་,,དེ་ནི་རྒྱུན་ཆགས་,6784,ཤེར་ཕྱིན། ཆ།.txt
དེ་སྐད་དུ་,,དེ་བཞིན་གཤེགས་པ་,5455,ཤེར་ཕྱིན། ཆ།.txt
མེད་པ་ཁོ་ན་ཡིན་ཏེདེ་,,དེ་བཞིན་ཉིད་ཀྱི་,887,ཤེར་ཕྱིན། མ།.txt
དེ་སྐད་དུ་,,དེ་བཞིན་ཉིད་དང་,2815,ཤེར་ཕྱིན། ཆ།.txt
སྟོན་པར་བྱེད་པ་ཡིན་ལདེ་,,དེ་བཞིན་ཉིད་དང་,4395,ཤེར་ཕྱིན། ཇ།.txt
རྣམས་བསྒྲུབ་པོ་ཞེས་ཟེར་ནདེ་,,དེ་བཞིན་དུ་བརྗོད་,2441,ཤེར་ཕྱིན། མ།.txt
ཤིན་ཏུ་ལྷག་པར་སྐྱེ་སྟེདེ་,,དེ་བཞིན་དུ་འཇིག་,2228,ཤེར་ཕྱིན། ཕ།.txt
དེ་སྐད་དུ་,,དེ་བཞིན་འཁོར་བ་,8358,ཤེར་ཕྱིན། ཆ།.txt
དེ་སྐད་དུ་,,དེ་ཡི་ངོ་བོ་,4172,ཤེར་ཕྱིན། ཆ།.txt
དེ་སྐད་དུ་,,དེ་ཡི་རྟགས་དང་,338,ཤེར་ཕྱིན། ཆ།.txt
པའི་མངོན་པར་རྟོགས་པ་སྟེདེ་,,དེ་ཡི་རྟགས་དང་,1068,ཤེར་ཕྱིན། ཉ།.txt
དེ་སྐད་དུ་,,དེ་ལ་ཀླན་ཀ་,4357,ཤེར་ཕྱིན། ཆ།.txt
དེ་སྐད་དུ་,,དེ་ལ་རྟག་ལ་,2077,ཤེར་ཕྱིན། ཆ།.txt
དེ་སྐད་དུ་,,དེ་ལྟར་ཀུན་ཤེས་,4496,ཤེར་ཕྱིན། ཆ།.txt
དེ་སྐད་དུ་,,དེ་ལྟར་མཛད་པ་,8247,ཤེར་ཕྱིན། ཆ།.txt
དེ་སྐད་དུ་,,དེ་ལྟར་འདི་དང་,4671,ཤེར་ཕྱིན། ཆ།.txt
ཞི་བའི་ཚོར་བ་སྐྱེ་སྟེདེ་,,དེའི་ཚེ་གཟུགས་ཀྱི་,2312,ཤེར་ཕྱིན། ཕ།.txt
ཅད་ཀྱི་གཉེན་པོ་ཡིན་ལདེ་,,དེས་སྒོམས་སོ་ཞེས་,2798,ཤེར་ཕྱིན། ཆ།.txt
ཐམས་ཅད་བརྟགས་པ་ཡིན་ལདེ་,,དོན་དུ་ཡོད་པ་,969,ཤེར་ཕྱིན། མ།.txt
དེ་སྐད་དུ་,,ནགས་གནས་འདོད་ཆུང་,1517,ཤེར་ཕྱིན། ཆ།.txt
དེ་སྐད་དུ་,,ནང་སྟོང་ཉིད་ལ་,2425,ཤེར་ཕྱིན། ཆ།.txt
ཐམས་ཅད་མཁྱེན་པ་ཉིད་དེ་,,ནང་སྟོང་པ་ཉིད་,1779,ཤེར་ཕྱིན། ཕ།.txt
རིག་པར་བརྗོད་པ་ཡིན་ནདེ་,,ནུས་པ་ཐམས་ཅད་,6021,ཤེར་ཕྱིན། ཆ།.txt
རང་བཞིན་ནི་དེ་ཡིན་ཏེཅི་,,ནུས་པ་མེད་པངོ་,1043,ཤེར་ཕྱིན། ཅ།.txt
དེ་སྐད་དུ་,,ཕན་དང་བདེ་དང་,5792,ཤེར་ཕྱིན། ཆ།.txt
དེ་སྐད་དུ་,,ཕྱག་ཞབས་འཁོར་ལོའི་,8259,ཤེར་ཕྱིན། ཆ།.txt
ཉིད་ཀྱི་བརྡར་གདགས་པ་དེ་,,ཕུང་པོ་རྣམས་སམཁམས་,1726,ཤེར་ཕྱིན། ཕ།.txt
བྱ་སྟེསངས་རྒྱས་ཀྱི་ས་དེ་,,ཕུན་སུམ་ཚོགས་པ་,2081,ཤེར་ཕྱིན། མ།.txt
དང༌ལུས་བདེ་བ་དང༌སེམས་,,བ་དང༌སེམས་ལས་,1354,ཤེར་ཕྱིན། ང་།.txt
ནི་བགྲང་བ་ཞེས་བྱ་སྟེདེ་,,བགྲང་བར,1260,ཤེར་ཕྱིན། ཕ།.txt
གྲངས་སུ་,,བགྲང་བར,1310,ཤེར་ཕྱིན། ང་།.txt
དང་འགལ་བ་ཅན་ཡིན་ཏེདེ་,,བཅོམ་ལྡན་འདས་གཟུགས་,636,ཤེར་ཕྱིན། ཁ།.txt
རྣམས་ལ་རྟོག་པ་ལགས་སམཅི་,,བཅོམ་ལྡན་འདས་རྣམ་,4610,ཤེར་ཕྱིན། ང་།.txt
དེ་སྐད་དུ་,,བཏགས་པའི་ཆོས་ཉིད་,2404,ཤེར་ཕྱིན། ཆ།.txt
འདི་ནི་གདགས་པ་ཡིན་ལདེ་,,བཏགས་པའི་ཆོས་ཡིན་,1681,ཤེར་ཕྱིན། ག.txt
དེ་སྐད་དུ་,,བདག་ཉིད་སྡིག་པ་,6309,ཤེར་ཕྱིན། ཆ།.txt
འདི་སྐད་དུ་,,བདག་ཏུ་མངོན་པར་,5140,ཤེར་ཕྱིན། ཆ།.txt
དེ་སྐད་དུ་,,བདག་ཡོད་པ་ནི་,1289,ཤེར་ཕྱིན། ཇ།.txt
གཟུང་བར་བྱ་སྟེདེ་སྐད་དུ་,,བདུད་ཀྱི་མཐུ་བཅོམ་,5092,ཤེར་ཕྱིན། ཆ།.txt
དེ་,,བདུད་ཀྱི་མཐུ་བཅོམ་,3592,ཤེར་ཕྱིན། ཇ།.txt
དེ་སྐད་དུ་,,བདེན་དང་བདེན་ལ་,2456,ཤེར་ཕྱིན། ཆ།.txt
ཀྱང་མ་བསྟན་ཏམ་ཞེ་ནདེ་,,བདེན་མོད་ཀྱི་གཙོ་,4967,ཤེར་ཕྱིན། ཕ།.txt
ནས་འོད་ཟེར་འབྱུང་ཞེ་ནདེ་,,བདེན་མོད་ཀྱི་འོན་,508,ཤེར་ཕྱིན། ཕ།.txt
མེད་པར་འགྱུར་རོ་ཞེ་ནདེ་,,བདེན་མོད་ཀྱི་འོན་,4955,ཤེར་ཕྱིན། ཕ།.txt
ན་སྐབས་གང་ཡིན་ཞེ་ནདེ་,,བདེན་མོད་ཀྱིསྔར་ནི་,2808,ཤེར་ཕྱིན། ཕ།.txt
དེ་སྐད་དུ་,,བཟོད་དང་ཤེས་པའི་,6506,ཤེར་ཕྱིན། ཆ།.txt
བ་ལ་བུ་ཞིག་ཡོད་དོདེ་,,བཟོའི་གནས་ཐམས་ཅད་,680,ཤེར་ཕྱིན། ཕ།.txt
བ་ལ་བུ་ཞིག་ཡོད་དེདེ་,,བཟོའི་གནས་ཐམས་ཅད་,5456,ཤེར་ཕྱིན། ཕ།.txt
ཡོངས་སུ་ཚོལ་བར་བྱེད་དེདེ་,,བྱང་ཆུབ་གཉིས་དང་,2476,ཤེར་ཕྱིན། མ།.txt
དེ་སྐད་དུ་,,བྱང་ཆུབ་ཇི་ལྟ་,6833,ཤེར་ཕྱིན། ཆ།.txt
དེ་སྐད་དུ་,,བྱང་ཆུབ་དེ་བཞིན་,6839,ཤེར་ཕྱིན། ཆ།.txt
དེ་སྐད་དུ་,,བྱང་ཆུབ་ཕྱོགས་མཐུན་,8183,ཤེར་ཕྱིན། ཆ།.txt
དེ་སྐད་དུ་,,བྱང་ཆུབ་ལ་གཞན་,7797,ཤེར་ཕྱིན། ཆ།.txt
རྐྱེན་དང་མི་ལྡན་པ་སྟེའདི་,,བྱང་ཆུབ་སེམས་དཔའ་,3577,ཤེར་ཕྱིན། ང་།.txt
ལྡན་པར་སྟོན་པར་འགྱུར་ཏེདེ་,,བྱང་ཆུབ་སེམས་དཔའའི་,1967,ཤེར་ཕྱིན། ང་།.txt
དེ་སྐད་དུ་,,བརྩེ་དང་སྦྱིན་ལ་,1316,ཤེར་ཕྱིན། ཆ།.txt
ཚོགས་དེ་,,བརྩེ་དང་སྦྱིན་ལ་,3529,ཤེར་ཕྱིན། ཇ།.txt
ལ་བརྩོན་པ་སྟེདེ་,,བརྩོན་པར་བྱེད་པའོ་,744,ཤེར་ཕྱིན། ཕ།.txt
ཕྱིརགང་,,བླ་ན་མེད་པ,1762,ཤེར་ཕྱིན། མ།.txt
གང་,,བླ་ན་མེད་པ,1762,ཤེར་ཕྱིན། མ།.txt
མཐའར་,,བླ་ན་མེད་པ,4126,ཤེར་ཕྱིན། ང་།.txt
གང་,,བླ་ན་མེད་པ,4934,ཤེར་ཕྱིན། ང་།.txt
ཆུབ་ཏུ་ཡོངས་སུ་བསྔོ་སྟེདེ་,,བླ་ན་མེད་པ་,87,ཤེར་ཕྱིན། ཅ།.txt
དེ་སྐད་དུ་,,བསྒོམ་པའི་ལམ་ནི་,6692,ཤེར་ཕྱིན། ཆ།.txt
བ་ལ་སོགས་པ་སྨོས་ཏེདེ་,,བསྔོ་བ་ཅི་འདྲ་,3891,ཤེར་ཕྱིན། ཆ།.txt
དེ་སྐད་དུ་,,བསམ་གཏན་གཟུགས་མེད་,1303,ཤེར་ཕྱིན། ཆ།.txt
བ་པ་ཞེས་བརྗོད་པ་སྟེདེ་,,བསམ་པ་དང་སྒོམ་,2492,ཤེར་ཕྱིན། མ།.txt
དེ་སྐད་དུ་,,བསམ་མི་ཁྱབ་དང་,5702,ཤེར་ཕྱིན། ཆ།.txt
དེ་སྐད་དུ་,,བསམ་མི་ཁྱབ་སོགས་,5550,ཤེར་ཕྱིན། ཆ།.txt
ཕྱིརགང་,,མ་ཡིན་གང་གི,876,ཤེར་ཕྱིན། ཆ།.txt
ཡིནདེ་,,མངོན་པར་ཞེན་པ་,271,ཤེར་ཕྱིན། མ།.txt
གཅིག་པའི་མཚན་ཉིད་ཡིན་ལདེ་,,མཉམ་པར་གཞག་པས་,1399,ཤེར་ཕྱིན། ཆ།.txt
དེ་སྐད་དུ་,,མཐར་གྱིས་པརྣམ་གསུམ་,349,ཤེར་ཕྱིན། ཆ།.txt
དེ་སྐད་དུ་,,མཐོང་དང་བསྒོམ་པའི་,1623,ཤེར་ཕྱིན། ཆ།.txt
དེ་སྐད་དུ་,,མཐོང་བ་ལ་སོགས་,4470,ཤེར་ཕྱིན། ཆ།.txt
ཅུ་རྩ་དྲུག་ཏུ་འགྱུར་ཏེདེ་,,མཐོང་བའི་ལམ་གྱི་,3396,ཤེར་ཕྱིན། ཀ.txt
དེ་སྐད་དུ་,,མདོར་བསྡུས་རྒྱས་དང་,7987,ཤེར་ཕྱིན། ཆ།.txt
པར་བྱང་ཆུབ་པ་ཡིན་ཏེདེ་,,མཚན་ཉིད་ཀྱིས་རྣམ་,3006,ཤེར་ཕྱིན། ཇ།.txt
དེ་སྐད་དུ་,,མཚན་ཉིད་དེ་ཡི་,8761,ཤེར་ཕྱིན། ཆ།.txt
དེ་སྐད་དུ་,,མཚན་ནི་སུམ་ཅུ་,8253,ཤེར་ཕྱིན། ཆ།.txt
ནིལོངས་སྤྱོད་རྫོགས་པའི་སྐུ་སྟེདེ་,,མཚན་ནི་སུམ་ཅུ་,3646,ཤེར་ཕྱིན། ཇ།.txt
འཇལ་བ་དང༌དཔྱོད་པ་སྟེདེ་,,མཚན་མའི་ཚུལ་དུ་,2528,ཤེར་ཕྱིན། ག.txt
དེ་སྐད་དུ་,,མཚན་མེད་རབ་ཏུ་,6203,ཤེར་ཕྱིན། ཆ།.txt
དེ་,,མཚན་མེད་རབ་ཏུ་,3600,ཤེར་ཕྱིན། ཇ།.txt
ནབྱང་ཆུབ་གོ་ཇི་ལྟར་ཡིནདེ་,,མཚམས་མེད་པ་རྣམས་,855,ཤེར་ཕྱིན། མ།.txt
ཅན་གྱི་ཚད་མ་ཡིན་ནདེ་,,མཚུངས་པའི་ཕྱིར་བྲིས་,292,ཤེར་ཕྱིན། ཇ།.txt
སྤོང་བ་བྱས་པར་འགྱུར་ཏེདེ་,,མི་དགའ་བའི་ཚུལ་,3612,ཤེར་ཕྱིན། ང་།.txt
ཀྱི་དོན་བྱ་བར་ནུས་ཏེདེ་,,མི་དམིགས་པའི་ཚུལ་,5720,ཤེར་ཕྱིན། ག.txt
ཡང་བྲལ་བར་མ་གྱུར་ཏེདེ་,,མི་དམིགས་པའི་ཚུལ་,727,ཤེར་ཕྱིན། ང་།.txt
དང་ཐུན་མོང་དུ་བྱས་ཏེདེ་,,མི་དམིགས་པའི་ཚུལ་,1933,ཤེར་ཕྱིན། ང་།.txt
ཆེན་པོ་ཡིན་པ་དང༌དེ་,,མི་དམིགས་པར་ཡིད་,2003,ཤེར་ཕྱིན། ཕ།.txt
དང་པོ་ནི་མ་ཡིན་ཏེཅི་,,མི་བྱེད་པའི་ཕྱིར་,2816,ཤེར་ཕྱིན། མ།.txt
པོ་མ་ཡིན་པར་འགྱུར་ཏེཅི་,,མི་བྱེད་པའི་ཕྱིར་,8674,ཤེར་ཕྱིན། ཆ།.txt
ཏུ་གྱུར་པས་ལོག་པ་སྟེདེ་,,མི་མཐོང་བའི་རྒྱུ་,3941,ཤེར་ཕྱིན། མ།.txt
གོ་ཞེས་བྱ་བར་འགྱུར་ཏེདེ་,,མི་རིགས་སོ་ཞེས་,5144,ཤེར་ཕྱིན། ཕ།.txt
ལས་གཞན་ཡིན་པར་གྱུར་ཏེདེ་,,མི་རིགས་སོ་སྙམ་,1183,ཤེར་ཕྱིན། ཕ།.txt
འཇིག་རྟེན་ལ་དགོངས་པ་སྟེདེ་,,མིང་གི་ཚོགས་ཀྱིས་,2520,ཤེར་ཕྱིན། མ།.txt
ཡས་སོ་སྙམ་པ་དང༌ཅི་,,མེད་དོ་སྙམ་པ་,3195,ཤེར་ཕྱིན། ཆ།.txt
རྣམ་ཤེས་མཐའ་ཡས་དང༌ཅི་,,མེད་པ་དང༌འདུ་,3753,ཤེར་ཕྱིན། ཀ.txt
རྣམ་པར་ཤེས་པ་དང༌ཅི་,,མེད་པ་དང༌འདུ་,3197,ཤེར་ཕྱིན། ཆ།.txt
རྣམ་པར་ཤེས་པ་དང༌ཅི་,,མེད་པ་དང༌འདུ་,3068,ཤེར་ཕྱིན། ཇ།.txt
ཤེས་མཐའ་ཡས་པ་དང༌ཅི་,,མེད་པ་དང༌འདུ་,3882,ཤེར་ཕྱིན། ཁ།.txt
དེ་སྐད་དུ་,,མེད་པའི་རྣམ་པ་,4727,ཤེར་ཕྱིན། ཆ།.txt
པར་གནས་པ་ནས་བརྩམས་ཏེཅི་,,མེད་པའི་སྐྱེ་མཆེད་,4335,ཤེར་ཕྱིན། ཆ།.txt
མཆེད་ཀྱི་ལྷ་རྣམས་དང༌ཅི་,,མེད་པའི་སྐྱེ་མཆེད་,1564,ཤེར་ཕྱིན། ག.txt
མཐའ་ཡས་སྐྱེ་མཆེད་དང༌ཅི་,,མེད་པའི་སྐྱེ་མཆེད་,3410,ཤེར་ཕྱིན། ག.txt
སྙོམས་པར་འཇུག་པ་དང༌ཅི་,,མེད་པའི་སྐྱེ་མཆེད་,4978,ཤེར་ཕྱིན། ང་།.txt
པས་ནཅི་,,མེད་པའི་སྐྱེ་མཆེད་,3890,ཤེར་ཕྱིན། ཁ།.txt
ཁྱད་པར་ཅི་ཞིག་ཡོད་དེཅི་,,མེད་པས་ཁྱེད་ཅག་,5485,ཤེར་ཕྱིན། ཇ།.txt
ནི་གང་,,མེད་པས་དེ,5284,ཤེར་ཕྱིན། ཕ།.txt
པ་ཅི་ཞིག་ཡོད་ཅེ་ནཅི་,,མེད་མོད་ཀྱིསའོན་ཀྱང་,695,ཤེར་ཕྱིན། ཆ།.txt
དེ་སྐད་དུ་,,མོག་མོག་པོར་བྱེད་,299,ཤེར་ཕྱིན། ཆ།.txt
མོས་པ་ནི་མོས་པ་སྟེདེ་,,མོས་པ་རང་གི་,3547,ཤེར་ཕྱིན། ཇ།.txt
ལྟུང་བར་གསུངས་པ་ཡིན་ཏེདེ་,,ཚུ་རོལ་ཕ་རོལ་,3566,ཤེར་ཕྱིན། ཇ།.txt
དེ་སྐད་དུ་,,ཚུལ་ཁྲིམས་བྱས་པ་,1503,ཤེར་ཕྱིན། ཆ།.txt
བྱ་བ་ནི་གསུམ་པ་སྟེདེ་,,ཚེ་དང་ལྡན་པ་,2000,ཤེར་ཕྱིན། ཕ།.txt
སོགས་པ་གསུངས་པ་ཡིན་ཏེདེ་,,ཞེས་བྱ་བ་ནི་,6759,ཤེར་ཕྱིན། ཆ།.txt
པ་ཞེས་བྱ་སྙམ་པ་ལདེ་,,ཞེས་བྱ་བ་ལ་,3915,ཤེར་ཕྱིན། མ།.txt
ན་ཉིད་ཡིན་ནོ་ཞེ་ནའདི་,,ཞེས་བྱ་བ་ལ་,1677,ཤེར་ཕྱིན། ཆ།.txt
དེ་ནས་ཅི་བྱེད་ཅེ་ནདེ་,,ཞེས་བྱ་བ་ལ་,1691,ཤེར་ཕྱིན། ཉ།.txt
བརྗོད་པར་བྱ་བ་ཡིན་ལདེ་,,ཟག་པ་དང་བཅས་,2926,ཤེར་ཕྱིན། ཆ།.txt
འོག་ཏུ་བསྒོམ་པའི་ལམ་སྟེདེ་,,ཟག་པ་དང་བཅས་,2257,ཤེར་ཕྱིན། ཇ།.txt
ཅིག་གཞན་ན་བཞུགས་པ་སྟེདེ་,,ཟབ་ཅིང་མཐའ་ཡས་,4223,ཤེར་ཕྱིན། མ།.txt
འདི་ལ་གང་,,འཁོར་བ,272,ཤེར་ཕྱིན། ཅ།.txt
ལདེ་,,འགྲིབ་པ་མེད་ཅིང་,1033,ཤེར་ཕྱིན། མ།.txt
སྦྱར་བར་རིག་པར་བྱ་སྟེདེ་,,འགྲོ་བ་མཐའ་དག་,88,ཤེར་ཕྱིན། ཉ།.txt
བསམ་པས་སྦྱིན་པ་བྱིན་ལདེ་,,འགྲོ་བའི་དོན་ཉིད་,1605,ཤེར་ཕྱིན། ཇ།.txt
དེ་སྐད་དུ་,,འགོག་དང་བཅས་པའི་,7948,ཤེར་ཕྱིན། ཆ།.txt
དེ་སྐད་དུ་,,འགོག་པ་མེད་པའི་,7886,ཤེར་ཕྱིན། ཆ།.txt
བ་མེད་པའི་ཚུལ་གྱིས་ཏེདེ་,,འཇིག་རྟེན་གྱི་ཐ་,1513,ཤེར་ཕྱིན། ང་།.txt
དེ་སྐད་དུ་,,འཇུག་པ་དང་ནི་,7535,ཤེར་ཕྱིན། ཆ།.txt
འདས་པ་ཡིན་ནོ་ཞེ་ནདེ་,,འཐད་པ་མ་ཡིན་,1058,ཤེར་ཕྱིན། ཕ།.txt
བླངས་པ་གང་ཡིན་པ་སྟེདེ་,,འདས་མ་ཐག་པའི་,3326,ཤེར་ཕྱིན། ཆ།.txt
དེ་སྐད་དུ་,,འདི་ཡི་དམིགས་པ་,8090,ཤེར་ཕྱིན། ཆ།.txt
དེ་སྐད་དུ་,,འདི་ལ་བསལ་བྱ་,7900,ཤེར་ཕྱིན། ཆ།.txt
དེ་སྐད་དུ་,,འདི་ལྟར་ཀུན་དགའ་,2124,ཤེར་ཕྱིན། ཆ།.txt
འགྱུར་རོ་སྙམ་དུ་བསམས་ནསདེ་,,འདི་ལྟར་གཏན་ལ་,1042,ཤེར་ཕྱིན། ཕ།.txt
ལ་བྱ་སྟེགནས་གྱུར་པ་དེ་,,འདི་ལྟར་ཉོན་མོངས་,5408,ཤེར་ཕྱིན། ཕ།.txt
མདོ་སྡེ་འབྱུང་བའི་རྒྱུ་སྟེདེ་,,འདི་སྐད་བདག་གིས་,2578,ཤེར་ཕྱིན། མ།.txt
གཞན་ཡོད་པ་མ་ཡིན་ལདེ་,,འདིར་བསྟན་པ་ཡིན་,1543,ཤེར་ཕྱིན། མ།.txt
དེ་སྐད་དུ་,,འཕགས་པ་ཉན་ཐོས་,2049,ཤེར་ཕྱིན། ཆ།.txt
གང་,,འཕེལ་བའམ་འགྲིབ་པ,5191,ཤེར་ཕྱིན། ང་།.txt
གང་,,འབྱུང་བར་འགྱུར་བ,785,ཤེར་ཕྱིན། ཅ།.txt
དེ་སྐད་དུ་,,འབྲས་བུ་དག་པ་,4314,ཤེར་ཕྱིན། ཆ།.txt
ལ་འཐག་པས་ཅི་ཞིག་བྱདེ་,,འབྲས་བུ་དང་པོ་,610,ཤེར་ཕྱིན། ཆ།.txt
དེ་སྐད་དུ་,,འཛམ་བུ་གླིང་སོགས་,7484,ཤེར་ཕྱིན། ཆ།.txt
བར་བསྟན་པའི་འགྲེས་དང༌དེས་,,འཛམ་བུའི་གླིང་གི་,3484,ཤེར་ཕྱིན། ཕ།.txt
ནི་རྣམ་པར་འཕེལ་བ་སྟེདེ་,,འཛམ་བུའི་གླིང་གི་,3621,ཤེར་ཕྱིན། ཇ།.txt
དེ་སྐད་དུ་,,འཛིན་པ་དང་ནི་,7692,ཤེར་ཕྱིན། ཆ།.txt
སུ་འདུ་ཤེས་མེད་པ་སྟེདེ་,,འོག་ནས་འབྱུང་བའི་,4630,ཤེར་ཕྱིན། ཕ།.txt
དུ་འཕོ་བ་ནི་ལྔ་སྟེདེ་,,འོག་མིན་གྱི་མཐར་,3891,ཤེར་ཕྱིན། ཇ།.txt
བ་ཡིན་ནོ་ཞེས་འདོད་ནདེ་,,ཡང་དག་པ་མ་,6040,ཤེར་ཕྱིན། ཆ།.txt
དང་བསྒོམ་པའི་བདག་ཉིད་དེདེ་,,ཡང་དག་པར་དགའ་,617,ཤེར་ཕྱིན། ཉ།.txt
དེ་སྐད་དུ་,,ཡམས་ནད་འདི་རྣམས་,8066,ཤེར་ཕྱིན། ཆ།.txt
ལྟ་སྟེགཟུངས་ཀྱི་སྒོ་རྣམས་ཏེདེ་,,ཡི་གེའི་ཚུལ་མཉམ་,4060,ཤེར་ཕྱིན། ག.txt
པའི་རང་བཞིན་ཅན་ཡིན་ལདེ་,,ཡུམ་འཛིན་པ་ལ་,3407,ཤེར་ཕྱིན། ཇ།.txt
དེ་སྐད་དུ་,,ཡུལ་དང་སྦྱོར་བ་,7161,ཤེར་ཕྱིན། ཆ།.txt
དེ་སྐད་དུ་,,ཡུལ་ནི་རྣམ་པ་,8769,ཤེར་ཕྱིན། ཆ།.txt
དེ་སྐད་དུ་,,ཡོངས་སུ་བསྔོ་བ་,4003,ཤེར་ཕྱིན། ཆ།.txt
བྱེད་པ་བརྗོད་པར་བྱ་སྟེདེ་,,ཡོངས་སུ་བསྔོ་བ་,654,ཤེར་ཕྱིན། ཇ།.txt
གང་,,ཡོངས་སུ་མཐོང་བ,3751,ཤེར་ཕྱིན། ཕ།.txt
གང་,,ཡོངས་སུ་མཐོང་བ,2948,ཤེར་ཕྱིན། ང་།.txt
དེ་སྐད་དུ་,,ཡོངས་སུ་སྦྱོང་བ་,1489,ཤེར་ཕྱིན། ཆ།.txt
ཁྱད་པར་ནི་རིགས་ཡིན་ལདེ་,,རྐྱེན་ཚོགས་པ་ལས་,710,ཤེར་ཕྱིན། ཁ།.txt
ཕྱིར་དོན་བསྡུས་ནས་བསྟན་ཏེདེ་,,རྒྱ་ཆེར་ནི་འཕགས་,1531,ཤེར་ཕྱིན། ཇ།.txt
བསྒོམ་པར་བྱ་བ་ཡིན་ཏེདེ་,,རྒྱུ་དང་འབྲས་བུའི་,688,ཤེར་ཕྱིན། ཇ།.txt
རྩ་དྲུག་ཡིན་ཏེདེ་སྐད་དུ་,,རྒྱུ་དང་ལམ་དང་,4766,ཤེར་ཕྱིན། ཆ།.txt
དེ་སྐད་དུ་,,རྒྱུ་ནི་ཡོངས་སུ་,8236,ཤེར་ཕྱིན། ཆ།.txt
རྣམ་པར་གཡེང་བ་ཡིན་ལདེ་,,རྒྱུད་འཁྲུག་པར་བྱེད་,2204,ཤེར་ཕྱིན། ཇ།.txt
གི་གནས་ཡིན་པའི་ཕྱིར་ཏེདེ་,,རང་གི་དམིགས་པ་,2372,ཤེར་ཕྱིན། ཆ།.txt
ཀྱང་བརྗོད་པར་མི་བྱ་སྟེདེ་,,རང་བཞིན་གཅིག་ཡིན་,6006,ཤེར་ཕྱིན། ཆ།.txt
རྟོག་པ་འཕངས་པ་ཡིན་ལདེ་,,རང་བཞིན་གྱིས་རང་,3882,ཤེར་ཕྱིན། ཆ།.txt
དེ་སྐད་དུ་,,རང་བྱུང་བདག་ཉིད་,2271,ཤེར་ཕྱིན། ཆ།.txt
པ་མ་སྤངས་པའི་རིགས་པའདིས་,,རང་སངས་རྒྱས་ཀྱི་,482,ཤེར་ཕྱིན། ཇ།.txt
ཅན་སྐྱེ་བར་འགྱུར་ཞིང༌དེའི་,,རྗེས་ཐོགས་ལ་དགེ་,3854,ཤེར་ཕྱིན། ཆ།.txt
བྱེད་པ་བརྗོད་པར་བྱ་སྟེདེ་,,རྗེས་སུ་ཡི་རང་,657,ཤེར་ཕྱིན། ཇ།.txt
སྙམ་དུ་ངེས་པར་བྱས་ནསདེ་,,རྟེན་ཅིང་འབྲེལ་པར་,7892,ཤེར་ཕྱིན། ཆ།.txt
སྙམ་དུ་ངེས་པར་བྱས་ནསདེ་,,རྟེན་ཅིང་འབྲེལ་བར་,2877,ཤེར་ཕྱིན། ཇ།.txt
པར་རྫོགས་པར་རྟོགས་པ་སྟེདེ་,,རྟེན་ནི་སྦྱོར་བར་,732,ཤེར་ཕྱིན། ཉ།.txt
དེ་སྐད་དུ་,,རྟོགས་པ་ཡི་ནི་,1160,ཤེར་ཕྱིན། ཆ།.txt
རབ་རྣམས་བསགས་པ་ཡིན་ནདེ་,,རྡུལ་ཕྲ་རབ་ཆ་,201,ཤེར་ཕྱིན། ཉ།.txt
བ་ལ་སོགས་པས་སྟོན་ཏེདེ་,,རྣམ་པ་གཉིས་སུ་,1207,ཤེར་ཕྱིན། ཕ།.txt
མེད་པའི་བསྒོམ་པའི་ལམ་སྟེདེ་,,རྣམ་པ་གཉིས་སོ་,2295,ཤེར་ཕྱིན། ཇ།.txt
ཆོས་རྣམས་ནི་སངས་རྒྱས་ཏེདེ་,,རྣམ་པ་ཐམས་ཅད་,379,ཤེར་ཕྱིན། ཀ.txt
པ་གང་གསུངས་པ་ཡིན་ཏེདེ་,,རྣམ་པ་ཐམས་ཅད་,506,ཤེར་ཕྱིན། ཀ.txt
ཀྱི་སྦྱིན་པ་ལ་བྱ་སྟེདེ་,,རྣམ་པ་ཐམས་ཅད་,2000,ཤེར་ཕྱིན། ཕ།.txt
འཛིན་གྱི་ཆོ་འཕྲུལ་བསྟན་ཏེདེ་,,རྣམ་པ་བཞིས་བསྟན་,485,ཤེར་ཕྱིན། ཕ།.txt
མི་འོང་བ་ཞེས་བྱ་སྟེདེ་,,རྣམ་པ་ལྔར་ཤེས་,598,ཤེར་ཕྱིན། ཆ།.txt
དེ་སྐད་དུ་,,རྣམ་པ་སྦྱོར་བར་,326,ཤེར་ཕྱིན། ཆ།.txt
ཡུལ་ཅན་བརྗོད་པར་བྱ་སྟེདེ་,,རྣམ་པར་བྱང་བའི་,768,ཤེར་ཕྱིན། ཀ.txt
སྙམ་དུ་སེམས་པ་དེའི་ཚེདེ་,,རྣམ་པར་བརྟགས་ན་,1201,ཤེར་ཕྱིན། ཕ།.txt
པར་བྱེད་པ་ཡིན་ལདེ་,,རྣམ་པར་རྟོག་པ་,271,ཤེར་ཕྱིན། མ།.txt
དེ་སྐད་དུ་,,རབ་ཏུ་སྨྲ་རྣམས་,8109,ཤེར་ཕྱིན། ཆ།.txt
དེ་སྐད་དུ་,,རྨི་ལམ་དང་ནི་,8162,ཤེར་ཕྱིན། ཆ།.txt
དེ་སྐད་དུ་,,རྩེ་མོར་གྱུར་པ་,2417,ཤེར་ཕྱིན། ཆ།.txt
དེ་སྐད་དུ་,,རྫས་དང་བཏགས་པའི་,1105,ཤེར་ཕྱིན། ཆ།.txt
དེ་སྐད་དུ་,,རྫོགས་པའི་བྱང་ཆུབ་,6232,ཤེར་ཕྱིན། ཆ།.txt
བཤད་པའི་གོ་རིམས་ཡིན་ལདེ་,,རིགས་དང༌ངེས་པར་,730,ཤེར་ཕྱིན། ཁ།.txt
རྟོགས་པའི་ཕྱིར་རོ་ཞེ་ནདེ་,,རིགས་པ་དང་ལྡན་,1139,ཤེར་ཕྱིན། ཉ།.txt
ནི་ཆོས་ཉིད་ཅེས་བྱ་སྟེདེ་,,རིགས་པ་དང་ལུང་,3943,ཤེར་ཕྱིན། མ།.txt
གྱིས་བདག་གྲུབ་པོ་ཞེ་ནདེ་,,རིགས་པ་མ་ཡིན་,2797,ཤེར་ཕྱིན། མ།.txt
དུ་ཁས་བླངས་པ་ཡིན་ལདེ་,,རིགས་པ་མ་ཡིན་,2387,ཤེར་ཕྱིན། ཆ།.txt
ཕན་འདོགས་པའི་ལས་ཅན་ཏེདེ་,,རིམ་བཞིན་དུ་མདོ་,510,ཤེར་ཕྱིན། ཕ།.txt
པ་གང་,,རུང་བ་སྟེདེ,1688,ཤེར་ཕྱིན། མ།.txt
མོས་པ་མེད་པར་འགྱུར་ཏེདེ་,,ལྡམ་ལྡེམ་གྱིས་བློ་,4128,ཤེར་ཕྱིན། ང་།.txt
དེ་སྐད་དུ་,,ལས་མེད་ལ་སོགས་,7015,ཤེར་ཕྱིན། ཆ།.txt
རྟོགས་པར་བྱ་སྟེདེ་སྐད་དུ་,,ལྷ་རྣམས་རུང་བར་,1992,ཤེར་ཕྱིན། ཆ།.txt
པར་འབྱེད་པ་ཞེས་བྱ་སྟེདེ་,,ལྷའི་བུ་དག་ཡི་,1549,ཤེར་ཕྱིན། ཁ།.txt
ཅད་ལ་ཐུན་མོང་ཡིན་ལདེ་,,ཤིན་ཏུ་གྲགས་པས་,35,ཤེར་ཕྱིན། ཆ།.txt
གྲུབ་པའི་ངོ་བོ་ཉིད་དེདེ་,,ཤིན་ཏུ་དབེན་པ་,1205,ཤེར་ཕྱིན། ཕ།.txt
ནི་དྲི་མ་བསྩལ་བ་སྟེདེ་,,ཤིན་ཏུ་དབེན་པའི་,4645,ཤེར་ཕྱིན། ཕ།.txt
ཉིད་ཀྱིས་རྡོ་རྗེར་གྱུར་ལདེ་,,ཤེས་དཀའ་བ་ཉིད་,2168,ཤེར་ཕྱིན། མ།.txt
རང་བཞིན་གང་ཡིན་པ་སྟེདེ་,,ཤེས་པ་ཁོ་ནའི་,6019,ཤེར་ཕྱིན། ཆ།.txt
མཚན་ཉིད་བརྗོད་པར་བྱ་སྟེདེ་,,ཤེས་པ་དང་ཁྱད་,815,ཤེར་ཕྱིན། ཉ།.txt
དེ་སྐད་དུ་,,ཤེས་པས་སྲིད་ལ་,314,ཤེར་ཕྱིན། ཆ།.txt
པ་ཉིད་ཀྱི་མཚན་ཉིད་དེདེ་,,ཤེས་པས་སྲིད་ལ་,696,ཤེར་ཕྱིན། ཉ།.txt
བསླབ་པ་ལ་བརྩོན་པ་སྟེདེ་,,ཤེས་རབ་ཀྱི་ཕ་,742,ཤེར་ཕྱིན། ཕ།.txt
དང༌སྟོང་པ་ཉིད་ཡིན་ཏེདེ་,,ཤེས་རབ་ཀྱི་ཕ་,4616,ཤེར་ཕྱིན། ཕ།.txt
མ་ཡིན་པའི་ལམ་ཡིན་ལདེ་,,ཤེས་རབ་ཀྱི་ཕ་,87,ཤེར་ཕྱིན། ཉ།.txt
དེ་སྐད་དུ་,,ཤེས་རབ་ཕ་རོལ་,271,ཤེར་ཕྱིན། ཆ།.txt
ཀྱི་དབང་དུ་མཛད་པ་ནིདེ་,,ས་གསེར་ཟླ་བ་,131,ཤེར་ཕྱིན། ཀ.txt
སྐབས་ཀྱི་ཚིགས་སུ་བཅད་པདེ་,,ས་གསེར་ཟླ་བ་,1831,ཤེར་ཕྱིན། ཇ།.txt
དེ་ལྟར་ནདེ་,,ས་གསེར་ཟླ་བ་,1841,ཤེར་ཕྱིན། ཇ།.txt
དེ་སྐད་དུ་,,ས་དགུ་འདས་ནས་,1604,ཤེར་ཕྱིན། ཆ།.txt
དེ་སྐད་དུ་,,ས་དགུ་ལ་ནི་,4338,ཤེར་ཕྱིན། ཆ།.txt
དེ་སྐད་དུ་,,ས་བཅུ་དག་ལས་,2226,ཤེར་ཕྱིན། ཆ།.txt
མ་ལོག་པའི་བསྔོ་བ་སྟེདེ་,,སྐད་ཅིག་མ་ཉིད་,646,ཤེར་ཕྱིན། ཉ།.txt
ལ་ཆོས་གང་,,སྐྱེ་བ,2097,ཤེར་ཕྱིན། ང་།.txt
གྱི་མཚན་ཉིད་བསྟན་པ་སྟེདེ་,,སྐྱེ་བ་དང་གནས་,2196,ཤེར་ཕྱིན། མ།.txt
དེ་སྐད་དུ་,,སྐྱེ་བ་དང་ནི་,6930,ཤེར་ཕྱིན། ཆ།.txt
གང་,,སྐྱེ་བའམ་འགག་པ,2747,ཤེར་ཕྱིན། ང་།.txt
དེ་སྐད་དུ་,,སྐྱོན་ནི་བཅུ་ཚན་,5284,ཤེར་ཕྱིན། ཆ།.txt
ཀྱི་སྐུ་བརྗོད་པར་བྱ་སྟེདེ་,,སྐུ་གསུམ་དུ་ཤེས་,3846,ཤེར་ཕྱིན། ཁ།.txt
ཚིག་ཅེས་བརྗོད་ནདེ་,,སྒྲའི་མཚན་ཉིད་དམསྤྱིའམ་,646,ཤེར་ཕྱིན། མ།.txt
དེ་སྐད་དུ་,,སྒྲུབ་དང་བདེན་པ་,582,ཤེར་ཕྱིན། ཆ།.txt
བསླབ་པ་ནི་གདམས་ངག་དེ་,,སྒྲུབ་དང་བདེན་པ་,3513,ཤེར་ཕྱིན། ཇ།.txt
དེ་སྐད་དུ་,,སངས་རྒྱས་བསྟན་དང་,4217,ཤེར་ཕྱིན། ཆ།.txt
ཞེས་པར་བྱ་སྟེདེ་སྐད་དུ་,,སངས་རྒྱས་བསྟན་དང་,4832,ཤེར་ཕྱིན། ཆ།.txt
དེ་སྐད་དུ་,,སངས་རྒྱས་མྱ་ངན་,2139,ཤེར་ཕྱིན། ཆ།.txt
ལས་རྣམ་པར་དག་པ་སྟེདེ་,,སངས་རྒྱས་རྟེན་དང་,3560,ཤེར་ཕྱིན། ཇ།.txt
དེ་སྐད་དུ་,,སངས་རྒྱས་རྣམས་ལ་,4822,ཤེར་ཕྱིན། ཆ།.txt
དེ་སྐད་དུ་,,སངས་རྒྱས་སྨོན་ནས་,8228,ཤེར་ཕྱིན། ཆ།.txt
དེ་སྐད་དུ་,,སངས་རྒྱས་སོགས་དམིགས་,6214,ཤེར་ཕྱིན། ཆ།.txt
བ་ལ་སོགས་པ་གསུངས་ཏེདེ་,,སྔ་མ་བཞིན་དུ་,970,ཤེར་ཕྱིན། ཕ།.txt
པའི་ངོ་བོ་ཉིད་བསྟན་ཏེདེ་,,སྙིང་རྗེའི་དབང་གིས་,805,ཤེར་ཕྱིན། ཕ།.txt
འབྲས་བུའི་ཡུལ་ཅན་ཡིན་ལདེ་,,སྟོང་གསུམ་གྱི་སྟོང་,488,ཤེར་ཕྱིན། ཀ.txt
དེ་སྐད་དུ་,,སྟོང་གསུམ་སྐྱེ་བོ་,8078,ཤེར་ཕྱིན། ཆ།.txt
བར་ཆད་མེད་པའི་ལམ་སྟེདེ་,,སྟོང་གསུམ་སྐྱེ་བོ་,3635,ཤེར་ཕྱིན། ཇ།.txt
དེ་སྐད་དུ་,,སྟོང་ཉིད་མཚན་མ་,5492,ཤེར་ཕྱིན། ཆ།.txt
ཕྱེ་ན་བསྟན་པའི་གཞུང་སྟེདེ་,,སྟོང་ཕྲག་བརྒྱ་པ་,95,ཤེར་ཕྱིན། ཇ།.txt
དེ་སྐད་དུ་,,སྡུག་བསྔལ་ལ་སོགས་,4586,ཤེར་ཕྱིན། ཆ།.txt
དེ་སྐད་དུ་,,སྤང་བར་བྱ་བའི་,1545,ཤེར་ཕྱིན། ཆ།.txt
དུ་བྱའོ་ཞེས་བྱ་བ་སྟེདེ་,,སྤྱོད་ན་སྤྱོད་དོ་,2149,ཤེར་ཕྱིན། ཕ།.txt
འཕྲུལ་གྱི་ཆོ་འཕྲུལ་སྟོན་ཏེདེ་,,སྤྲུལ་པའི་རྫུ་འཕྲུལ་,576,ཤེར་ཕྱིན། ཕ།.txt
གྲུབ་པའི་མཚན་ཉིད་ཡིན་ཏེདེ་,,སྤྲོས་པ་ཐམས་ཅད་,3009,ཤེར་ཕྱིན། ཕ།.txt
དེ་སྐད་དུ་,,སྦྱིན་དང་ཚུལ་ཁྲིམས་,1535,ཤེར་ཕྱིན། ཆ།.txt
བས་རྣམ་པ་བཞི་ཡིན་ལདེ་,,སྦྱིན་པ་ལ་སོགས་,3642,ཤེར་ཕྱིན། ཇ།.txt
དེ་སྐད་དུ་,,སྦྱིན་པ་ཤེས་རབ་,8127,ཤེར་ཕྱིན། ཆ།.txt
པའི་མངོན་པར་རྟོགས་པ་སྟེདེ་,,སྦྱིན་པ་ཤེས་རབ་,3639,ཤེར་ཕྱིན། ཇ།.txt
ཞེས་བྱ་བ་ནས་བརྩམས་ཏེསུ་,,སྦྱིན་པའི་གནས་སུ་,4669,ཤེར་ཕྱིན། ཆ།.txt
སོགས་པ་གསུངས་ཏེདེ་,,སྦྱིན་པར་མི་འདོད་,5238,ཤེར་ཕྱིན། ཆ།.txt
དེ་སྐད་དུ་,,སྦྱིན་ལ་སོགས་པ་,8137,ཤེར་ཕྱིན། ཆ།.txt
དེ་སྐད་དུ་,,སྦྱིན་ལ་སོགས་པའི་,8156,ཤེར་ཕྱིན། ཆ།.txt
དེ་སྐད་དུ་,,སྦྱིན་ལ་སོགས་ལ་,4429,ཤེར་ཕྱིན། ཆ།.txt
དེ་སྐད་དུ་,,སྨོན་ལམ་དག་ནི་,1585,ཤེར་ཕྱིན། ཆ།.txt
དེ་སྐད་དུ་,,སྲིད་དང་ཞི་བར་,7641,ཤེར་ཕྱིན། ཆ།.txt
དེ་སྐད་དུ་,,སེངྒེ་རྣམ་བསྒྱིངས་ཏིང་,7932,ཤེར་ཕྱིན། ཆ།.txt
དེ་སྐད་དུ་,,སེམས་ཅན་ཀུན་མཆོག་,1251,ཤེར་ཕྱིན། ཆ།.txt
པ་དེ་ནི་ཆེད་ཡིན་ཏེདེ་,,སེམས་ཅན་ཀུན་མཆོག་,3522,ཤེར་ཕྱིན། ཇ།.txt
དེ་སྐད་དུ་,,སེམས་ཅན་ཀུན་ཡིད་,1575,ཤེར་ཕྱིན། ཆ།.txt
ཕ་རོལ་ཏུ་ཕྱིན་པ་སྟེདེ་,,སེམས་ཅན་ཐམས་ཅད་,1985,ཤེར་ཕྱིན། ཕ།.txt
དངོས་པོ་ཡོངས་སུ་གཏོང་སྟེདེ་,,སེམས་ཅན་ཐམས་ཅད་,3726,ཤེར་ཕྱིན། ག.txt
རྟོག་པ་དགུ་པའི་དོན་ནིདེ་,,སེམས་ཅན་དེ་དག་,7630,ཤེར་ཕྱིན། ཆ།.txt
དེ་སྐད་དུ་,,སེམས་ཅན་བཏགས་དང་,8051,ཤེར་ཕྱིན། ཆ།.txt
པ་ཡིན་ནོ་ཞེསདེ་སྐད་དུ་,,སེམས་ཅན་བཏགས་པའི་,8032,ཤེར་ཕྱིན། ཆ།.txt
དེ་སྐད་དུ་,,སེམས་ཅན་འཇིག་རྟེན་,7023,ཤེར་ཕྱིན། ཆ།.txt
དེ་སྐད་དུ་,,སེམས་ནི་སྔ་མས་,6872,ཤེར་ཕྱིན། ཆ།.txt
དེ་སྐད་དུ་,,སེམས་བསྐྱེད་པ་དང་,285,ཤེར་ཕྱིན། ཆ།.txt
པ་ཉིད་བསྟན་ཏེདེ་སྐད་དུ་,,སེམས་བསྐྱེད་པ་དང་,431,ཤེར་ཕྱིན། ཇ།.txt
དེ་སྐད་དུ་,,སེམས་བསྐྱེད་པ་ནི་,412,ཤེར་ཕྱིན། ཆ།.txt
དེ་སྐད་དུ་,,སེམས་མི་འགོང་བ་,1130,ཤེར་ཕྱིན། ཆ།.txt
དེ་སྐད་དུ་,,སོ་སོའི་སྐྱེ་བོ་,7550,ཤེར་ཕྱིན། ཆ།.txt
གིས་རྣམ་པ་གསུམ་ཡིན་ལདེ་,,སོ་སོར་ཆུང་ངུའི་,2267,ཤེར་ཕྱིན། ཇ།.txt
