མཚན་བྱང་།,ཤོག་གྲངས།,1,མཆན་གྲངས།,པར་མ།,མཆན།,,,,,
མདོ་ཀུན་ལས་བཏུས་པ།,433,2,1,《པེ་》《སྣར་》,༄༅། །མདོ་ཀུན་ལས་བཏུས་པ་ཀླུ་སྒྲུབ་ཀྱིས་མཛད་པ་བཞུགས་སོ།  །,,,,,མཚན་བྱང་འདི་ཆོས་ཚན་འདིའི་མཚན་བོད་སྐད་དུ་སྨོས་པ་ལྟར་བཀོད་ཅིང་། 
,,3,2,《པེ་》,མུཙྪ་ཡང།,,,,,
,,4,3,《སྣར་》,mདེ།,,,,,
,,5,4,《པེ་》《སྣར་》,དུམྦ།,,,,,
,,6,5,《པེ་》《སྣར་》,དུམྦ།,,,,,
,434,7,1,《སྣར་》,pགི།,,,,,
,,8,2,《པེ་》《སྣར་》,དེ་ནི།,《ཅོ་》,དེས་ནི།,,,
,,9,3,《པེ་》《སྣར་》《ཅོ་》,དྲི་ང་བ།,,,,,
,,10,4,《པེ་》《སྣར་》,ལྟར།,,,,,
,,11,5,《པེ་》《སྣར་》,པ།,,,,,
,,12,6,《པེ་》《སྣར་》,གནས།,,,,,
,,13,7,《པེ་》《སྣར་》,དུམྦ།,,,,,
,,14,8,《པེ་》《སྣར་》,mདག,,,,,
,,15,9,《པེ་》《སྣར་》,བལྟམ།,,,,,
,,16,10,《པེ་》,བསྙིངས།,《སྣར་》,བརྙིངས།,,,
,,17,11,《པེ་》《སྣར་》,དུམྦ།,,,,,
,,18,12,《པེ་》《སྣར་》,mལ།,,,,,
,,19,13,《པེ་》《སྣར་》,mདག,,,,,
,,20,14,《པེ་》《སྣར་》,ཀྱིས།,,,,,
,435,21,1,《པེ་》《སྣར་》,ཀྱི།,,,,,
,,22,2,《པེ་》《སྣར་》,mཀྱང་།,,,,,
,,23,3,《པེ་》《སྣར་》,གང་།,,,,,
,,24,4,《པེ་》《སྣར་》,གག,,,,,
,,25,5,《པེ་》《སྣར་》,དུམྦ།,,,,,
,,26,6,《པེ་》《སྣར་》,mཀྱང་།,,,,,
,436,27,1,《པེ་》《སྣར་》,མི་འགྱུར་བ།,,,,,
,,28,2,《པེ་》《སྣར་》,འདི་ལྟ་ཞེ་ན།,,,,,
,,29,3,《པེ་》《སྣར་》,བྱུང་།,,,,,
,,30,4,《པེ་》《སྣར་》,mཔ་ཞིག,,,,,
,,31,5,《པེ་》《སྣར་》,རུ།,,,,,
,,32,6,《པེ་》《སྣར་》,བྱུང་།,,,,,
,,33,7,《པེ་》《སྣར་》,mཕྲག་དུ་མར་འཚོ་བ་དེ་ལོ་བརྒྱ།,,,,,
,,34,8,《སྣར་》,pདེ།,,,,,
,,35,9,《པེ་》《སྣར་》,སོ།།,,,,,
,,36,10,《པེ་》《སྣར་》,mདེ།,,,,,
,,37,11,《པེ་》《སྣར་》,pསྟེང་དུ་འབྱུང་བ།,,,,,
,,38,12,《པེ་》《སྣར་》,mདུ་དེ་བཞིན།,,,,,
,437,39,1,《པེ་》《སྣར་》,ལས།,,,,,
,,40,2,《པེ་》《སྣར་》,ནོ། །,,,,,
,,41,3,《པེ་》《སྣར་》,དེ།,,,,,
,,42,4,《པེ་》《སྣར་》,mཔ་གནས།,,,,,
,,43,5,《པེ་》《སྣར་》,mདགེ་བསྙེན་དང་།,,,,,
,,44,6,《པེ་》《སྣར་》,mམ།,,,,,
,,45,7,《པེ་》《སྣར་》,ལྐུག,,,,,
,,46,8,《པེ་》《སྣར་》,འབྱུང་།,,,,,
,,47,9,《པེ་》《སྣར་》,ལྐུག,,,,,
,438,48,1,《པེ་》《སྣར་》,mམཆོད་སྦྱིན་ཡང་མེད།,,,,,
,,49,2,《པེ་》《སྣར་》,mདེ།,,,,,
,,50,3,《པེ་》《སྣར་》,mགཞན་ཡང་།,,,,,
,,51,4,《པེ་》《སྣར་》,ནས།,,,,,
,,52,5,《པེ་》《སྣར་》,mདལ་བའི།,,,,,
,,53,6,《པེ་》《སྣར་》,ལྐུག,,,,,
,439,54,1,《པེ་》《སྣར་》,གོའི།,,,,,
,,55,2,《པེ་》《སྣར་》,mཕྱིན་ཅི།,,,,,
,,56,3,《པེ་》《སྣར་》,སྦྱོང་།,,,,,
,,57,4,《པེ་》《སྣར་》,པ།,,,,,
,,58,5,《པེ་》《སྣར་》,འབྲེང་།,,,,,
,,59,6,《པེ་》《སྣར་》,སྐྱེས་པ།,,,,,
,440,60,1,《པེ་》《སྣར་》,mབ།,,,,,
,,61,2,《པེ་》《སྣར་》,mཚུལ།,,,,,
,,62,3,《པེ་》《སྣར་》,pཔ།,,,,,
,,63,4,《པེ་》《སྣར་》,རིགས།,,,,,
,,64,5,《པེ་》《སྣར་》,mམི་བྱ་བ།,,,,,
,,65,6,《པེ་》《སྣར་》《ཅོ་》,རྒྱུ་བ་ཆད།,,,,,
,441,66,1,《པེ་》《སྣར་》《ཅོ་》,བྱང་།,,,,,
,,67,2,《པེ་》《སྣར་》,ལྟར།,,,,,
,,68,3,《པེ་》《སྣར་》,རྟོག,,,,,
,,69,4,《པེ་》《སྣར་》,mམངོན་པར།,,,,,
,442,70,1,《པེ་》《སྣར་》,པའོ།།,,,,,
,,71,2,《པེ་》《སྣར་》,mདང་།,,,,,
,,72,3,《པེ་》《སྣར་》,གྱིས།,,,,,
,,73,4,《པེ་》《སྣར་》,གྱིས།,,,,,
,,74,5,《པེ་》《སྣར་》,mདང་།,,,,,
,,75,6,《པེ་》《སྣར་》,ནས།,,,,,
,,76,7,《པེ་》《སྣར་》,གཟུང་།,,,,,
,,77,8,《པེ་》《སྣར་》,དེ་དག,,,,,
,,78,9,《པེ་》《སྣར་》,mཡང་དག་པར་ཞུགས་པ།,,,,,
,,79,10,《པེ་》《སྣར་》,བརྒལ།,,,,,
,,80,11,《པེ་》《སྣར་》,mདང་།,,,,,
,443,81,1,《པེ་》《སྣར་》,གཉེས།,,,,,
,,82,2,《པེ་》《སྣར་》,mཅན།,,,,,
,444,83,1,《པེ་》《སྣར་》,mགཅིག,,,,,
,,84,2,《པེ་》《སྣར་》,mརྫོགས་པར།,,,,,
,,85,3,《པེ་》《སྣར་》,mཀྱིས་ལུང་བསྟན་པ།,,,,,
,,86,4,《པེ་》《སྣར་》,པ།,,,,,
,445,87,1,《པེ་》《སྣར་》,འདི།,,,,,
,,88,2,《སྣར་》,mན།,,,,,
,,89,3,《པེ་》《སྣར་》,བུ་ཡིན་ནོ།,,,,,
,,90,4,《པེ་》《སྣར་》,བསྲེག་པས།,,,,,
,,91,5,《པེ་》《སྣར་》,བསྒྲུབས།,,,,,
,,92,6,《པེ་》《སྣར་》,འདོད།,,,,,
,,93,7,《པེ་》《སྣར་》,སྙེད།,,,,,
,,94,8,《པེ་》《སྣར་》,mདང་།,,,,,
,,95,9,《པེ་》《སྣར་》,mའདི་ལྟ་སྟེ།,,,,,
,,96,10,《པེ་》《སྣར་》,དེ།,,,,,
,446,97,1,《པེ་》《སྣར་》,བཟུང་།,,,,,
,,98,2,《པེ་》《སྣར་》,mམམ།,,,,,
,,99,3,《པེ་》《སྣར་》,pབསགས།,,,,,
,447,100,1,《པེ་》《སྣར་》,པའི།,,,,,
,,101,2,《པེ་》《སྣར་》,གིས།,,,,,
,,102,3,《པེ་》《སྣར་》,ལ།,,,,,
,,103,4,《པེ་》《སྣར་》,mཉན་ཐོས་དང་།,,,,,
,448,104,1,《པེ་》《སྣར་》,མ།,,,,,
,,105,2,《པེ་》《སྣར་》,བཟློག,,,,,
,,106,3,《པེ་》《སྣར་》,དེ།,,,,,
,,107,4,《པེ་》《སྣར་》,mདང་།,,,,,
,,108,5,《སྣར་》,འབྱུང་།,,,,,
,,109,6,《པེ་》《སྣར་》,འདའ།,,,,,
,449,110,1,《པེ་》,ཆད།,,,,,
,,111,2,《པེ་》《སྣར་》,བྱེད།,,,,,
,,112,3,《པེ་》《སྣར་》,ཕྲུག,,,,,
,,113,4,《པེ་》《སྣར་》,ཕྲུག,,,,,
,,114,5,《པེ་》《སྣར་》,mདྲི་དེ།,,,,,
,,115,6,《སྣར་》,ཕྲུག,,,,,
,,116,7,《པེ་》《སྣར་》,ཕུར།,,,,,
,450,117,1,《པེ་》《སྣར་》,མནོན།,,,,,
,,118,2,《སྣར་》,དགའ།,,,,,
,,119,3,《པེ་》《སྣར་》《ཅོ་》,pདགའ།,,,,,
,451,120,1,《པེ་》《སྣར་》,mདང་།,,,,,
,,121,2,《པེ་》《སྣར་》,ཅིག,,,,,
,,122,3,《པེ་》《སྣར་》,ཆད།,,,,,
,452,123,1,《པེ་》《སྣར་》,དཔའ།,,,,,
,,124,2,《པེ་》《སྣར་》,པའི།,,,,,
,,125,3,《པེ་》《སྣར་》,ཤཱ།,,,,,
,,126,4,《པེ་》《སྣར་》,སྐམས།,,,,,
,453,127,1,《པེ་》《སྣར་》,བྱིན།,,,,,
,,128,2,《པེ་》,ལས།,,,,,
,,129,3,《པེ་》《སྣར་》,གཅིག,,,,,
,,130,4,《པེ་》《སྣར་》,རྩྭའི།,,,,,
,,131,5,《པེ་》《སྣར་》,བསྟན།,,,,,
,,132,6,《པེ་》《སྣར་》,mཔ།,,,,,
,,133,7,《པེ་》《སྣར་》,པ།,,,,,
,454,134,1,《པེ་》《སྣར་》,mགིས་བྱང་ཆུབ་སེམས་་་་་་བརྒྱའི་ཆར་ཡང་།,,,,,
,,135,2,《པེ་》《སྣར་》,བས།,,,,,
,,136,3,《པེ་》《སྣར་》,གྱི།,,,,,
,,137,4,《པེ་》《སྣར་》,འབེབས།,,,,,
,455,138,1,《པེ་》《སྣར་》,དཔའི།,,,,,
,,139,2,《པེ་》《སྣར་》,དཔའི།,,,,,
,,140,3,《སྣར་》,བསྒྱུར།,,,,,
,,141,4,《པེ་》《སྣར་》,mལ།,,,,,
,,142,5,《སྣར་》,དཔའི།,,,,,
,,143,6,《པེ་》《སྣར་》,pནི།,,,,,
,,144,7,《པེ་》《སྣར་》,སྐྱེས།,,,,,
,456,145,1,《པེ་》《སྣར་》,བརྩོལ།,,,,,
,,146,2,《ཅོ་》,གཞོག་པར།,,,,,
,,147,3,《ཅོ་》,གཞོག་པར།,,,,,
,,148,4,《པེ་》《སྣར་》《ཅོ་》,པོའོ།།,,,,,
,457,149,1,《པེ་》《སྣར་》,mདུ།,,,,,
,,150,2,《པེ་》《སྣར་》,གཟུང་བའི།,,,,,
,,151,3,《པེ་》《སྣར་》,བ།,,,,,
,458,152,1,《པེ་》《སྣར་》,mདབུགས།,,,,,
,,153,2,《པེ་》《སྣར་》,pརོ།།,,,,,
,,154,3,《པེ་》《སྣར་》,པས་བཅིངས་པས།,,,,,
,,155,4,《པེ་》《སྣར་》,འདས་པའི།,,,,,
,,156,5,《པེ་》《སྣར་》,mདེ།,,,,,
,,157,6,《པེ་》《སྣར་》,pརྡུལ་གྱི།,,,,,
,459,158,1,《པེ་》《སྣར་》,པས།,,,,,
,,159,2,《པེ་》《སྣར་》《ཅོ་》,གཅིག,,,,,
,,160,3,《པེ་》《སྣར་》,བསྐྱེད།,,,,,
,,161,4,《པེ་》《སྣར་》,mརྡུལ་ཕྲ་རབ་ཀྱི།,,,,,
,,162,5,《པེ་》《སྣར་》,གཅིག,,,,,
,,163,6,《པེ་》《སྣར་》,བསྐྱེད།,,,,,
,,164,7,《པེ་》《སྣར་》,འབྲེང་།,,,,,
,,165,8,《པེ་》《སྣར་》,འབྲེང་།,,,,,
,,166,9,《པེ་》《སྣར་》,mཕྱིར་འོང་བ་དང་།,,,,,
,,167,10,《ཅོ་》,pསྟེ།,,,,,
,,168,11,《པེ་》《སྣར་》,mཉན་ཐོས་ཀྱི།,,,,,
,,169,12,《པེ་》《སྣར་》,པར།,,,,,
,,170,13,《པེ་》《སྣར་》,pགྱི་ཁམས།,,,,,
,460,171,1,《པེ་》《སྣར་》,དོ།།,,,,,
,,172,2,《པེ་》《སྣར་》,བསྐྱེད།,,,,,
,,173,3,《པེ་》《སྣར་》,ལ།,,,,,
,,174,4,《པེ་》《སྣར་》,mབོ།,,,,,
,,175,5,《པེ་》《སྣར་》,ཤོལ།,,,,,
,,176,6,《པེ་》《སྣར་》,སེམས་ཅན་སེམས་ཅན།,,,,,
,,177,7,《པེ་》《སྣར་》,དགལ།,,,,,
,,178,8,《པེ་》《སྣར་》,གིས།,,,,,
,,179,9,《པེ་》《སྣར་》,ཉམས།,,,,,
,,180,10,《པེ་》《སྣར་》,བསྐྱེད།,,,,,
,461,181,1,《པེ་》《སྣར་》,mགཞན།,,,,,
,,182,2,《པེ་》《སྣར་》,མཐོངས་པ་དེ།,,,,,
,,183,3,《པེ་》《སྣར་》,པ་བསྐྱེད།,,,,,
,,184,4,《པེ་》《སྣར་》,གི།,,,,,
,,185,5,《པེ་》《སྣར་》《ཅོ་》,བས།,,,,,
,,186,6,《པེ་》《སྣར་》,བསྐྱེད།,,,,,
,,187,7,《པེ་》《སྣར་》,པའི།,,,,,
,,188,8,《པེ་》《སྣར་》,རྒྱ་བ།,,,,,
,,189,9,《པེ་》《སྣར་》,རྨས།,,,,,
,,190,10,《པེ་》《སྣར་》,གྱིས།,,,,,
,,191,11,《པེ་》《སྣར་》,རྨས།,,,,,
,,192,12,《པེ་》《སྣར་》,དཔའ།,,,,,
,462,193,1,《པེ་》《སྣར་》,བཟོད།,,,,,
,,194,2,《པེ་》《སྣར་》,པ།,,,,,
,,195,3,《པེ་》《སྣར་》,པར།,,,,,
,,196,4,《པེ་》《སྣར་》,mཀྱི།,,,,,
,,197,5,《པེ་》《སྣར་》,བརྟག,,,,,
,,198,6,《པེ་》《སྣར་》,mདེ་དག་གི།,,,,,
,,199,7,《པེ་》《སྣར་》,བསྐྱེད།,,,,,
,463,200,1,《པེ་》《སྣར་》,པར།,,,,,
,,201,2,《པེ་》《སྣར་》,པར་བསྐྱེད།,,,,,
,,202,3,《པེ་》《སྣར་》,སྐྱེད།,,,,,
,,203,4,《པེ་》,གི།,,,,,
,,204,5,《པེ་》,པ་བས་སྟོན་པ།,《སྣར་》,བས་སྟོན་པ།,,,
,,205,6,《པེ་》《སྣར་》,ཞིག་ལ་མི་བརྟེན།,,,,,
,,206,7,《པེ་》《སྣར་》,བསྐྱེད།,,,,,
,,207,8,《པེ་》《སྣར་》,དང་། དད་པ།,,,,,
,,208,9,《པེ་》《སྣར་》,mརང་།,,,,,
,,209,10,《པེ་》《སྣར་》,གཞན།,,,,,
,,210,11,《པེ་》《སྣར་》,ལ།,,,,,
,464,211,1,《པེ་》《སྣར་》,mཆེས།,,,,,
,,212,2,《པེ་》《སྣར་》,པར།,,,,,
,,213,3,《པེ་》《སྣར་》,བསྐྱེད།,,,,,
,,214,4,《པེ་》《སྣར་》,mཀྱི།,,,,,
,,215,5,《པེ་》《སྣར་》,mདུ།,,,,,
,,216,6,《པེ་》《སྣར་》,པར།,,,,,
,,217,7,《པེ་》《སྣར་》,pགང་ལ་ལ་ཞིག་ཆེས་གྲངས་མེད་པར་བསྐྱེད་དོ།།,,,,,
,,218,8,《པེ་》《སྣར་》,བསྐྱེད།,,,,,
,465,219,1,《པེ་》《སྣར་》,pལྔ།,,,,,
,466,220,1,《པེ་》《སྣར་》,mཡང་བརྗོད་དུ་མེད་པའི།,,,,,
,,221,2,《པེ་》《སྣར་》,བརྟེན།,,,,,
,,222,3,《པེ་》《སྣར་》,mདང་།,,,,,
,,223,4,《པེ་》《སྣར་》,བརྟེན།,,,,,
,,224,5,《པེ་》《སྣར་》,mལ།,,,,,
,,225,6,《པེ་》《སྣར་》,mལས།,,,,,
,,226,7,《པེ་》《སྣར་》,བསྒོམ།,,,,,
,,227,8,《པེ་》《སྣར་》,ཅིང་།,,,,,
,,228,9,《པེ་》《སྣར་》,mགང་།,,,,,
,,229,10,《པེ་》《སྣར་》,mདུ།,,,,,
,,230,11,《པེ་》《སྣར་》,པ།,,,,,
,467,231,1,《པེ་》《སྣར་》,བུར།,,,,,
,,232,2,《པེ་》《སྣར་》,ཐོག,,,,,
,,233,3,《པེ་》《སྣར་》,mགིས།,,,,,
,,234,4,《པེ་》《སྣར་》,བརྟེན།,,,,,
,,235,5,《པེ་》《སྣར་》,འདས།,,,,,
,,236,6,《པེ་》《སྣར་》,ཐོག་སྟེ།,,,,,
,,237,7,《པེ་》《སྣར་》,mམི།,,,,,
,,238,8,《པེ་》《སྣར་》,རྟེན།,,,,,
,468,239,1,《པེ་》《སྣར་》,དེས།,,,,,
,,240,2,《པེ་》,གྱིས།,,,,,
,,241,3,《པེ་》《སྣར་》,mའཇིག་རྟེན་གྱི།,,,,,
,,242,4,《པེ་》《སྣར་》,mབ།,,,,,
,,243,5,《པེ་》《སྣར་》,བ།,,,,,
,,244,6,《པེ་》《སྣར་》,mབ།,,,,,
,,245,7,《པེ་》《སྣར་》,གྱི།,,,,,
,469,246,1,《པེ་》《སྣར་》,པར།,,,,,
,,247,2,《པེ་》《སྣར་》,mསྩོགས།,,,,,
,,248,3,《པེ་》,pའདི་ལ་རི་མོ།,,,,,
,,249,4,《པེ་》《སྣར་》,ཀྱི།,,,,,
,,250,5,《པེ་》《སྣར་》,ཤཱ།,,,,,
,,251,6,《པེ་》《སྣར་》,ཤཱ།,,,,,
,,252,7,《པེ་》《སྣར་》,དེ།,,,,,
,,253,8,《པེ་》《སྣར་》,བྱུང་།,,,,,
,,254,9,《པེ་》《སྣར་》,བྱ་བ།,,,,,
,470,255,1,《པེ་》《སྣར་》,ལ།,《ཅོ་》,ལ་མི།,,,
,,256,2,《པེ་》《སྣར་》,དེ།,,,,,
,,257,3,《པེ་》《སྣར་》,mལ།,,,,,
,,258,4,《པེ་》,mའདོད་པ།,,,,,
,471,259,1,《པེ་》《སྣར་》,ཀྱི།,,,,,
,,260,2,《ཅོ་》,mལ།,,,,,
,472,261,1,《པེ་》《སྣར་》,བརྟན།,,,,,
,,262,2,《པེ་》《སྣར་》,འདོད་པ།,,,,,
,,263,3,《པེ་》《སྣར་》,བསྐྱེད།,,,,,
,473,264,1,《པེ་》《སྣར་》,འཚོལ།,,,,,
,,265,2,《པེ་》《སྣར་》《ཅོ་》,དགོས།,,,,,
,,266,3,《པེ་》《སྣར་》,mཆེ་བ་དང་། ལོངས་སྤྱོད།,,,,,
,,267,4,《པེ་》《སྣར་》,ཀྱི།,,,,,
,,268,5,《པེ་》《སྣར་》,བརྩལ།,,,,,
,474,269,1,《པེ་》《སྣར་》,སྐྲག,,,,,
,,270,2,《པེ་》《སྣར་》,ཉམས།,,,,,
,,271,3,《པེ་》《སྣར་》,རྩྭས།,,,,,
,,272,4,《པེ་》《སྣར་》,བརྩལ།,,,,,
,,273,5,《པེ་》《སྣར་》,ཉམས།,,,,,
,,274,6,《པེ་》《སྣར་》,mང་།,,,,,
,,275,7,《པེ་》《སྣར་》,བསྟན།,,,,,
,,276,8,《པེ་》《སྣར་》,གྱི།,,,,,
,,277,9,《པེ་》《སྣར་》,mཁྱིམ་པ།,,,,,
,,278,10,《པེ་》《སྣར་》,ཀྱི།,,,,,
,,279,11,《པེ་》《སྣར་》,པ།,,,,,
,,280,12,《པེ་》《སྣར་》,mཚོལ་གྱི་མི་མཐུན་པས།,,,,,
,,281,13,《པེ་》《སྣར་》,ཚོལ་བ་ཡིན་གྱི་ལོག་པས་ཚོལ།,,,,,
,,282,14,《པེ་》《སྣར་》,ཀྱི།,,,,,
,,283,15,《པེ་》《སྣར་》,pདང་།,,,,,
,475,284,1,《པེ་》《སྣར་》,དེ།,,,,,
,,285,2,《པེ་》《སྣར་》,mདང་།,,,,,
,,286,3,《པེ་》《སྣར་》,mདུ།,,,,,
,,287,4,《པེ་》《སྣར་》,གན།,,,,,
,476,288,1,《པེ་》《སྣར་》,མའི།,,,,,
,,289,2,《པེ་》《སྣར་》,pམི།,,,,,
,,290,3,《པེ་》《སྣར་》,pའདི།,,,,,
,,291,4,《པེ་》《སྣར་》,བསྐྱེད།,,,,,
,,292,5,《པེ་》《སྣར་》,དམ།,,,,,
,,293,6,《པེ་》《སྣར་》,ལྷུང་།,,,,,
,,294,7,《སྣར་》,གཟུང་།,,,,,
,,295,8,《པེ་》《སྣར་》,གླུབས།,,,,,
,,296,9,《པེ་》《སྣར་》《ཅོ་》,སྦྱོར།,,,,,
,477,297,1,《པེ་》《སྣར་》,ཀྱིས།,,,,,
,,298,2,《པེ་》《སྣར་》,བསྒྲོད།,,,,,
,,299,3,《པེ་》《སྣར་》,ས་ལའི།,,,,,
,,300,4,《པེ་》《སྣར་》,སྦྱོང་།,,,,,
,,301,5,《པེ་》《སྣར་》,པས།,,,,,
,,302,6,《པེ་》《སྣར་》,བརྩོག,,,,,
,,303,7,《པེ་》《སྣར་》,རྣམ།,,,,,
,,304,8,《པེ་》《སྣར་》,mསྨད་པར་འོས་པ།,,,,,
,,305,9,《པེ་》《སྣར་》,པོ།,,,,,
,,306,10,《པེ་》《སྣར་》,མཁོལ།,,,,,
,,307,11,《པེ་》《སྣར་》,སྣག་དང་།ཤ,,,,,
,,308,12,《པེ་》《སྣར་》,mམ།,,,,,
,478,309,1,《པེ་》《སྣར་》,མ་རི།,《ཅོ་》,མའི།,,,
,,310,2,《པེ་》《སྣར་》,སྐྱེད་པ།,,,,,
,,311,3,《པེ་》《སྣར་》,སྩལ།,,,,,
,,312,4,《པེ་》《སྣར་》,pབ།,,,,,
,,313,5,《པེ་》,ཛམྦུ།,,,,,
,,314,6,《པེ་》《སྣར་》,pང་།,,,,,
,,315,7,《པེ་》《སྣར་》,mགང་།,,,,,
,,316,8,《པེ་》《སྣར་》,pཡང་།,,,,,
,479,317,1,《པེ་》,བཏབས།,,,,,
,,318,2,《པེ་》《སྣར་》,mལ།,,,,,
,,319,3,《སྣར་》,ཕྱི།,,,,,
,,320,4,《པེ་》《སྣར་》,བ་སྟེན་པར་བྱེད།,,,,,
,,321,5,《པེ་》《སྣར་》,ལྟུང་།,,,,,
,,322,6,《པེ་》《སྣར་》,འདི།,,,,,
,,323,7,《པེ་》《སྣར་》,རྟོག,,,,,
,,324,8,《པེ་》《སྣར་》,ན།,,,,,
,,325,9,《པེ་》《སྣར་》,པའི།,,,,,
,,326,10,《པེ་》《སྣར་》,བསྒྲུབ།,,,,,
,,327,11,《པེ་》《སྣར་》,mཔ།,,,,,
,,328,12,《སྣར་》,སྲུངས།,,,,,
,,329,13,《པེ་》,ཚམ་ཞིག་བདག་གི།,《སྣར་》,ཚམ་ཤིག་བདག་གི།,,,
,,330,14,《པེ་》《སྣར་》,mཡང་།,,,,,
,480,331,1,《པེ་》《སྣར་》,པར།,,,,,
,,332,2,《པེ་》《སྣར་》,བསྲེག,,,,,
,,333,3,《པེ་》《སྣར་》,བླུགས།,,,,,
,,334,4,《པེ་》《སྣར་》,ཟུག,,,,,
,,335,5,《པེ་》《སྣར་》,ཁམས།,,,,,
,,336,6,《པེ་》《སྣར་》,mནས།,,,,,
,,337,7,《པེ་》《སྣར་》,mབཅད།,,,,,
,,338,8,《པེ་》《སྣར་》,mདེ།,,,,,
,,339,9,《པེ་》《སྣར་》,pཚིགས།,,,,,
,,340,10,《པེ་》《སྣར་》,བཏུབས།,,,,,
,481,341,1,《པེ་》《སྣར་》,mཔ།,,,,,
,,342,2,《པེ་》《སྣར་》,གཟུང་།,,,,,
,,343,3,《པེ་》《སྣར་》,mདེ།,,,,,
,,344,4,《པེ་》《སྣར་》,རླུང་།,,,,,
,,345,5,《པེ་》《སྣར་》,mཕྱེད་ནི་བྱུང་།,,,,,
,,346,6,《པེ་》《སྣར་》,རླུང་།,,,,,
,,347,7,《པེ་》《སྣར་》,ཉམ།,,,,,
,,348,8,《པེ་》《སྣར་》,རླུང་།,,,,,
,,349,9,《པེ་》《སྣར་》,ཀྱིས།,,,,,
,,350,10,《པེ་》《སྣར་》,mདེ།,,,,,
,,351,11,《པེ་》《སྣར་》,ཀྱིས།,,,,,
,,352,12,《པེ་》《སྣར་》,ལ་གཟུང་།,,,,,
,,353,13,《པེ་》《སྣར་》,ཆ།,,,,,
,,354,14,《པེ་》《སྣར་》,mདེ།,,,,,
,,355,15,《པེ་》《སྣར་》,རླུང་།,,,,,
,,356,16,《པེ་》《སྣར་》,དེས།,,,,,
,482,357,1,《པེ་》《སྣར་》,mཐར་ཏེ།,,,,,
,,358,2,《པེ་》《སྣར་》,ཀྱི།,,,,,
,,359,3,《པེ་》《སྣར་》,mཀྱང་།,,,,,
,,360,4,《པེ་》《སྣར་》,སླས།,,,,,
,,361,5,《པེ་》《སྣར་》,ཞོས།,,,,,
,,362,6,《སྣར་》,ང་།,,,,,
,483,363,1,《པེ་》《སྣར་》,pདང་།,,,,,
,,364,2,《པེ་》《སྣར་》,འདྲུལ་པ།,,,,,
,,365,3,《པེ་》《སྣར་》,པ།,,,,,
,,366,4,《པེ་》,འཁྲེགས།,,,,,
,,367,5,《པེ་》《སྣར་》,ཟློག,,,,,
,,368,6,《པེ་》《སྣར་》,བླ།,,,,,
,,369,7,《པེ་》《སྣར་》,པ།,,,,,
,,370,8,《པེ་》《སྣར་》,པར།,,,,,
,,371,9,《སྣར་》,ཟློག,,,,,
,,372,10,《པེ་》《སྣར་》,བླ།,,,,,
,484,373,1,《པེ་》《སྣར་》,གཟུང་།,,,,,
,,374,2,《པེ་》《སྣར་》,mབཤེས་ནི་མེད།,,,,,
,,375,3,《པེ་》《སྣར་》,སྐམས།,,,,,
,,376,4,《པེ་》《སྣར་》,pསོ།,,,,,
,,377,5,《པེ་》《སྣར་》,འགྱུར།,,,,,
,,378,6,《པེ་》,སྟེ།,,,,,
,,379,7,《པེ་》《སྣར་》,བརྩེགས།,,,,,
,,380,8,《པེ་》《སྣར་》,ནས།,,,,,
,,381,9,《པེ་》《སྣར་》,pདེ།,,,,,
,485,382,1,《པེ་》《སྣར་》,པོ་དེ།,,,,,
,,383,2,《པེ་》《སྣར་》,གཏུག,,,,,
,,384,3,《པེ་》《སྣར་》,བདས།,,,,,
,,385,4,《པེ་》《སྣར་》,ཕ།,,,,,
,,386,5,《པེ་》《སྣར་》,མ།,,,,,
,,387,6,《པེ་》,ནི།,,,,,
,,388,7,《པེ་》《སྣར་》,པ།,,,,,
,,389,8,《པེ་》,ཀྱི།,,,,,
,,390,9,《པེ་》《སྣར་》,ལྟ།,,,,,
,,391,10,《པེ་》,སྐྲགས།,,,,,
,,392,11,《སྣར་》,ཆེག་རྣར།,,,,,
,,393,12,《ཅོ་》,mནི།,,,,,
,,394,13,《པེ་》《སྣར་》,mའདི།,,,,,
,,395,14,《ཅོ་》,བྱས་ཏེ།,,,,,
,486,396,1,《ཅོ་》,pཀྱང་།,,,,,
,,397,2,《པེ་》《སྣར་》,སྐོམས།,,,,,
,,398,3,《པེ་》《སྣར་》,pཔ།,,,,,
,,399,4,《པེ་》《སྣར་》,pནི།,,,,,
,,400,5,《པེ་》《སྣར་》,པོས་ནི།,,,,,
,,401,6,《པེ་》《སྣར་》,ནི་ཆལ་པར་བཀང་།,《སྣར་》,ན་འཆལ་པར་བཀང་།,,,
,,402,7,《པེ་》《སྣར་》,གྱིས་ནི་བདུགས།,,,,,
,,403,8,《པེ་》《སྣར་》,པྲ།,,,,,
,,404,9,《པེ་》《སྣར་》,ལིངྒ་པའི།,,,,,
,487,405,1,《པེ་》《སྣར་》,བཏིང་།,,,,,
,,406,2,《པེ་》《སྣར་》,pབ།,,,,,
,,407,3,《པེ་》《སྣར་》,འཁར།,,,,,
,,408,4,《པེ་》《སྣར་》,བསྒྲེངས།,,,,,
,,409,5,《པེ་》《སྣར་》,ཏཱ།,,,,,
,,410,6,《པེ་》《སྣར་》,གཡབ།,,,,,
,,411,7,《པེ་》《སྣར་》,pཔ།,,,,,
,,412,8,《པེ་》《སྣར་》,འཕོག,,,,,
,,413,9,《པེ་》《སྣར་》,པར།,,,,,
,,414,10,《པེ་》《སྣར་》,བུ་ཕོ།,,,,,
,,415,11,《པེ་》《སྣར་》,pལྷོ།,,,,,
,488,416,1,《པེ་》《སྣར་》,བྱ་སྟེ།,,,,,
,,417,2,《པེ་》《སྣར་》,མཐོར།,,,,,
,,418,3,《པེ་》《སྣར་》,འཇིག,,,,,
,,419,4,《པེ་》《སྣར་》,འདྲུལ་པ།,,,,,
,,420,5,《པེ་》《སྣར་》,mའགྱེས་པ།,,,,,
,,421,6,《པེ་》《སྣར་》,mཆེན་པོ།,,,,,
,,422,7,《པེ་》《སྣར་》,བལྟ།,,,,,
,,423,8,《པེ་》《སྣར་》,བལྟ།,,,,,
,,424,9,《པེ་》《སྣར་》,པ།,,,,,
,,425,10,《པེ་》《སྣར་》,mདང་།,,,,,
,,426,11,《པེ་》《སྣར་》,mདང་།,,,,,
,,427,12,《པེ་》《སྣར་》,པ།,,,,,
,,428,13,《པེ་》《སྣར་》,སྒོམ།,,,,,
,489,429,1,《པེ་》《སྣར་》,ག,,,,,
,,430,2,《པེ་》《སྣར་》《ཅོ་》,ཀླད།,,,,,
,,431,3,《པེ་》《སྣར་》,ཀླད་རྒྱ།,《ཅོ་》,ཀླད་རྒྱས།,,,
,,432,4,《པེ་》《སྣར་》,ཀྱིས་སེམས།,,,,,
,,433,5,《པེ་》《སྣར་》,pནི།,,,,,
,,434,6,《པེ་》《སྣར་》,བ།,,,,,
,490,435,1,《པེ་》《སྣར་》,pམ།,,,,,
,,436,2,《པེ་》《སྣར་》,ག,,,,,
,,437,3,《པེ་》《སྣར་》,གཉེན།,,,,,
,,438,4,《པེ་》《སྣར་》,མ།,,,,,
,,439,5,《པེ་》《སྣར་》,ཕྱིས།,,,,,
,,440,6,《པེ་》《སྣར་》,རྒྱ།,,,,,
,,441,7,《པེ་》《སྣར་》,རྡུལ།,,,,,
,,442,8,《པེ་》《སྣར་》,ལྤགས།,,,,,
,,443,9,《པེ་》《སྣར་》,པར།,,,,,
,,444,10,《པེ་》《སྣར་》,ས།,,,,,
,,445,11,《པེ་》《སྣར་》,རྟོགས་ཏེ།,,,,,
,,446,12,《པེ་》《སྣར་》,ས།,,,,,
,,447,13,《སྣར་》,གར།,,,,,
,,448,14,《པེ་》《སྣར་》,ཀླད།,,,,,
,491,449,1,《པེ་》《སྣར་》,mཤིག,,,,,
,,450,2,《པེ་》《སྣར་》,དཔའ།,,,,,
,,451,3,《པེ་》《སྣར་》,བྱུང་།,,,,,
,,452,4,《པེ་》《སྣར་》,ཁམས།,,,,,
,,453,5,《པེ་》《སྣར་》,ཁམས།,,,,,
,,454,6,《པེ་》《སྣར་》,དོ།།,,,,,
,,455,7,《པེ་》《སྣར་》,སྔོན།,,,,,
,,456,8,《པེ་》《སྣར་》,གི།,,,,,
,,457,9,《པེ་》《སྣར་》,ཏུ།,,,,,
,,458,10,《པེ་》《སྣར་》,བོ།,,,,,
,,459,11,《པེ་》《སྣར་》,པོ།,,,,,
,492,460,1,《སྣར་》,སྒྲའི།,,,,,
,,461,2,《པེ་》《སྣར་》,ཅ་བྱི།,,,,,
,,462,3,《པེ་》《སྣར་》,ལི་ཅ་བྱི།,,,,,
,,463,4,《པེ་》,mའདི་ལྟར་མི་རྟག་པ།,,,,,
,,464,5,《པེ་》《སྣར་》,mའདི་ལྟར་སྙིང་པོ་མེད་པ།,,,,,
,,465,6,《པེ་》《སྣར་》,mའདི་ལྟར་ཡུན་ཐུང་བ།,,,,,
,,466,7,《པེ་》《སྣར་》,བས་ཏེ།,,,,,
,493,467,1,《པེ་》《སྣར་》,pདེ།,,,,,
,,468,2,《པེ་》《སྣར་》,ཆུ་ཟླ།,,,,,
,,469,3,《པེ་》《སྣར་》,བེམ།,,,,,
,,470,4,《པེ་》《སྣར་》,པས།,,,,,
,494,471,1,《པེ་》《སྣར་》,mདེ།,,,,,
,,472,2,《པེ་》《སྣར་》,པར།,,,,,
,,473,3,《པེ་》《སྣར་》,རིགས།,,,,,
,,474,4,《པེ་》,བསྡུད།,,,,,
,,475,5,《པེ་》《སྣར་》,སྐྱེད།,,,,,
,495,476,1,《པེ་》《སྣར་》,རིས།,,,,,
,,477,2,《པེ་》《སྣར་》,mཁྲོ་བ།,,,,,
,,478,3,《པེ་》《སྣར་》,ཀྱི།,,,,,
,,479,4,《པེ་》《སྣར་》,pཁྲོ།,,,,,
,,480,5,《པེ་》《སྣར་》,བསྒྲུབ།,,,,,
,496,481,1,《པེ་》《སྣར་》,ལས།,,,,,
,,482,2,《པེ་》《སྣར་》,pཔ།,,,,,
,,483,3,《སྣར་》,mཔོ།,,,,,
,,484,4,《པེ་》《སྣར་》,བསྲུང་།,,,,,
,,485,5,《པེ་》《སྣར་》,དམང་།,,,,,
,497,486,1,《པེ་》《སྣར་》,ཀྱི།,,,,,
,,487,2,《སྣར་》,mཔ།,,,,,
,,488,3,《པེ་》《སྣར་》,ཕྲོག,,,,,
,,489,4,《པེ་》《སྣར་》,mཉིད།,,,,,
,,490,5,《པེ་》《སྣར་》,འཕངས་པར།,,,,,
,,491,6,《པེ་》《སྣར་》,གྲག,,,,,
,,492,7,《པེ་》《སྣར་》,ཉིད།,,,,,
,,493,8,《པེ་》,གཏན་ཏུ་སྐོམ།,《སྣར་》,གཏན་ཏུ་བསྐོམ།,,,
,,494,9,《པེ་》《སྣར་》,གི།,,,,,
,498,495,1,《པེ་》《སྣར་》,སྐམ།,,,,,
,,496,2,《པེ་》《སྣར་》,སྐྱག་གིས།,,,,,
,,497,3,《པེ་》《སྣར་》,ཕྲད།,,,,,
,,498,4,《པེ་》《སྣར་》,ཕྱོགས།,,,,,
,,499,5,《སྣར་》,དང་།,,,,,
,,500,6,《པེ་》《སྣར་》,འཇུག,,,,,
,,501,7,《པེ་》《སྣར་》,mདུ།,,,,,
,,502,8,《པེ་》《སྣར་》,ཐོ།,,,,,
,,503,9,《པེ་》《སྣར་》,ཟད།,,,,,
,,504,10,《པེ་》《སྣར་》,ངན།,,,,,
,,505,11,《པེ་》《སྣར་》,ནས།,,,,,
,,506,12,《པེ་》《སྣར་》,བསྲེག,,,,,
,,507,13,《པེ་》《སྣར་》,དེ་ནས།,,,,,
,,508,14,《པེ་》《སྣར་》,དགུའི།,,,,,
,,509,15,《པེ་》《སྣར་》,འབྱུང་།,,,,,
,,510,16,《པེ་》《སྣར་》,ངན།,,,,,
,,511,17,《པེ་》《སྣར་》,mདེ།,,,,,
,,512,18,《པེ་》《སྣར་》,བསྲེག་ཅིང་དེ།,,,,,
,,513,19,《པེ་》《སྣར་》,དེ།,,,,,
,499,514,1,《པེ་》《སྣར་》,mནས།,,,,,
,,515,2,《སྣར་》,mདེ།,,,,,
,,516,3,《པེ་》,མིག,,,,,
,,517,4,《པེ་》《སྣར་》,mལྟུང་བའི།,,,,,
,,518,5,《པེ་》《སྣར་》,བ།,,,,,
,,519,6,《པེ་》《སྣར་》,བ།,,,,,
,,520,7,《པེ་》《སྣར་》,རྩ་བའི་ལྟུང་།,,,,,
,,521,8,《པེ་》《སྣར་》,།། །།,,,,,
,,522,9,《པེ་》《སྣར་》,འོག,,,,,
,,523,10,《པེ་》《སྣར་》,རྩ་བའི་ལྟུང་།,,,,,
,,524,11,《པེ་》《སྣར་》,།།  །།,,,,,
,500,525,1,《པེ་》《སྣར་》,པར།,,,,,
,,526,2,《པེ་》,འདུམ་པ་བྱེད།,《སྣར་》,འདུས་པ་བྱེད།,,,
,,527,3,《པེ་》《སྣར་》,།།  །།,,,,,
,,528,4,《པེ་》《སྣར་》,འཛུད་ལ་འགོད།,,,,,
,,529,5,《པེ་》《སྣར་》,།།  །།,,,,,
,,530,6,《པེ་》《སྣར་》,mལྟུང་བའི།,,,,,
,,531,7,《པེ་》《སྣར་》,བཞིའི།,,,,,
,,532,8,《པེ་》《སྣར་》,།།   །།གང་དག,,,,,
,,533,9,《སྣར་》,འཇོམ།,,,,,
,,534,10,《པེ་》《སྣར་》,།།  །།,,,,,
,,535,11,《པེ་》《སྣར་》,།།  །།,,,,,
,501,536,1,《པེ་》《སྣར་》,པར།,,,,,
,,537,2,《པེ་》《སྣར་》,།།   །།,,,,,
,,538,3,《པེ་》《སྣར་》,པའི་ལས་སོགས།,《ཅོ་》,པ་ལ་བསགས།,,,
,,539,4,《པེ་》《སྣར་》,།།  །།,,,,,
,,540,5,《པེ་》《སྣར་》,pསམ།,,,,,
,,541,6,《པེ་》《སྣར་》,སྐད།,,,,,
,,542,7,《པེ་》,ཕྲལ་ལ།,《སྣར་》,ཕྲལ་བར།,,,
,,543,8,《པེ་》《སྣར་》,བཅད།,,,,,
,,544,9,《པེ་》《སྣར་》,གཅོད།,,,,,
,,545,10,《སྣར་》,པས།,,,,,
,,546,11,《སྣར་》,བུའི།,,,,,
,,547,12,《པེ་》《སྣར་》,དེ།,,,,,
,,548,13,《པེ་》《སྣར་》,ཀྱི།,,,,,
,502,549,1,《པེ་》《སྣར་》,གཞན།,,,,,
,,550,2,《པེ་》《སྣར་》,བསྲུང་།,,,,,
,,551,3,《པེ་》《སྣར་》,སྐྱབ་པར།,,,,,
,,552,4,《པེ་》《སྣར་》,ཚལ་བུ།,,,,,
,,553,5,《པེ་》《སྣར་》,བསྲུང་།,,,,,
,,554,6,《སྣར་》,བསྐྱོང་།,,,,,
,,555,7,《སྣར་》,རྐྱང་།,,,,,
,,556,8,《པེ་》《སྣར་》,ཐབ།,,,,,
,,557,9,《པེ་》《སྣར་》,རུངས།,,,,,
,,558,10,《པེ་》《སྣར་》,མཆི་བར་འགྱུར་རོ།,,,,,
,,559,11,《པེ་》《སྣར་》,ན།,,,,,
,,560,12,《པེ་》《སྣར་》,གྱིས།,,,,,
,,561,13,《པེ་》《སྣར་》,བསད།,,,,,
,,562,14,《པེ་》《སྣར་》,བསད།,,,,,
,,563,15,《པེ་》《སྣར་》,ལས།,,,,,
,,564,16,《པེ་》《སྣར་》,ལམྦྷ་ཀ,,,,,
,503,565,1,《པེ་》《སྣར་》,བཅིང་བ།,,,,,
,,566,2,《པེ་》《སྣར་》,བསད།,,,,,
,,567,3,《པེ་》《སྣར་》,པ།,,,,,
,,568,4,《པེ་》《སྣར་》,གྱི།,,,,,
,,569,5,《པེ་》《སྣར་》,pབ།,,,,,
,,570,6,《པེ་》《སྣར་》,གནས།,,,,,
,,571,7,《པེ་》《སྣར་》,mང་།,,,,,
,,572,8,《པེ་》《སྣར་》,འཚོལ།,,,,,
,504,573,1,《པེ་》《སྣར་》,པ།,,,,,
,,574,2,《པེ་》《སྣར་》,འམ།,,,,,
,,575,3,《པེ་》《སྣར་》,བརྙས།,,,,,
,,576,4,《པེ་》《སྣར་》,བསྲེག,,,,,
,,577,5,《པེ་》《སྣར་》,བའམ།,,,,,
,,578,6,《པེ་》《སྣར་》,དང་།,,,,,
,,579,7,《པེ་》,ཡར་ཕྲོག,,,,,
,,580,8,《པེ་》《སྣར་》,mབདག་ཉིད་་་་་་པ་དང་།,,,,,
,,581,9,《པེ་》《སྣར་》,ཆད།,,,,,
,505,582,1,《པེ་》《སྣར་》,pབཅོམ་ལྡན་འདས་རྒྱལ་པོ་རྒྱལ་རིགས་སྤྱི་བོ་ནས་དབང་བསྐུར་བ། གང་བཟོད་པ་མ་ཐོབ་པ་དེ་ཇི་ལྟར་ངན་སོང་དུ་མི་མཆི་བར་འགྱུར། བཅོམ་ལྡན་འདས་ཀྱིས་བཀའ་སྩལ་པ།  གང་བཟོད་པ་མ་ཐོབ་ཀྱང་དེ་དགེ་བ་བཅུའི་ལས་ཀྱི་ལམ་ཡང་དག་པར་བཟུང་སྟེ། གནས་ན་དེ་ལ་ཡུལ་འཁོར་གྱི་ལོངས་སྤྱོད་དང་། ཡོངས་སུ་སྤྱོད་པ་དང་། དབང་ཕྱུག་གི་གནས་གནང་ངོ། །བྱང་ཆུབ་སེམས་དཔའ་སའི་སྙིང་པོས་གསོལ་པ།,,,,,
,,583,2,《པེ་》《སྣར་》,ཀྱི།,,,,,
,,584,3,《པེ་》《སྣར་》,གྱི།,,,,,
,,585,4,《པེ་》《སྣར་》,mབ།,,,,,
,506,586,1,《པེ་》《སྣར་》,འཕྲོག,,,,,
,,587,2,《པེ་》《སྣར་》,གྱི།,,,,,
,,588,3,《པེ་》《སྣར་》,བྱུང་།,,,,,
,,589,4,《པེ་》《སྣར་》,ཡིད།,,,,,
,,590,5,《པེ་》《སྣར་》,བསླུ།,,,,,
,,591,6,《པེ་》《སྣར་》,བ།,,,,,
,,592,7,《པེ་》《སྣར་》,གནང་།,,,,,
,,593,8,《པེ་》《སྣར་》,བསྲུང་།,,,,,
,,594,9,《པེ་》《སྣར་》,བསྲུང་།,,,,,
,,595,10,《པེ་》《སྣར་》,mདང་།,,,,,
,,596,11,《པེ་》《སྣར་》《ཅོ་》,pསྐྱོང་བར་བྱེད།,,,,,
,,597,12,《པེ་》《སྣར་》,འོང་།,,,,,
,,598,13,《པེ་》《སྣར་》,mབསོད་ནམས་ཀྱི།,,,,,
,,599,14,《པེ་》《སྣར་》,pཔ།,,,,,
,,600,15,《པེ་》《སྣར་》,པར།,,,,,
,507,601,1,《པེ་》《སྣར་》,mདང་།,,,,,
,,602,2,《པེ་》《སྣར་》,བྱའོ།,,,,,
,508,603,1,《པེ་》《སྣར་》,པ།,,,,,
,,604,2,《པེ་》《སྣར་》,གཏོང་།,,,,,
,,605,3,《པེ་》《སྣར་》,mཔོ།,,,,,
,,606,4,《པེ་》《སྣར་》《ཅོ་》,pསོགས་པ།,,,,,
,,607,5,《པེ་》《སྣར་》,pགནས།,,,,,
,,608,6,《པེ་》,སྨྲོས་པ་བསྐྱེད།,《སྣར་》,མོས་པ་སྐྱེད།,《ཅོ་》,མོས་པ་བསྐྱེད།,
,,609,7,《པེ་》《སྣར་》,གྱི།,,,,,
,509,610,1,《པེ་》《སྣར་》,སྐུལ།,,,,,
,,611,2,《པེ་》《སྣར་》,mམི།,,,,,
,,612,3,《པེ་》《སྣར་》,རྨུ་རྒོད་དང་།,,,,,
,,613,4,《པེ་》《སྣར་》,འགྲོད།,,,,,
,,614,5,《སྣར་》,pནོ།,,,,,
,,615,6,《པེ་》《སྣར་》,པ།,,,,,
,,616,7,《པེ་》《སྣར་》《ཅོ་》,སྒྲུབ།,,,,,
,,617,8,《པེ་》《སྣར་》,དཔའ།,,,,,
,,618,9,《པེ་》《སྣར་》,ནས།,,,,,
,,619,10,《པེ་》《སྣར་》,ཀྱིས།,,,,,
,,620,11,《པེ་》《སྣར་》,mནི།,,,,,
,,621,12,《པེ་》《སྣར་》,འབོག,,,,,
,510,622,1,《པེ་》《སྣར་》,mཏུ།,,,,,
,,623,2,《པེ་》《སྣར་》,བཟུང་།,,,,,
,,624,3,《པེ་》《སྣར་》,འབོག,,,,,
,,625,4,《པེ་》《སྣར་》,འབོག,,,,,
,,626,5,《པེ་》《སྣར་》,པོ།,,,,,
,,627,6,《པེ་》《སྣར་》,mཀྱང་།,,,,,
,,628,7,《པེ་》《སྣར་》,རྟོག,,,,,
,511,629,1,《སྣར་》,མཆོག,,,,,
,,630,2,《ཅོ་》,ཀྱི།,,,,,
,,631,3,《སྣར་》,མཆོག,,,,,
,,632,4,《པེ་》《སྣར་》,གྱིས།,,,,,
,,633,5,《ཅོ་》,pཆོས།,,,,,
,,634,6,《པེ་》《སྣར་》,འདྲི།,,,,,
,,635,7,《པེ་》《སྣར་》,དངངས།,,,,,
,512,636,1,《པེ་》《སྣར་》,mལ།,,,,,
,,637,2,《པེ་》《སྣར་》,འགྲོན།,,,,,
,,638,3,《པེ་》《སྣར་》,mབྱེད་དོ། གང་མི།,,,,,
,,639,4,《པེ་》《སྣར་》,པོ།,,,,,
,,640,5,《པེ་》《སྣར་》,སྒྲུབ།,,,,,
,,641,6,《པེ་》《སྣར་》,སྐྱེད།,,,,,
,,642,7,《པེ་》《སྣར་》,སྐྱེད།,,,,,
,,643,8,《པེ་》《སྣར་》,སྣང་།,,,,,
,,644,9,《པེ་》《སྣར་》,བརྟགས།,,,,,
,513,645,1,《པེ་》《སྣར་》,ཅིག,,,,,
,,646,2,《པེ་》《སྣར་》,བྱུང་།,,,,,
,,647,3,《པེ་》,སྐྱེད།,,,,,
,,648,4,《པེ་》《སྣར་》,གྱིས་ཁ་ན་རག,《ཅོ་》,གྱི་ཁ་ན་རག,,,
,514,649,1,《པེ་》《སྣར་》《ཅོ་》,བཤེས།,,,,,
,,650,2,《པེ་》《སྣར་》,གྱི།,,,,,
,,651,3,《པེ་》《སྣར་》,བསམ།,,,,,
,,652,4,《པེ་》《སྣར་》,སོའི།,,,,,
,,653,5,《པེ་》《སྣར་》,བསྲུངས་པའི།,,,,,
,,654,6,《པེ་》《སྣར་》,གྱིས།,,,,,
,515,655,1,《པེ་》,སྐྱེད།,,,,,
,,656,2,《པེ་》《སྣར་》,སྒྲུབ།,,,,,
,,657,3,《པེ་》《སྣར་》,མཉན།,,,,,
,,658,4,《པེ་》《སྣར་》,སྐྱེ།,,,,,
,,659,5,《པེ་》《སྣར་》,ཀྱི།,,,,,
,,660,6,《པེ་》《སྣར་》,བསྙན།,,,,,
,,661,7,《པེ་》《སྣར་》,སྐྱེད།,,,,,
,,662,8,《པེ་》《སྣར་》,སྐྱེད་པ་བྱེད་དེ། དེ།,,,,,
,,663,9,《པེ་》《སྣར་》,pགངས་ཀྱི་རི་ལ་བརྟེན་པའི་ཚེ།,,,,,
,516,664,1,《པེ་》《སྣར་》,བྱུང་།,,,,,
,,665,2,《པེ་》《སྣར་》,རྩེན་པ་གང་ཞིག་གི།,,,,,
,,666,3,《པེ་》《སྣར་》,བས།,,,,,
,517,667,1,《སྣར་》,དེའི།,,,,,
,,668,2,《པེ་》《སྣར་》,འདོར།,,,,,
,,669,3,《པེ་》《སྣར་》,pདེ།,,,,,
,,670,4,《པེ་》《སྣར་》,མངོན་པ།,,,,,
,,671,5,《པེ་》《སྣར་》,mདག,,,,,
,,672,6,《པེ་》《སྣར་》,pསེམས་དང་།,,,,,
,,673,7,《པེ་》《སྣར་》,mདེ།,,,,,
,,674,8,《པེ་》《སྣར་》,སྐྱེད།,,,,,
,,675,9,《པེ་》《སྣར་》,སྐྱེད།,,,,,
,418,676,1,《པེ་》,མིས།,,,,,
,,677,2,《པེ་》《སྣར་》,སྐམས།,,,,,
,,678,3,《པེ་》《སྣར་》,དེས།,,,,,
,,679,4,《པེ་》《སྣར་》,སྐྱེད།,,,,,
,,680,5,《པེ་》《སྣར་》,སྐྱེད།,,,,,
,,681,6,《པེ་》《སྣར་》,ཆད།,,,,,
,,682,7,《པེ་》《སྣར་》,རྒྱུད།,,,,,
,519,683,1,《པེ་》《སྣར་》,རྒྱུད།,,,,,
,,684,2,《པེ་》《སྣར་》,mསྨོན།,,,,,
,,685,3,《པེ་》《སྣར་》,རྡུ།,,,,,
,,686,4,《པེ་》《སྣར་》,བུག,,,,,
,520,687,1,《ཅོ་》,ན།,,,,,
,,688,2,《པེ་》《སྣར་》,མེར།,,,,,
,,689,3,《པེ་》《སྣར་》,mདུ།,,,,,
,,690,4,《པེ་》《སྣར་》,བྱ་སྟེ།,,,,,
,,691,5,《པེ་》《སྣར་》,བསྐྱེད།,,,,,
,521,692,1,《པེ་》《སྣར་》,གྱིས།,,,,,
,,693,2,《པེ་》《སྣར་》,བྱ་སྟེ། རི་རབ་ཀྱི།,,,,,
,,694,3,《པེ་》《སྣར་》,གྱི།,,,,,
,,695,4,《པེ་》《སྣར་》,དཔའ།,,,,,
,,696,5,《པེ་》《སྣར་》,ཆེས།,,,,,
,,697,6,《པེ་》《སྣར་》,འདིའི།,,,,,
,522,698,1,《པེ་》《སྣར་》,mགསུམ་གང་ཞེ་ན།,,,,,
,,699,2,《པེ་》《སྣར་》,mཔ།,,,,,
,523,700,1,《སྣར་》,mསུ།,,,,,
,,701,2,《པེ་》《སྣར་》,སྲེལ་གྱི། བ།,,,,,
,,702,3,《པེ་》《སྣར་》,mབར།,,,,,
,,703,4,《པེ་》《སྣར་》,རྩལ།,,,,,
,,704,5,《པེ་》《སྣར་》,གི།,,,,,
,,705,6,《པེ་》《སྣར་》,སྲེལ།,,,,,
,,706,7,《སྣར་》,སེལ།,,,,,
,,707,8,《པེ་》《སྣར་》,བསྒོམས་པར་བྱའོ།,,,,,
,,708,9,《པེ་》《སྣར་》,mལ།,,,,,
,,709,10,《པེ་》《སྣར་》,ཀྱི།,,,,,
,,710,11,《པེ་》,ཇི།,,,,,
,,711,12,《པེ་》《སྣར་》,ཀྱི།,,,,,
,524,712,1,《པེ་》《སྣར་》,mདེ།,,,,,
,,713,2,《པེ་》《སྣར་》,པ།,,,,,
,,714,3,《པེ་》《སྣར་》,mགང་།,,,,,
,,715,4,《པེ་》《སྣར་》,པའི།,,,,,
,,716,5,《པེ་》《སྣར་》,བྱ་ཞིང་།,,,,,
,,717,6,《པེ་》《སྣར་》,ལྟ།,,,,,
,525,718,1,《པེ་》《སྣར་》,པའི།,,,,,
,,719,2,《པེ་》《སྣར་》,mབ།,,,,,
,,720,3,《པེ་》《སྣར་》,བསྐྱེད།,,,,,
,,721,4,《པེ་》《སྣར་》,གཞུག,,,,,
,,722,5,《པེ་》《སྣར་》,ཆ།,,,,,
,,723,6,《པེ་》《སྣར་》,mབར་གྱུར།,,,,,
,526,724,1,《པེ་》《སྣར་》,འབྱམས།,,,,,
,,725,2,《པེ་》《སྣར་》,འབྱམས།,,,,,
,,726,3,《པེ་》《སྣར་》,pསེམས།,,,,,
,,727,4,《པེ་》,གྱུར་ཏོ།,,,,,
,,728,5,《པེ་》《སྣར་》,པ།,,,,,
,,729,6,《པེ་》,pསྣང་།,,,,,
,,730,7,《པེ་》《སྣར་》,འབྱམས།,,,,,
,,731,8,《པེ་》《སྣར་》,mམེད་པ།,,,,,
,,732,9,《སྣར་》,mབཞིན།,,,,,
,,733,10,《པེ་》《སྣར་》,ཀྱི།,,,,,
,427,734,1,《པེ་》《སྣར་》,mའདུལ་བའི།,,,,,
,,735,2,《པེ་》《སྣར་》,བསྒྲུབ།,,,,,
,,736,3,《པེ་》《སྣར་》,ཤིན།,,,,,
,,737,4,《པེ་》《སྣར་》,pཏེ།,,,,,
,,738,5,《པེ་》《སྣར་》,ཞི།,,,,,
,,739,6,《པེ་》《སྣར་》,mརིགས་སུ་བྱུང་བའི།,,,,,
,,740,7,《པེ་》《སྣར་》,འབྱམས།,,,,,
,,741,8,《པེ་》,ལ།,《སྣར་》,mལ་ལ།,,,
,528,742,1,《པེ་》《སྣར་》,ལ།,,,,,
,,743,2,《པེ་》《སྣར་》,mཀྱི།,,,,,
,,744,3,《པེ་》《སྣར་》,བསྟེན།,,,,,
,,745,4,《པེ་》《སྣར་》,གྱི་བརླབ།,,,,,
,,746,5,《པེ་》《སྣར་》,པར།,,,,,
,529,747,1,《པེ་》《སྣར་》,འབྱམས།,,,,,
,,748,2,《པེ་》《སྣར་》,བུ།,,,,,
,,749,3,《པེ་》《སྣར་》,གྱིས་བརླབས།,,,,,
,,750,4,《པེ་》《སྣར་》,འབྱམས།,,,,,
,,751,5,《པེ་》《སྣར་》,བ།,,,,,
,,752,6,《པེ་》《སྣར་》,པ།,,,,,
,530,753,1,《པེ་》,ཞུགས།,,,,,
,,754,2,《པེ་》《སྣར་》,pདེ།,,,,,
,,755,3,《པེ་》《སྣར་》,mལ།,,,,,
,,756,4,《པེ་》《སྣར་》,འབྲལ།,,,,,
,531,757,1,《པེ་》《སྣར་》,mལ།,,,,,
,,758,2,《པེ་》《སྣར་》,ཀྱིས།,,,,,
,,759,3,《པེ་》《སྣར་》,mཅན།,,,,,
,,760,4,《པེ་》《སྣར་》,mབསྐྱེད་པའི།,,,,,
,532,761,1,《པེ་》《སྣར་》,བར།,,,,,
,,762,2,《པེ་》《སྣར་》,པར་བརྗོད་པར།,,,,,
,,763,3,《པེ་》《སྣར་》,པར།,,,,,
,,764,4,《སྣར་》,mདེ།,,,,,
,,765,5,《པེ་》《སྣར་》,ཡབ།,,,,,
,533,766,1,《པེ་》《སྣར་》,mདེ།,,,,,
,,767,2,《པེ་》《སྣར་》,mདེ།,,,,,
,,768,3,《པེ་》,ལོངས།,,,,,
,,769,4,《པེ་》《སྣར་》,mལ།,,,,,
,,770,5,《པེ་》《སྣར་》,pདེའི།,,,,,
,,771,6,《པེ་》《སྣར་》,པ་དང་།,,,,,
,534,772,1,《པེ་》《སྣར་》,pཆེན་པོ།,,,,,
,,773,2,《པེ་》《སྣར་》,ཐེག,,,,,
,,774,3,《པེ་》《སྣར་》,mདུ།,,,,,
,,775,4,《པེ་》《སྣར་》,པ་པོའི།,,,,,
,,776,5,《པེ་》《སྣར་》,པས།,,,,,
,535,777,1,《པེ་》《སྣར་》,mའདུ་ཤེས་ཐ་དད་པའི་སྐྱོན་དུ་ཡང་འགྱུར།,,,,,
,,778,2,《སྣར་》,བསྟོན།,,,,,
,,779,3,《སྣར་》,པོ།།,,,,,
,,780,4,《སྣར་》,དེ།,,,,,
,,781,5,《པེ་》《སྣར་》,འདི།,,,,,
,,782,6,《པེ་》《སྣར་》,པ།,,,,,
,,783,7,《པེ་》《སྣར་》,mཀྱི།,,,,,
,,784,8,《པེ་》《སྣར་》,mམ།,,,,,
,,785,9,《པེ་》《སྣར་》,mརྫོགས་པའི།,,,,,
,536,786,1,《པེ་》,ལྭ།,,,,,
,,787,2,《པེ་》《སྣར་》,pབྱ་བས་བྱི་དོར།,,,,,
,,788,3,《པེ་》《སྣར་》,mདེ།,,,,,
,,789,4,《པེ་》《སྣར་》,འཆིང་།,,,,,
,537,790,1,《པེ་》《སྣར་》,mདོ།།,,,,,
,,791,2,《པེ་》《སྣར་》,པ།,,,,,
,,792,3,《པེ་》《སྣར་》,མཉན།,,,,,
,,793,4,《པེ་》,ཀྱི།,,,,,
,,794,5,《པེ་》《སྣར་》,mདེ།,,,,,
,,795,6,《པེ་》《སྣར་》,བར་ཁྲིད་ཏེ།,,,,,
,538,796,1,《པེ་》《སྣར་》,ཀྱིས།,,,,,
,,797,2,《པེ་》《སྣར་》,mརྫོགས་པར།,,,,,
,,798,3,《པེ་》《སྣར་》,mལ།,,,,,
,539,799,1,《པེ་》《སྣར་》,སྐྱེད།,,,,,
,,800,2,《པེ་》《སྣར་》,གྱིས།,,,,,
,540,801,1,《པེ་》《སྣར་》,བཟུང་།,,,,,
,,802,2,《པེ་》《སྣར་》,བཟུང་།,,,,,
,,803,3,《པེ་》《སྣར་》,སྐྱེས།,,,,,
,,804,4,《པེ་》《སྣར་》《ཅོ་》,pབྱང་ཆུབ་སེམས་དཔའ་ཡོངས་སུ་བཟུང་བ་ཡིན་ནོ་བྱང་ཆུབ་སེམས་དཔའ་ཡོངས་སུ་བཟུང་ན།,,,,,
,,805,5,《པེ་》《སྣར་》,pབྱེད།,,,,,
,,806,6,《པེ་》《སྣར་》,བསྡུད།,,,,,
,,807,7,《སྣར་》,བརྗོད།,,,,,
,541,808,1,《པེ་》《སྣར་》,རྗེས།,,,,,
,,809,2,《པེ་》《སྣར་》,མཐུའོ།,,,,,
,,810,3,《སྣར་》,ཐོབ།,,,,,
,,811,4,《པེ་》《སྣར་》,ཀློན།,,,,,
,,812,5,《པེ་》《སྣར་》,བབ།,,,,,
,,813,6,《པེ་》,འདུན།,,,,,
,,814,7,《པེ་》《སྣར་》,བསྡུམས།,,,,,
,,815,8,《པེ་》《སྣར་》,བསྲུང་།,,,,,
,542,816,1,《པེ་》《སྣར་》,གི།,,,,,
,,817,2,《པེ་》,སྐྱེད།,,,,,
,,818,3,《པེ་》《སྣར་》,སྐྱེད།,,,,,
,,819,4,《པེ་》《སྣར་》,བལྟ།,,,,,
,,820,5,《པེ་》《སྣར་》,བརྩོལ།,,,,,
,,821,6,《པེ་》《སྣར་》,བསྒྲུབ།,,,,,
,543,822,1,《པེ་》《སྣར་》,ཀྱི།,,,,,
,,823,2,《པེ་》,འགྱུར་རོ། །དེ་ལས་ལོ་སྟོང་།,《སྣར་》,འགྱུར་རོ། །དེ་ལས་བསྟོང་།,,,
,,824,3,《པེ་》《སྣར་》,mདག,,,,,
,,825,4,《པེ་》《སྣར་》,ཅིག,,,,,
,,826,5,《པེ་》《སྣར་》,ཚིགས།,,,,,
,,827,6,《པེ་》《སྣར་》,mདུ།,,,,,
,,828,7,《པེ་》《སྣར་》,mསོ་སོར།,,,,,
,,829,8,《པེ་》《སྣར་》,pས།,,,,,
,,830,9,《པེ་》《སྣར་》,འདི།,,,,,
,544,831,1,《པེ་》《སྣར་》,ཆོགས།,,,,,
,,832,2,《པེ་》《སྣར་》,དཔའི།,,,,,
,,833,3,《པེ་》《སྣར་》,mལྟ།,,,,,
,,834,4,《པེ་》《སྣར་》,ངས།,,,,,
,,835,5,《པེ་》《སྣར་》,པའི།,,,,,
,545,836,1,《པེ་》,mན།,,,,,
,,837,2,《པེ་》《སྣར་》,pཔ།,,,,,
,,838,3,《པེ་》《སྣར་》,བར།,,,,,
,,839,4,《པེ་》,ལྟ་མོས།,《སྣར་》,སྟེ་མོས།,,,
,,840,5,《པེ་》《སྣར་》,ཞེས།,,,,,
,,841,6,《པེ་》《སྣར་》,པར།,,,,,
,546,842,1,《པེ་》《སྣར་》,mདུ།,,,,,
,,843,2,《པེ་》《སྣར་》,དགའ་བསྙེད།,,,,,
,,844,3,《པེ་》《སྣར་》,mབ།,,,,,
,,845,4,《པེ་》《སྣར་》,འཁྲུགས།,,,,,
,,846,5,《པེ་》《སྣར་》,པ།,,,,,
,,847,6,《པེ་》《སྣར་》,mའདི།,,,,,
,,848,7,《པེ་》《སྣར་》,དེ།,,,,,
,,849,8,《པེ་》《སྣར་》《ཅོ་》,བ།,,,,,
,,850,9,《པེ་》《སྣར་》《ཅོ་》,བ།,,,,,
,,851,10,《སྣར་》,འགགས།,,,,,
,,852,11,《པེ་》《སྣར་》,pསྨྲས་པ་གང་།,,,,,
,,853,12,《པེ་》《སྣར་》,pགང་གིས་སྨྲ་བ་དང་།,,,,,
,,854,13,《པེ་》,སྨྲས་པ་དང་།,《སྣར་》,སྨྲས་པར།,,,
,547,855,1,《པེ་》《སྣར་》,སྨས་པར།,,,,,
,,856,2,《པེ་》《སྣར་》,pདེ།,,,,,
,,857,3,《པེ་》《སྣར་》,mན།,,,,,
,,858,4,《པེ་》《སྣར་》,mདུ།,,,,,
,,859,5,《པེ་》《སྣར་》,པས།,,,,,
,,860,6,《པེ་》《སྣར་》,པ།,,,,,
,,861,7,《པེ་》,ཆོས་པ་ནི།,《སྣར་》,ཆོས་པ་ནི་ཆོས།,,,
,548,862,1,《པེ་》《སྣར་》,སྤང་།,,,,,
,,863,2,《པེ་》《སྣར་》,mགང་།,,,,,
,,864,3,《པེ་》《སྣར་》,འདི་ནི་མ་མཐོང་བའི།,,,,,
,,865,4,《པེ་》《སྣར་》,mམ།,,,,,
,,866,5,《པེ་》《སྣར་》,pལ་ངེས་པ།,,,,,
,,867,6,《པེ་》《སྣར་》,སྡུག,,,,,
,549,868,1,《པེ་》《སྣར་》,ལྡན།,,,,,
,,869,2,《པེ་》《སྣར་》,པ།,,,,,
,,870,3,《པེ་》《སྣར་》,mབར་འགྱུར།,,,,,
,,871,4,《པེ་》《སྣར་》,mམ་ཡང་།,,,,,
,,872,5,《པེ་》《སྣར་》,pམི།,,,,,
,,873,6,《པེ་》《སྣར་》,pདེ།,,,,,
,,874,7,《པེ་》《སྣར་》,pགྱི།,,,,,
,550,875,1,《པེ་》《སྣར་》,mབའི།,,,,,
,,876,2,《པེ་》《སྣར་》,གསལ།,,,,,
,,877,3,《པེ་》《སྣར་》,mནི།,,,,,
,,878,4,《པེ་》《སྣར་》,pཔ།,,,,,
,,879,5,《པེ་》《སྣར་》,དགྲས།,,,,,
,551,880,1,《པེ་》《སྣར་》,གསུངས།,,,,,
,,881,2,《པེ་》《སྣར་》,གྱི།,,,,,
,,882,3,《པེ་》《སྣར་》,mལྟ།,,,,,
,,883,4,《པེ་》《སྣར་》,གྱི།,,,,,
,,884,5,《པེ་》《སྣར་》,mསྨྲས་པ།,,,,,
,,885,6,《པེ་》《སྣར་》,དེ།,,,,,
,,886,7,《པེ་》《སྣར་》,mཆོས་གང་།,,,,,
,,887,8,《པེ་》《སྣར་》,བས།,,,,,
,,888,9,《པེ་》《སྣར་》,དེ་མ་ལགས།,,,,,
,,889,10,《པེ་》《སྣར་》,བསལ་བར།,,,,,
,,890,11,《པེ་》《སྣར་》,mསྨྲས་པ།,,,,,
,,891,12,《པེ་》《སྣར་》,mནི།,,,,,
,,892,13,《པེ་》《སྣར་》,སྦྱོང་།,,,,,
,552,893,1,《སྣར་》,འདི།,,,,,
,,894,2,《སྣར་》,ལས།,,,,,
,,895,3,《པེ་》《སྣར་》,pངོ་བོ་ཉིད་ཀྱིས།,,,,,
,,896,4,《སྣར་》,ཞེས།,,,,,
,,897,5,《པེ་》《སྣར་》,བིམ།,,,,,
,,898,6,《པེ་》《སྣར་》,བིམ།,,,,,
,,899,7,《པེ་》《སྣར་》,རིགས།,,,,,
,553,900,1,《པེ་》《སྣར་》,mདང་།,,,,,
,,901,2,《པེ་》《སྣར་》,mཔས་བླ་གབ་མེད།,,,,,
,,902,3,《པེ་》《སྣར་》,mཉེ་བར་གནས་པའི།,,,,,
,554,903,1,《པེ་》《སྣར་》,དོ།,,,,,
,,904,2,《པེ་》《སྣར་》,གིས།,,,,,
,,905,3,《པེ་》《སྣར་》,འགྲོལ།,,,,,
,,906,4,《པེ་》《སྣར་》,དབྱེན།,,,,,
,,907,5,《པེ་》《སྣར་》,འདུའོ།,,,,,
,,908,6,《པེ་》《སྣར་》,mནི།,,,,,
,555,909,1,《ཅོ་》,pརྡེག,,,,,
,,910,2,《པེ་》,སོ་བརྟག,《སྣར་》,སོར་བརྟག,,,
,,911,3,《པེ་》《སྣར་》,mགང་རབ་ཏུ་ཞི་བ་དེ་རང་བཞིན་ནོ། །,,,,,
,,912,4,《པེ་》《སྣར་》,པར།,,,,,
,,913,5,《པེ་》,mཔ།,,,,,
,,914,6,《པེ་》《སྣར་》,འདའ་བ།,,,,,
,,915,7,《པེ་》《སྣར་》,pཆེན་པོ།,,,,,
,,916,8,《པེ་》,དགྲ་རལ།,《སྣར་》,དགྲ་རས།,,,
,,917,9,《པེ་》《སྣར་》,pཔོ་ཆེན།,,,,,
,,918,10,《པེ་》《སྣར་》,pལ།,,,,,
,,919,11,《པེ་》《སྣར་》,mདེ།,,,,,
,556,920,1,《པེ་》《སྣར་》,ཞིག,,,,,
,,921,2,《པེ་》《སྣར་》,mདེ་ལ།,,,,,
,,922,3,《པེ་》《སྣར་》,གི།,,,,,
,,923,4,《པེ་》《སྣར་》,mདེ་སྐད་ཀྱི།,,,,,
,,924,5,《པེ་》《སྣར་》,བགོ་བོ་མཉམ།,,,,,
,,925,6,《པེ་》《སྣར་》,ལ།,,,,,
,,926,7,《པེ་》《སྣར་》,pདེ་ལ་ལྟོས་ཤིག  །འགྱོད་པ་ཇི་ལྟར་མཐོང་བ།,,,,,
,,927,8,《པེ་》《སྣར་》,ལྟ།,,,,,
,,928,9,《པེ་》《སྣར་》,pབ།,,,,,
,,929,10,《པེ་》《སྣར་》,mབ།,,,,,
,,930,11,《པེ་》《སྣར་》,pཆོས་ཐམས་ཅད།,,,,,
,,931,12,《པེ་》《སྣར་》,mཀྱང་།,,,,,
,,932,13,《པེ་》《སྣར་》,pཆེན་པོ།,,,,,
,557,933,1,《པེ་》《སྣར་》,བརྟེན།,,,,,
,,934,2,《པེ་》《སྣར་》,དེ།,,,,,
,,935,3,《པེ་》《སྣར་》,mཔ།,,,,,
,,936,4,《ཅོ་》,pལ།,,,,,
,558,937,1,《པེ་》《སྣར་》,འཐད།,,,,,
,,938,2,《པེ་》《སྣར་》,mདང་།,,,,,
,,939,3,《པེ་》《སྣར་》,mནི།,,,,,
,,940,4,《པེ་》《སྣར་》,mཔ།,,,,,
,,941,5,《པེ་》《སྣར་》,mཐམས་ཅད།,,,,,
,,942,6,《པེ་》《སྣར་》,བདེན།,,,,,
,,943,7,《པེ་》《སྣར་》,བསྒོམས།,,,,,
,559,944,1,《པེ་》《སྣར་》,བསྒོམས།,,,,,
,,945,2,《པེ་》《སྣར་》,mལ།,,,,,
,,946,3,《པེ་》《སྣར་》,པ།,,,,,
,,947,4,《པེ་》《སྣར་》,pཕ།,,,,,
,,948,5,《པེ་》《སྣར་》,mཀྱི།,,,,,
,,949,6,《པེ་》《སྣར་》,mལ།,,,,,
,,950,7,《པེ་》《སྣར་》,mམ།,,,,,
,,951,8,《པེ་》《སྣར་》,འདིར།,,,,,
,,952,9,《པེ་》《སྣར་》,mདེ།,,,,,
,,953,10,《པེ་》《སྣར་》,pཔ།,,,,,
,,954,11,《པེ་》,པ།,,,,,
,560,955,1,《པེ་》《སྣར་》,ཀྱིས།,,,,,
,,956,2,《པེ་》《སྣར་》,གཙུབས།,,,,,
,,957,3,《པེ་》《སྣར་》,མེ།,,,,,
,,958,4,《པེ་》《སྣར་》,བར།,,,,,
,,959,5,《པེ་》《སྣར་》,གཙུབས།,,,,,
,,960,6,《པེ་》《སྣར་》,གཙུབས།,,,,,
,,961,7,《པེ་》《སྣར་》,mདེ།,,,,,
,,962,8,《པེ་》《སྣར་》,བསྡུངས།,,,,,
,,963,9,《པེ་》《སྣར་》,གཙུབས།,,,,,
,,964,10,《པེ་》《སྣར་》,གཙུབས།,,,,,
,561,965,1,《པེ་》《སྣར་》,mབར་བྱ།,,,,,
,,966,2,《པེ་》《སྣར་》,སྨྲས།,,,,,
,,967,3,《པེ་》《སྣར་》,mསེམས་ཀྱིས་དཔག་པར་བགྱི་བ་མ་ལགས་པ།,,,,,
,,968,4,《པེ་》《སྣར་》《ཅོ་》,mམ།,,,,,
,562,969,1,《པེ་》《སྣར་》,mདེ།,,,,,
,,970,2,《པེ་》《སྣར་》,འདའ།,,,,,
,,971,3,《པེ་》《སྣར་》,འདུལ།,,,,,
,,972,4,《པེ་》《སྣར་》,pབཀའ་སྩལ་པ།,,,,,
,,973,5,《པེ་》《སྣར་》,བརྟེན།,,,,,
,,974,6,《པེ་》《སྣར་》,mཏེ། མ་མཆིས་པའི་དོན།,,,,,
,563,975,1,《པེ་》《སྣར་》,མཆིས་པ།,,,,,
,,976,2,《པེ་》《སྣར་》,pརབ་ཏུ།,,,,,
,,977,3,《སྣར་》,བརྩེག,,,,,
,,978,4,《སྣར་》,སོ།,,,,,
,,979,5,《པེ་》《སྣར་》,སྟེ།,,,,,
,,980,6,《པེ་》《སྣར་》,pགང་།,,,,,
,,981,7,《པེ་》《སྣར་》,ལ་གང་།,,,,,
,,982,8,《པེ་》《སྣར་》,pསོ་སོ་རྟག་པ། ཡང་དག་པར།,,,,,
,564,983,1,《པེ་》《སྣར་》,pལ།,,,,,
,565,984,1,《པེ་》《སྣར་》,བཤིགས།,,,,,
,,985,2,《པེ་》《སྣར་》,མ་ཡིན་གྱི།,,,,,
,,986,3,《པེ་》《སྣར་》,ངག,,,,,
,,987,4,《པེ་》《སྣར་》,པ།,,,,,
,,988,5,《པེ་》《སྣར་》,ཤཱ།,,,,,
,,989,6,《པེ་》《སྣར་》,mལ།,,,,,
,,990,7,《པེ་》《སྣར་》,བ།,,,,,
,,991,8,《པེ་》,mམི་སྟོང་པར་མ་ཡིན།,,,,,
,566,992,1,《པེ་》《སྣར་》,ཤཱ་རིའི།,,,,,
,,993,2,《པེ་》《སྣར་》,pཡང་།,,,,,
,,994,3,《པེ་》《སྣར་》,པའི།,,,,,
,567,995,1,《པེ་》《སྣར་》,སྟོང་།,,,,,
,,996,2,《པེ་》,པ།,《སྣར་》,mཔར།,,,
,,997,3,《པེ་》《སྣར་》,ཏེ།,,,,,
,,998,4,《པེ་》《སྣར་》,པ།,,,,,
,,999,5,《པེ་》,པར།,,,,,
,568,1000,1,《པེ་》《སྣར་》,mནི།,,,,,
,,1001,2,《པེ་》《སྣར་》,mདེ།,,,,,
,,1002,3,《པེ་》《སྣར་》,གཉིས་པ་དེ་ཇི།,,,,,
,,1003,4,《པེ་》《སྣར་》,མིག,,,,,
,569,1004,1,《པེ་》《སྣར་》,mདེ།,,,,,
,,1005,2,《པེ་》《སྣར་》,པ་ལགས།,,,,,
,,1006,3,《པེ་》《སྣར་》,mམི།,,,,,
,,1007,4,《སྣར་》,དེ།,,,,,
,,1008,5,《པེ་》《སྣར་》,པ།,,,,,
,,1009,6,《པེ་》《སྣར་》,mམེད་པ།,,,,,
,570,1010,1,《པེ་》《སྣར་》,རྫོགས།,,,,,
,,1011,2,《པེ་》《སྣར་》,རམ།,,,,,
,,1012,3,《པེ་》《སྣར་》,ལས།,,,,,
,,1013,4,《པེ་》《སྣར་》,སྤྲོ་བ།,,,,,
,571,1014,1,《པེ་》《སྣར་》,མདོ་ཀུན་ལས་བཏུས་པ་བམ་པོ་ལྔ་པའོ།། །།,,,,,
,,1015,2,《པེ་》《སྣར་》,ནས།,,,,,
,,1016,3,《སྣར་》,pཔ་ཡང་དག,,,,,
,,1017,4,《པེ་》《སྣར་》,ཀྱི།,,,,,
,,1018,5,《སྣར་》,པས།,,,,,
,,1019,6,《པེ་》《སྣར་》,ཀྱི།,,,,,
,,1020,7,《པེ་》《སྣར་》,བ།,,,,,
,,1021,8,《པེ་》《སྣར་》,pཀྱི།,,,,,
,,1022,9,《པེ་》《སྣར་》,pཀྱིས།,,,,,
,,1023,10,《པེ་》《སྣར་》,mཀྱིས།,,,,,
,572,1024,1,《པེ་》《སྣར་》,mདང་།,,,,,
,,1025,2,《པེ་》《སྣར་》,གི།,,,,,
,,1026,3,《པེ་》《སྣར་》,pཀྱིས།,,,,,
,,1027,4,《པེ་》《སྣར་》,བྱེད།,,,,,
,,1028,5,《པེ་》《སྣར་》,འཇིག,,,,,
,,1029,6,《པེ་》《སྣར་》,གིས།,,,,,
,,1030,7,《པེ་》《སྣར་》,འཇིགས།,,,,,
,573,1031,1,《པེ་》《སྣར་》,ཏོ།།,,,,,
,,1032,2,《པེ་》《སྣར་》,བའི།,,,,,
,,1033,3,《པེ་》《སྣར་》,པས།,,,,,
,,1034,4,《པེ་》《སྣར་》,mཔའི།,,,,,
,,1035,5,《པེ་》《སྣར་》,བདག,,,,,
,,1036,6,《པེ་》《སྣར་》,པ།,,,,,
,,1037,7,《པེ་》《སྣར་》,ཀྱིས།,,,,,
,574,1038,1,《པེ་》《སྣར་》,བསྒོམས།,,,,,
,,1039,2,《པེ་》《སྣར་》,བདག,,,,,
,,1040,3,《པེ་》《སྣར་》,བ།,,,,,
,,1041,4,《པེ་》《སྣར་》,པ།,,,,,
,,1042,5,《པེ་》《སྣར་》,pདག,,,,,
,,1043,6,《པེ་》《སྣར་》,གེར།,,,,,
,,1044,7,《པེ་》《སྣར་》,སྙེད།,,,,,
,575,1045,1,《པེ་》《སྣར་》,དག་ནི།,,,,,
,,1046,2,《པེ་》《སྣར་》,mབ།,,,,,
,,1047,3,《པེ་》《སྣར་》,pལ།,,,,,
,,1048,4,《པེ་》《སྣར་》,ཁྱེད།,,,,,
,,1049,5,《པེ་》,ཁྱེད་ཀྱིས།,《སྣར་》,ཁྱེད་ཀྱི།,,,
,,1050,6,《པེ་》《སྣར་》,mདེ་དག,,,,,
,,1051,7,《པེ་》《སྣར་》,mཔ་དེ་སྙེད།,,,,,
,,1052,8,《པེ་》《སྣར་》,mཆེས།,,,,,
,,1053,9,《པེ་》《སྣར་》,མཉམ།,,,,,
,576,1054,1,《པེ་》《སྣར་》,mབྱང་ཆུབ་ལ།,,,,,
,,1055,2,《པེ་》《སྣར་》,འགྱུར་བ།,,,,,
,,1056,3,《པེ་》《སྣར་》,pའཇམ་དཔལ་གྱིས་གསོལ་བ།  བཅོམ་ལྡན་འདས་གང་ཤེས་རབ་ཀྱི་ཕ་རོལ་ཏུ་ཕྱིན་པ་བསྟན་པ་འདི་ཐོས་ནས་མོས་པའི་བྱང་ཆུབ་སེམས་དཔའ་དེ་དག་ནི་བྱང་ཆུབ་ལ་ཉེ་བར་གྱུར་པ་ཉིན་ནོ།།,,,,,
,,1057,4,《པེ་》《སྣར་》,བྱུང་།,,,,,
,,1058,5,《པེ་》《སྣར་》,གཅད་པ་དེའི་ནང་ན་ཆེ་བའོ།,,,,,
,,1059,6,《པེ་》《སྣར་》,ཆེ་བའོ།,,,,,
,,1060,7,《པེ་》《སྣར་》,ཆེ་བའོ།,,,,,
,,1061,8,《པེ་》《སྣར་》,ཆེ་བའོ།,,,,,
,,1062,9,《པེ་》,སྙམ།,,,,,
,,1063,10,《པེ་》《སྣར་》,སྤྱོ།,,,,,
,,1064,11,《པེ་》《སྣར་》,mནི།,,,,,
,,1065,12,《པེ་》《སྣར་》,ཆེ་བའོ།,,,,,
,,1066,13,《པེ་》,བལྟ།,,,,,
,,1067,14,《པེ་》《སྣར་》,བའི།,,,,,
,577,1068,1,《པེ་》《སྣར་》,པ།,,,,,
,,1069,2,《ཅོ་》,འདུ་མི་བྱེད།,,,,,
,,1070,3,《པེ་》《སྣར་》,པར།,,,,,
,,1071,4,《པེ་》《སྣར་》,འཇུག་པའོ།,,,,,
,,1072,5,《པེ་》《སྣར་》,pཔ།,,,,,
,,1073,6,《པེ་》《སྣར་》,དོ།,,,,,
,,1074,7,《པེ་》《སྣར་》,བར།,,,,,
,,1075,8,《པེ་》《སྣར་》,བར།,,,,,
,,1076,9,《པེ་》《སྣར་》,mསྔོན་གྱི།,,,,,
,,1077,10,《པེ་》《སྣར་》,ཀྱིས།,,,,,
,,1078,11,《པེ་》《སྣར་》,བསྟན།,,,,,
,578,1079,1,《པེ་》《སྣར་》,mགྱི།,,,,,
,,1080,2,《པེ་》《སྣར་》,mཡང་།,,,,,
,,1081,3,《པེ་》《སྣར་》,mཔ།,,,,,
,,1082,4,《པེ་》《སྣར་》,mཀྱང་སྤྲིན་དང་ཆར།,,,,,
,,1083,5,《པེ་》《སྣར་》,གནས།,,,,,
,,1084,6,《པེ་》《སྣར་》,གྱིས། གཞི།,,,,,
,,1085,7,《པེ་》《སྣར་》,ཉེ་བའི།,,,,,
,,1086,8,《པེ་》《སྣར་》,ནི་སྣང་བ།,,,,,
,,1087,9,《པེ་》《སྣར་》,ན།,,,,,
,579,1088,1,《པེ་》《སྣར་》,བསྒོའི།,,,,,
,,1089,2,《པེ་》《སྣར་》,mལས་དེ།,,,,,
,,1090,3,《པེ་》《སྣར་》,mདེ་དང་།,,,,,
,,1091,4,《པེ་》《སྣར་》,mདུ།,,,,,
,,1092,5,《པེ་》《སྣར་》,བྱས།,,,,,
,,1093,6,《པེ་》《སྣར་》,mངེས།,,,,,
,,1094,7,《པེ་》《སྣར་》,mབ།,,,,,
,,1095,8,《པེ་》《སྣར་》,བརྩོམ།,,,,,
,580,1096,1,《པེ་》《སྣར་》,བརྩོམ།,,,,,
,,1097,2,《པེ་》《སྣར་》,ལས།,,,,,
,,1098,3,《པེ་》,mལ།,,,,,
,,1099,4,《པེ་》《སྣར་》,པ།,,,,,
,,1100,5,《པེ་》《སྣར་》,རྟོགས།,,,,,
,,1101,6,《པེ་》《སྣར་》,གྱུར་པ།,,,,,
,,1102,7,《པེ་》《སྣར་》,མ་ཡིན་པ།,,,,,
,581,1103,1,《པེ་》《སྣར་》,སྟོང་པ།,,,,,
,,1104,2,《པེ་》《སྣར་》,mཔ་ཡང་དག,,,,,
,,1105,3,《པེ་》《སྣར་》,བསྡུས།,,,,,
,,1106,4,《པེ་》《སྣར་》,mཔོ།,,,,,
,,1107,5,《པེ་》《སྣར་》,pབ།,,,,,
,,1108,6,《པེ་》《སྣར་》,ཀྱིས།,,,,,
,,1109,7,《པེ་》《སྣར་》,ཀྱིས།,,,,,
,,1110,8,《པེ་》《སྣར་》,བ་ཐབས་ཀྱིས་ཤེས་པས་ཆོས་ཐམས་ཅད་བླང་བ་མེད་པ་དོར་བ་མེད་པ་ཡང་སྦྱོང་བ་ཐམས་ཅད།,,,,,
,,1111,9,《པེ་》《སྣར་》,ཀྱིས།,,,,,
,,1112,10,《པེ་》《སྣར་》,པ།,,,,,
,,1113,11,《པེ་》《སྣར་》,བ།,,,,,
,,1114,12,《པེ་》《སྣར་》,སྦྱང་།,,,,,
,582,1115,1,《པེ་》《སྣར་》,mཐམས་ཅད།,,,,,
,,1116,2,《པེ་》《སྣར་》,བསམ།,,,,,
,,1117,3,《པེ་》《སྣར་》,mདབྱེར།,,,,,
,,1118,4,《པེ་》《སྣར་》,pགང་ཆོས་ཀྱི་དབྱིངས་མེད།,,,,,
,,1119,5,《པེ་》《སྣར་》,ནི།,,,,,
,,1120,6,《པེ་》《སྣར་》,དག་པ་ཉིད།,,,,,
,583,1121,1,《པེ་》《སྣར་》,བོའོ།,,,,,
,,1122,2,《པེ་》《སྣར་》,བའི།,,,,,
,,1123,3,《པེ་》《སྣར་》,སྣ།,,,,,
,,1124,4,《པེ་》,ནས།,,,,,
,,1125,5,《པེ་》《སྣར་》,སྤང་།,,,,,
,,1126,6,《པེ་》《སྣར་》,mདག,,,,,
,,1127,7,《པེ་》《སྣར་》,pཆོས་ཟབ་མོ་འདི་འཛིན་པ་དང་།,,,,,
,,1128,8,《པེ་》《སྣར་》,བརྟེན་མི་གྲོགས།,,,,,
,,1129,9,《པེ་》《སྣར་》,mཆོས།,,,,,
,584,1130,1,《པེ་》《སྣར་》,བྱུང་།,,,,,
,,1131,2,《པེ་》《སྣར་》,ཡིན་གྱིས།,,,,,
,,1132,3,《པེ་》《སྣར་》,རྟའམ།,,,,,
,,1133,4,《པེ་》,ཉམ་ང་བར་བྱ་སྟེ།,《སྣར་》,ཉམས་ང་བར་བྱ་སྟེ།,,,
,,1134,5,《པེ་》《སྣར་》,བསྟན།,,,,,
,,1135,6,《པེ་》《སྣར་》,སྲུང་།,,,,,
,,1136,7,《པེ་》《སྣར་》,mཆེན་པོ།,,,,,
,,1137,8,《པེ་》《སྣར་》,གླང་།,,,,,
,,1138,9,《པེ་》《སྣར་》,ལ་རྡེག,,,,,
,585,1139,1,《པེ་》《སྣར་》,དཔའ།,,,,,
,,1140,2,《པེ་》《སྣར་》,རྟོགས།,,,,,
,,1141,3,《པེ་》《སྣར་》,ཀུན་ཏུ།,,,,,
,,1142,4,《པེ་》《སྣར་》,mམི།,,,,,
,,1143,5,《པེ་》《སྣར་》,pལུང་མ་བསྟན་པ་དང་།,,,,,
,,1144,6,《པེ་》《སྣར་》,བྱོན་པའི།,,,,,
,,1145,7,《པེ་》,འབྱམས།,,,,,
,,1146,8,《པེ་》《སྣར་》,mཀྱི།,,,,,
,,1147,9,《པེ་》《སྣར་》,རྙན།,,,,,
,,1148,10,《པེ་》《སྣར་》,mལ།,,,,,
,,1149,11,《པེ་》《སྣར་》,པ།,,,,,
,586,1150,1,《པེ་》《སྣར་》,mདང་ཉིང་ལག,,,,,
,,1151,2,《པེ་》《སྣར་》,པ།,,,,,
,,1152,3,《པེ་》《སྣར་》,mཏུ།,,,,,
,,1153,4,《པེ་》《སྣར་》,བསྒྲུབ།,,,,,
,,1154,5,《པེ་》《སྣར་》,mརིག་པར།,,,,,
,,1155,6,《པེ་》《སྣར་》,མངོན།,,,,,
,,1156,7,《པེ་》《སྣར་》,mཀྱི།,,,,,
,,1157,8,《པེ་》《སྣར་》,བསྒྲུབ།,,,,,
,,1158,9,《པེ་》《སྣར་》,པའི་རྒྱན།,,,,,
,587,1159,1,《པེ་》《སྣར་》,mཀྱི།,,,,,
,,1160,2,《སྣར་》,པ།,,,,,
,,1161,3,《པེ་》《སྣར་》,བསྟན།,,,,,
,,1162,4,《པེ་》《སྣར་》,པདྨའི།,,,,,
,,1163,5,《པེ་》《སྣར་》,ཆེ་ནི།,,,,,
,,1164,6,《པེ་》《སྣར་》,དཔའི།,,,,,
,,1165,7,《པེ་》《སྣར་》,དཀྱིལ།,,,,,
,,1166,8,《པེ་》《སྣར་》,འབྱུང་།,,,,,
,,1167,9,《པེ་》《སྣར་》,ཀྱིས་ཞབས།,,,,,
,,1168,10,《པེ་》《སྣར་》,ཀྱིས།,,,,,
,,1169,11,《པེ་》《སྣར་》,རྣམ་པ།,,,,,
,,1170,12,《པེ་》《སྣར་》,པས།,,,,,
,588,1171,1,《པེ་》《སྣར་》,mདུ།,,,,,
,,1172,2,《སྣར་》,pདཀྱིལ།,,,,,
,,1173,3,《པེ་》《སྣར་》,ཞིག,,,,,
,,1174,4,《པེ་》《སྣར་》,བའི།,,,,,
,,1175,5,《པེ་》《སྣར་》,mཆོས་ཀྱི།,,,,,
,,1176,6,《པེ་》《སྣར་》,འབྱམས།,,,,,
,,1177,7,《པེ་》《སྣར་》,mཀྱི།,,,,,
,,1178,8,《སྣར་》,ཅི།,,,,,
,,1179,9,《པེ་》《སྣར་》,mདུ།,,,,,
,,1180,10,《པེ་》《སྣར་》,ཆེན་པོ།,,,,,
,,1181,11,《པེ་》,ལས།,,,,,
,589,1182,1,《པེ་》《སྣར་》,mབཅས།,,,,,
,,1183,2,《པེ་》《སྣར་》,དང་།,,,,,
,,1184,3,《པེ་》《སྣར་》,པས།,,,,,
,590,1185,1,《པེ་》《སྣར་》,mདག,,,,,
,,1186,2,《པེ་》《སྣར་》,འབྱམས།,,,,,
,,1187,3,《པེ་》,འགྱུར།,,,,,
,,1188,4,《པེ་》《སྣར་》,mམཐའི།,,,,,
,,1189,5,《པེ་》《སྣར་》,mམ།,,,,,
,,1190,6,《པེ་》《སྣར་》,mཔད་མའི།,,,,,
,,1191,7,《པེ་》《སྣར་》,mན།,,,,,
,591,1192,1,《པེ་》《སྣར་》,ཆེའི།,,,,,
,,1193,2,《པེ་》,དེ།,,,,,
,,1194,3,《པེ་》《སྣར་》,ཆེའི།,,,,,
,,1195,4,《པེ་》《སྣར་》,mཐམས་ཅད་ཀྱི།,,,,,
,,1196,5,《པེ་》《སྣར་》,pཀྱང་།,,,,,
,,1197,6,《པེ་》《སྣར་》,པ།,,,,,
,,1198,7,《པེ་》《སྣར་》,mསངས་རྒྱས་འབྱུང་བ་ཐམས་ཅད་དང་།,,,,,
,,1199,8,《པེ་》《སྣར་》,པ།,,,,,
,592,1200,1,《པེ་》《སྣར་》,གྱིས་བརླབས་ཀྱང་།,,,,,
,,1201,2,《པེ་》,ཤུགས།,,,,,
,,1202,3,《པེ་》《སྣར་》,mདུ།,,,,,
,,1203,4,《པེ་》《སྣར་》,དོ།།,,,,,
,,1204,5,《པེ་》《སྣར་》,mཉིད།,,,,,
,593,1205,1,《པེ་》《སྣར་》,དག,,,,,
,,1206,2,《པེ་》《སྣར་》,ཀྱི།,,,,,
,,1207,3,《པེ་》《སྣར་》,mའདམ་བུའི་ཚལ་ལམ།,,,,,
,,1208,4,《པེ་》《སྣར་》,mལམ། ཏིལ་གྱི་ཚལ།,,,,,
,,1209,5,《པེ་》《སྣར་》,བསྒྲུབ།,,,,,
,,1210,6,《པེ་》《སྣར་》,mརབ་ཏུ།,,,,,
,594,1211,1,《སྣར་》,ན།,,,,,
,595,1212,1,《པེ་》《སྣར་》,ལྟར་རེ་ཞིག,,,,,
,,1213,2,《པེ་》《སྣར་》,mགང་།,,,,,
,,1214,3,《པེ་》《སྣར་》,mབའི།,,,,,
,,1215,4,《པེ་》《སྣར་》,ཤཱ།,,,,,
,,1216,5,《པེ་》《སྣར་》,ཤཱ།,,,,,
,,1217,6,《པེ་》《སྣར་》,ཀྱིས།,,,,,
,,1218,7,《པེ་》《སྣར་》,mདང་།,,,,,
,,1219,8,《པེ་》《སྣར་》,འབྱམས།,,,,,
,596,1220,1,《པེ་》《སྣར་》,རྩལ་པ།,,,,,
,,1221,2,《པེ་》《སྣར་》,འཛུམ།,,,,,
,,1222,3,《པེ་》《སྣར་》,mདག་པ།,,,,,
,,1223,4,《པེ་》《སྣར་》,ཚུལ།,,,,,
,597,1224,1,《པེ་》《སྣར་》,སྲེལ།,,,,,
,,1225,2,《པེ་》《སྣར་》,མཐའ།,,,,,
,,1226,3,《པེ་》《སྣར་》,གྱིས་བརླབས།,,,,,
,,1227,4,《པེ་》《སྣར་》,གིས་ཡུལ།,,,,,
,,1228,5,《པེ་》,ཁྱོད།,,,,,
,,1229,6,《པེ་》《སྣར་》,mགྱི།,,,,,
,,1230,7,《པེ་》《སྣར་》,གྱིས་བརླབས།,,,,,
,,1231,8,《པེ་》《སྣར་》,དང་། བསྟན།,,,,,
,598,1232,1,《པེ་》《སྣར་》,གིས།,,,,,
,,1233,2,《པེ་》《སྣར་》,གྱིས་བརླབས།,,,,,
,,1234,3,《པེ་》《སྣར་》,པ།,,,,,
,,1235,4,《པེ་》《སྣར་》,བྲིས།,,,,,
,,1236,5,《པེ་》《སྣར་》,mཤིན་ཏུ།,,,,,
,,1237,6,《པེ་》《སྣར་》,དཔའ།,,,,,
,,1238,7,《པེ་》《སྣར་》,སྤངས།,,,,,
,599,1239,1,《པེ་》《སྣར་》,ལ།,,,,,
,,1240,2,《པེ་》《སྣར་》,དཔའ།,,,,,
,,1241,3,《པེ་》《སྣར་》,mདང་།,,,,,
,,1242,4,《པེ་》《སྣར་》,mདང་།,,,,,
,,1243,5,《པེ་》《སྣར་》,mདེ་བས།,,,,,
,,1244,6,《པེ་》《སྣར་》《ཅོ་》,བསྐྱེད།,,,,,
,,1245,7,《པེ་》《སྣར་》,འབྲི།,,,,,
,,1246,8,《པེ་》《སྣར་》,ཙརྱ།,,,,,
