མཚན་བྱང་།,ཤོག་གྲངས།,1,མཆན་གྲངས།,པར་མ།,མཆན།,པར་གྲངས།,,,,
༄༅། །ཚད་མ་རྣམ་འགྲེལ་གྱི་འགྲེལ་པ།,900,2,1, 《པེ་》《སྣར་》,རྣམ་འགྲེལ་ལེའུ་དང་པོའི་རང་འགྲེལ་བཞུགས། ,,,,,མཚན་བྱང་འདི་ཆོས་ཚན་འདིའི་མཚན་བོད་སྐད་དུ་སྨོས་པ་ལྟར་བཀོད་ཅིང་།
,,3,2,《པེ་》,ཎ་བརྟ་ཏི་ཀ་བྲིཏྟཾ།,《སྣར་》,ཎ་བརྟི་ཀ་བྲྀཏྟི།,《ཅོ་》,ཎཱ་པ་ཏཱ་ར་ཏི་ཀ་བྲྀ་ཏྲཱི།,
,,4,3,《པེ་》,ལ།,《སྣར་》,བ།,,,
,,5,4,《པེ་》《སྣར་》,རྟོག,,,,,
,901,6,1,《སྣར་》《ཅོ་》,ད།,,,,,
,,7,2,《པེ་》《སྣར་》,བར།,,,,,
,,8,3,《ཅོ་》,ཆོས།,,,,,
,,9,4,《པེ་》《སྣར་》,པ།,,,,,
,,10,5,《པེ་》《སྣར་》,བས།,,,,,
,,11,6,《པེ་》《སྣར་》,སྤངས་པའི།,,,,,
,,12,7,《སྣར་》,བུས།,,,,,
,,13,8,《པེ་》《སྣར་》,ཏེ།,,,,,
,902,14,1,《པེ་》《སྣར་》,pན།,,,,,
,,15,2,《པེ་》,དོ།།,,,,,
,,16,3,《པེ་》《སྣར་》,ན།,,,,,
,903,17,1,《པེ་》《སྣར་》,འབྱུང་།,,,,,
,,18,2,《པེ་》《སྣར་》,pཔོ།,,,,,
,,19,3,《པེ་》《སྣར་》,ཚད།,,,,,
,,20,4,《པེ་》《སྣར་》,སྐྱེ་བ།,,,,,
,,21,5,《པེ་》《སྣར་》,པ་དག,,,,,
,,22,6,《པེ་》《སྣར་》,གཅིག,,,,,
,,23,7,《པེ་》《སྣར་》,mདག,,,,,
,904,24,1,《པེ་》《སྣར་》,གྱུར་པའི།,,,,,
,,25,2,《པེ་》《སྣར་》,གྱི།,,,,,
,,26,3,《པེ་》《སྣར་》,pཔ་མེད།,,,,,
,,27,4,《པེ་》,ལ།,,,,,
,905,28,1,《པེ་》《སྣར་》,mཐ་སྙད།,,,,,
,,29,2,《པེ་》《སྣར་》,བསྒྲུབས།,,,,,
,,30,3,《པེ་》《སྣར་》,སྒྲུབ།,,,,,
,,31,4,《པེ་》《སྣར་》,སྒྲུབ།,,,,,
,,32,5,《པེ་》《སྣར་》,སྒྲུབ།,,,,,
,,33,6,《པེ་》《སྣར་》,pཉིད་ཅན།,,,,,
,906,34,1,《པེ་》,སྒྲུབ་པ།,《སྣར་》,སྒྲུབ་པ་ལ།,,,
,,35,2,《པེ་》《སྣར་》,འགྲེལ།,,,,,
,,36,3,《པེ་》《སྣར་》,mཏེ།,,,,,
,,37,4,《པེ་》《སྣར་》,པ།,,,,,
,,38,5,《པེ་》《སྣར་》,mཕྱིར།,,,,,
,,39,6,《པེ་》《སྣར་》,mཁོ་ན།,,,,,
,,40,7,《པེ་》《སྣར་》,དོ།།,,,,,
,,41,8,《པེ་》《སྣར་》,ན།,,,,,
,,42,9,《པེ་》《སྣར་》,རེག,,,,,
,,43,10,《སྣར་》,ན།,,,,,
,,44,11,《པེ་》《སྣར་》,pམེ།,,,,,
,,45,12,《པེ་》《སྣར་》,pམེ།,,,,,
,907,46,1,《པེ་》,ནི།,,,,,
,,47,2,《པེ་》《སྣར་》,pམ།,,,,,
,908,48,1,《པེ་》,བར།,,,,,
,,49,2,《པེ་》,དུ་ཡོད་དོ།,《སྣར་》,དུ་ཡིན་ནོ།,,,
,,50,3,《པེ་》,ནི།,,,,,
,,51,4,《པེ་》《སྣར་》,རྫས།,,,,,
,,52,5,《པེ་》《སྣར་》,ན།,,,,,
,,53,6,《པེ་》,སྐྱེས།,《ཅོ་》,བསྐྱེད།,,,
,,54,7,《པེ་》《སྣར་》,སྣ།,,,,,
,,55,8,《པེ་》,ནས་པ།,,,,,
,909,56,1,《པེ་》《སྣར་》,དེའི།,,,,,
,,57,2,《པེ་》《སྣར་》,པ།,,,,,
,,58,3,《པེ་》,mགྱི།,,,,,
,,59,4,《པེ་》《སྣར་》,mཡིན།,,,,,
,,60,5,《པེ་》,དེ།,,,,,
,,61,6,《པེ་》《སྣར་》,ཀྱིས།,,,,,
,,62,7,《པེ་》《སྣར་》,mརོས།,,,,,
,,63,8,《པེ་》《སྣར་》,བ།,,,,,
,,64,9,《པེ་》《སྣར་》,པའི་འཁྲུལ།,,,,,
,,65,10,《པེ་》《སྣར་》,ཏེ།,,,,,
,,66,11,《པེ་》《སྣར་》,pདང་།,,,,,
,910,67,1,《པེ་》《སྣར་》,mཟག་པ།,,,,,
,,68,2,《པེ་》,ཡིན།,,,,,
,,69,3,《པེ་》《སྣར་》,དོན།,,,,,
,911,70,1,《པེ་》《སྣར་》,pབ།,,,,,
,,71,2,《པེ་》《སྣར་》,སྒྲུབ།,,,,,
,,72,3,《པེ་》《སྣར་》,པར།,,,,,
,,73,4,《པེ་》,pརོ།།,,,,,
,,74,5,《པེ་》《སྣར་》,དེ།,,,,,
,912,75,1,《པེ་》《སྣར་》,འཆགས།,,,,,
,,76,2,《པེ་》,ན་ད།,《སྣར་》,ནི་ད།,,,
,,77,3,《སྣར་》,པོའི།,,,,,
,,78,4,《པེ་》《སྣར་》,རིག,,,,,
,,79,5,《པེ་》《སྣར་》,བལྟ།,,,,,
,,80,6,《པེ་》《སྣར་》,དཔེར།,,,,,
,,81,7,《པེ་》《སྣར་》,དོ།།,,,,,
,,82,8,《པེ་》《སྣར་》,ཚོགས།,,,,,
,,83,9,《པེ་》《སྣར་》,ན།,,,,,
,,84,10,《པེ་》《སྣར་》,ཚོས།,,,,,
,,85,11,《པེ་》,mཔའི།,,,,,
,,86,12,《པེ་》《སྣར་》,ཡིན་ཞེ།,,,,,
,,87,13,《པེ་》《སྣར་》,གྱིས།,,,,,
,913,88,1,《པེ་》《སྣར་》,ཡི།,,,,,
,,89,2,《པེ་》,ཙམ།,,,,,
,,90,3,《པེ་》《སྣར་》,གསལ།,,,,,
,,91,4,《པེ་》《སྣར་》,པ།,,,,,
,,92,5,《པེ་》《སྣར་》,pནི།,,,,,
,,93,6,《པེ་》《སྣར་》,mམ།,,,,,
,,94,7,《པེ་》《སྣར་》,mདེས།,,,,,
,,95,8,《པེ་》《སྣར་》,mནི།,,,,,
,,96,9,《པེ་》,མཐོན་པ།,,,,,
,,97,10,《པེ་》,གཞན།,,,,,
,914,98,1,《པེ་》《སྣར་》,མ།,,,,,
,,99,2,《པེ་》《སྣར་》,pཔ་ཉིད།,,,,,
,,100,3,《པེ་》《སྣར་》,mདོ།,,,,,
,,101,4,《པེ་》,mམི།,《སྣར་》,མ།,,,
,,102,5,《པེ་》《སྣར་》《ཅོ་》,བརྗོད།,,,,,
,,103,6,《པེ་》《སྣར་》,མི།,,,,,
,,104,7,《པེ་》《སྣར་》,ན།,,,,,
,,105,8,《པེ་》《སྣར་》,བ།,,,,,
,,106,9,《པེ་》《སྣར་》,mན།,,,,,
,915,107,1,《པེ་》《སྣར་》,སྒྲུབ།,,,,,
,,108,2,《པེ་》《སྣར་》,འགྲུབ།,,,,,
,,109,3,《པེ་》《སྣར་》,mལྡན་པ་དང་།,,,,,
,,110,4,《སྣར་》,སོ།,,,,,
,,111,5,《པེ་》《སྣར་》,ཏེ།,,,,,
,,112,6,《པེ་》《སྣར་》,བརྗོད།,,,,,
,,113,7,《པེ་》《སྣར་》,ཏེ།,,,,,
,,114,8,《པེ་》,ལ་ལྡོག་པ།,《སྣར་》,ལ་ལྡོག་མ།,,,
,916,115,1,《ཅོ་》,སྦྱོར།,,,,,
,,116,2,《པེ་》《སྣར་》,mདེ།,,,,,
,,117,3,《པེ་》《སྣར་》,བཟློག,,,,,
,,118,4,《པེ་》《སྣར་》,མ།,,,,,
,,119,5,《པེ་》《སྣར་》,དགོངས།,,,,,
,,120,6,《པེ་》,pབ།,,,,,
,,121,7,《པེ་》《སྣར་》,གཉན།,,,,,
,,122,8,《པེ་》《སྣར་》,ལོག,,,,,
,,123,9,《པེ་》《སྣར་》,མ།,,,,,
,917,124,1,《པེ་》《སྣར་》,བརྟན།,,,,,
,,125,2,《པེ་》《སྣར་》,མཐོང་བ་དག,,,,,
,,126,3,《པེ་》《སྣར་》,སྨོས།,,,,,
,,127,4,《པེ་》《སྣར་》,སོགས།,,,,,
,,128,5,《པེ་》《སྣར་》,pཡང་།,,,,,
,,129,6,《པེ་》《སྣར་》,pམ།,,,,,
,,130,7,《པེ་》《སྣར་》,pཔ།,,,,,
,918,131,1,《པེ་》《སྣར་》,pམ།,,,,,
,,132,2,《པེ་》《སྣར་》,ལས།,,,,,
,,133,3,《པེ་》《སྣར་》,ཀྱི།,,,,,
,,134,4,《པེ་》《སྣར་》,པར།,,,,,
,,135,5,《སྣར་》,བ་ཡང་མ།,,,,,
,919,136,1,《སྣར་》,མི།,,,,,
,,137,2,《པེ་》《སྣར་》,ཅིག,,,,,
,,138,3,《པེ་》《སྣར་》,mཕྱིར།,,,,,
,,139,4,《པེ་》,མེད་དགའ་བ།《སྣར་》《ཅོ་》,རེས་འགའ་བ།,,,,
,,140,5,《པེ་》《སྣར་》,དེ།,,,,,
,,141,6,《པེ་》《སྣར་》,དོ།།,,,,,
,,142,7,《སྣར་》,ལས།,,,,,
,,143,8,《པེ་》《སྣར་》,སྒྲུབ།,,,,,
,920,144,1,《པེ་》《སྣར་》,དེའི།,,,,,
,,145,2,《པེ་》《སྣར་》,ཡིན།,,,,,
,921,146,1,《ཅོ་》,མ།,,,,,
,,147,2,《པེ་》《སྣར་》,ལན།,,,,,
,,148,3,《པེ་》《སྣར་》,pཀྱིས།,,,,,
,,149,4,《པེ་》《སྣར་》,ཡིན།,,,,,
,,150,5,《པེ་》《སྣར་》,དོགས།,,,,,
,,151,6,《པེ་》《སྣར་》,།། །།,,,,,
,,152,7,《པེ་》《སྣར་》,pབམ་པོ་གཉིས་པ།,,,,,
,922,153,1,《པེ་》《སྣར་》,སྤོང་།,,,,,
,,154,2,《པེ་》《སྣར་》,རྟག,,,,,
,,155,3,《པེ་》,དེའི་ས།,,,,,
,,156,4,《པེ་》《སྣར་》,གྱི།,,,,,
,,157,5,《པེ་》《སྣར་》,ལྟར།,,,,,
,,158,6,《པེ་》《སྣར་》,pཡོད་ན།,,,,,
,,159,7,《པེ་》《སྣར་》,པ།,,,,,
,,160,8,《པེ་》《སྣར་》,ན།,,,,,
,,161,9,《པེ་》,mཔ།,,,,,
,923,162,1,《པེ་》《སྣར་》,mན།,,,,,
,,163,2,《པེ་》《སྣར་》,mལྟ།,,,,,
,,164,3,《པེ་》《སྣར་》,mན།,,,,,
,,165,4,《པེ་》《སྣར་》,འདི།,,,,,
,,166,5,《པེ་》《སྣར་》,བ།,,,,,
,,167,6,《སྣར་》,mན།,,,,,
,,168,7,《པེ་》,གྲུབ།,,,,,
,924,169,1,《པེ་》《སྣར་》《ཅོ་》,ན།,,,,,
,,170,2,《པེ་》《སྣར་》,དང་།,,,,,
,,171,3,《པེ་》《སྣར་》,བཟློག,,,,,
,,172,4,《པེ་》《སྣར་》,འགོག,,,,,
,,173,5,《པེ་》《སྣར་》,ཁྱབ།,,,,,
,,174,6,《པེ་》《སྣར་》,མ།,,,,,
,,175,7,《པེ་》《སྣར་》,བྱེད།,,,,,
,925,176,1,《པེ་》,ནི།,,,,,
,,177,2,《པེ་》,mགོ།,,,,,
,,178,3,《པེ་》《སྣར་》,ནི།,,,,,
,,179,4,《པེ་》《སྣར་》,པར།,,,,,
,,180,5,《པེ་》《སྣར་》,pམ།,,,,,
,,181,6,《པེ་》,རྟགས།,,,,,
,,182,7,《པེ་》《སྣར་》,ཕྱིར།,,,,,
,,183,8,《པེ་》《སྣར་》,དེ་ཁོ་ནས།,,,,,
,,184,9,《པེ་》《སྣར་》,གྱིས།,,,,,
,,185,10,《པེ་》《སྣར་》,pབ།,,,,,
,,186,11,《པེ་》《སྣར་》,ཞན།,,,,,
,,187,12,《པེ་》《སྣར་》,mབསླུས་པས།,,,,,
,926,188,1,《པེ་》,mམཐོང་བ་རྒྱུ།,,,,,
,,189,2,《པེ་》《སྣར་》,mཔ།,,,,,
,,190,3,《པེ་》《སྣར་》,mདེ།,,,,,
,,191,4,《པེ་》《སྣར་》,མིན།,,,,,
,,192,5,《པེ་》《སྣར་》,དེའི།,,,,,
,,193,6,《པེ་》《སྣར་》,མེ་ཡི།,,,,,
,,194,7,《པེ་》《སྣར་》,ཡིས།,,,,,
,,195,8,《པེ་》《སྣར་》,pསུ།,,,,,
,927,196,1,《པེ་》《སྣར་》,དོ།།,,,,,
,,197,2,《སྣར་》,གི།,,,,,
,,198,3,《པེ་》《སྣར་》,mརོ།,,,,,
,,199,4,《པེ་》《སྣར་》,བ།,,,,,
,,200,5,《པེ་》《སྣར་》,ལས་འབྱུང་།,,,,,
,,201,6,《པེ་》《སྣར་》,འབྱུང་།,,,,,
,928,202,1,《པེ་》《སྣར་》,mའམ།,,,,,
,,203,2,《པེ་》《སྣར་》,ཏེ།,,,,,
,,204,3,《པེ་》《སྣར་》,mདོན།,,,,,
,929,205,1,《པེ་》《སྣར་》,མེ།,,,,,
,,206,2,《སྣར་》,མེད།,,,,,
,,207,3,《པེ་》《སྣར་》,mབཞིན།,,,,,
,,208,4,《པེ་》《སྣར་》,དག,,,,,
,,209,5,《པེ་》,བརྟེན།,,,,,
,,210,6,《པེ་》《སྣར་》,སྐྱེས་པ།,,,,,
,,211,7,《པེ་》《སྣར་》,mན།,,,,,
,,212,8,《པེ་》,པར།,,,,,
,,213,9,《པེ་》《སྣར་》,བུ།,,,,,
,930,214,1,《པེ་》《སྣར་》,ལས།,,,,,
,,215,2,《པེ་》《སྣར་》,།།,,,,,
,,216,3,《པེ་》《སྣར་》,mབམ་པོ་གཉིས་པ།,,,,,
,,217,4,《པེ་》《སྣར་》,སྐྱེས་པའི།,,,,,
,,218,5,《པེ་》《སྣར་》,mད།,,,,,
,,219,6,《པེ་》《སྣར་》,mནོ།,,,,,
,,220,7,《པེ་》《སྣར་》,ན།,,,,,
,,221,8,《པེ་》《སྣར་》,mརོ།,,,,,
,,222,9,《པེ་》《སྣར་》,བཅའ་བའི།,,,,,
,,223,10,《པེ་》,དེ།,《སྣར་》,དེས།,,,
,,224,11,《པེ་》《སྣར་》,བརྟེན།,,,,,
,931,225,1,《པེ་》《སྣར་》,mདུ།,,,,,
,,226,2,《པེ་》,ནི།,,,,,
,,227,3,《པེ་》《སྣར་》,ག,,,,,
,,228,4,《པེ་》《སྣར་》,mཔ།,,,,,
,,229,5,《པེ་》《སྣར་》,རྫས།,,,,,
,,230,6,《པེ་》《སྣར་》,mདག,,,,,
,,231,7,《པེ་》《སྣར་》,mབློ་ལ།,,,,,
,932,232,1,《པེ་》《སྣར་》,mམི།,,,,,
,,233,2,《པེ་》《སྣར་》,ཡོད་པས།,,,,,
,,234,3,《སྣར་》,བསྙན།,,,,,
,,235,4,《ཅོ་》,pན།,,,,,
,,236,5,《པེ་》《སྣར་》,སྤངས་པར།,,,,,
,,237,6,《པེ་》《སྣར་》,རྩལ།,,,,,
,,238,7,《པེ་》《སྣར་》,སྤངས་པའི།,,,,,
,,239,8,《པེ་》《སྣར་》,བཅའ་བའི།,,,,,
,,240,9,《པེ་》《སྣར་》,སྒྲུབ།,,,,,
,,241,10,《པེ་》《སྣར་》,mསྒྲ་གཞན།,,,,,
,933,242,1,《པེ་》《སྣར་》,pལ།,,,,,
,,243,2,《པེ་》《སྣར་》,གནས་སུ་གྱུར་པ་འཁྲུལ།,,,,,
,,244,3,《པེ་》《སྣར་》,mགཞན།,,,,,
,,245,4,《པེ་》《སྣར་》,བོ།,,,,,
,,246,5,《པེ་》《སྣར་》,བར།,,,,,
,934,247,1,《པེ་》《སྣར་》,pཔར་བྱེད།,,,,,
,,248,2,《པེ་》《སྣར་》,འགྱུར་རོ།,,,,,
,,249,3,《པེ་》,ནོ།།,,,,,
,,250,4,《པེ་》,བའི།,,,,,
,,251,5,《པེ་》《སྣར་》,ཀུན།,,,,,
,,252,6,《པེ་》,འགའ།,,,,,
,,253,7,《པེ་》《སྣར་》,སྒྲུབ།,,,,,
,,254,8,《སྣར་》,ཏེ།,,,,,
,,255,9,《པེ་》《སྣར་》,ཞིག,,,,,
,,256,10,《པེ་》《སྣར་》,mརོ།,,,,,
,,257,11,《པེ་》《སྣར་》,pམ།,,,,,
,935,258,1,《ཅོ་》,པ།,,,,,
,,259,2,《པེ་》《སྣར་》,mལ།,,,,,
,,260,3,《པེ་》,ཤེས།,,,,,
,,261,4,《པེ་》《སྣར་》,དེ།,,,,,
,,262,5,《པེ་》《སྣར་》,རྟགས།,,,,,
,,263,6,《པེ་》《སྣར་》,དེའི།,,,,,
,,264,7,《པེ་》,ཡིན།,,,,,
,,265,8,《པེ་》《སྣར་》,pཡང་།,,,,,
,,266,9,《པེ་》,བརྟག་པའི།,《སྣར་》,བརྟག་པའོ།,,,
,,267,10,《པེ་》,ཡིན།,,,,,
,,268,11,《པེ་》《སྣར་》,བོར།,,,,,
,936,269,1,《པེ་》《སྣར་》,mཔ།,,,,,
,,270,2,《པེ་》《སྣར་》,mདེ།,,,,,
,,271,3,《པེ་》《སྣར་》,mགནོད་པར་བྱ་བ་དང་།,,,,,
,,272,4,《པེ་》,མཇུག,,,,,
,,273,5,《ཅོ་》,བ།,,,,,
,,274,6,《པེ་》《སྣར་》,mགྱིས།,,,,,
,,275,7,《པེ་》《སྣར་》,པས།,,,,,
,,276,8,《པེ་》《སྣར་》,mངོ་བོ།,,,,,
,,277,9,《པེ་》《སྣར་》,mདེ།,,,,,
,,278,10,《པེ་》,ནོ།,,,,,
,,279,11,《པེ་》《སྣར་》,བརྟེན།,,,,,
,,280,12,《པེ་》《སྣར་》,མཉན་པ།,,,,,
,,281,13,《པེ་》《སྣར་》,བརྟེན།,,,,,
,,282,14,《པེ་》《སྣར་》,mདུ།,,,,,
,937,283,1,《པེ་》《སྣར་》,mན།,,,,,
,,284,2,《པེ་》《སྣར་》,ཡིན།,,,,,
,,285,3,《པེ་》《སྣར་》,pདང་།,,,,,
,,286,4,《པེ་》《སྣར་》,ནས།,,,,,
,,287,5,《པེ་》《སྣར་》,བའི་དེ་ཁྱད་པར་གཅིག་གིས།,,,,,
,,288,6,《སྣར་》,བཟུང་།,,,,,
,,289,7,《པེ་》《སྣར་》,pདུ།,,,,,
,,290,8,《པེ་》《སྣར་》,mདེ།,,,,,
,,291,9,《སྣར་》,གཟུགས་ནི།,,,,,
,,292,10,《པེ་》《སྣར་》,རྗེས།,,,,,
,,293,11,《པེ་》《སྣར་》,ན།,,,,,
,938,294,1,《པེ་》《སྣར་》,pནི།,,,,,
,,295,2,《པེ་》《སྣར་》,རྣམས།,,,,,
,,296,3,《པེ་》《སྣར་》,ཀྱིས།,,,,,
,,297,4,《པེ་》《སྣར་》,དག,,,,,
,,298,5,《པེ་》《སྣར་》,mདེ།,,,,,
,,299,6,《པེ་》《སྣར་》,པ།,,,,,
,,300,7,《པེ་》《སྣར་》,དོན།,,,,,
,,301,8,《པེ་》《སྣར་》,ཀྱི།,,,,,
,,302,9,《པེ་》《སྣར་》,pཔ།,,,,,
,939,303,1,《ཅོ་》,མཚན།,,,,,
,,304,2,《པེ་》《སྣར་》,mམེད་པའི།,,,,,
,,305,3,《པེ་》《སྣར་》,mམཚོན་པར།,,,,,
,,306,4,《པེ་》《སྣར་》,mངེས་པར།,,,,,
,,307,5,《པེ་》《སྣར་》,བཟུང་།,,,,,
,,308,6,《པེ་》《སྣར་》,བཟུང་།,,,,,
,,309,7,《པེ་》《སྣར་》,དོ།།,,,,,
,,310,8,《པེ་》《སྣར་》,མེད།,,,,,
,,311,9,《པེ་》《སྣར་》,གྲུབ།,,,,,
,940,312,1,《པེ་》《སྣར་》,ཀྱི།,,,,,
,,313,2,《པེ་》《སྣར་》,mངེས་པ།,,,,,
,,314,3,《པེ་》《སྣར་》,པས།,,,,,
,,315,4,《པེ་》《སྣར་》,ལས།,,,,,
,,316,5,《པེ་》《སྣར་》,བའང་།,,,,,
,,317,6,《པེ་》《སྣར་》,mདོ།,,,,,
,,318,7,《པེ་》《སྣར་》,མྱགས་པ།,,,,,
,941,319,1,《པེ་》《སྣར་》,mཉེ།,,,,,
,,320,2,《པེ་》《སྣར་》,གིས།,,,,,
,,321,3,《པེ་》《སྣར་》,mམི།,,,,,
,,322,4,《པེ་》《སྣར་》,ངེས།,,,,,
,,323,5,《པེ་》《སྣར་》,ལོགས།,,,,,
,,324,6,《པེ་》《སྣར་》,དང་།,,,,,
,,325,7,《པེ་》《སྣར་》,mནོ།,,,,,
,,326,8,《པེ་》《སྣར་》,mརྒྱུ།,,,,,
,,327,9,《པེ་》《སྣར་》,pནི།,,,,,
,,328,10,《པེ་》,ལས།,,,,,
,,329,11,《པེ་》《སྣར་》,རྟོག,,,,,
,,330,12,《པེ་》《སྣར་》,པར།,,,,,
,942,331,1,《ཅོ་》,པར།,,,,,
,,332,2,《པེ་》《སྣར་》,ཏེ།,,,,,
,,333,3,《པེ་》《སྣར་》,སྤོངས་པ།,,,,,
,,334,4,《པེ་》《སྣར་》,pཔ།,,,,,
,,335,5,《པེ་》《སྣར་》,བུ།,,,,,
,,336,6,《པེ་》《སྣར་》,བཅངས།,,,,,
,,337,7,《པེ་》《སྣར་》,གཅད།,,,,,
,,338,8,《པེ་》《སྣར་》,གྱི།,,,,,
,,339,9,《པེ་》《སྣར་》,པར་བཅད།,,,,,
,943,340,1,《པེ་》《སྣར་》,།།བཙེད།,,,,,
,,341,2,《པེ་》,བཙོད།《སྣར་》,བཅེད།,,,,
,,342,3,《པེ་》《སྣར་》,mདེ།,,,,,
,,343,4,《པེ་》《སྣར་》,གཙེད།,,,,,
,,344,5,《པེ་》《སྣར་》,mམ།,,,,,
,,345,6,《པེ་》,འདི།,,,,,
,944,346,1,《པེ་》《སྣར་》,ཆོས་སོ།,,,,,
,,347,2,《པེ་》《སྣར་》,གསལ།,,,,,
,,348,3,《པེ་》《སྣར་》,pགཅིག,,,,,
,,349,4,《པེ་》《སྣར་》,བརྟེན།,,,,,
,,350,5,《པེ་》,ན།,,,,,
,,351,6,《པེ་》《སྣར་》,གི།,,,,,
,,352,7,《པེ་》《སྣར་》,ལོགས།,,,,,
,945,353,1,《པེ་》《སྣར་》,སྐྱེས།,,,,,
,,354,2,《པེ་》,mཐ།,,,,,
,,355,3,《པེ་》《སྣར་》,པའི།,,,,,
,946,356,1,《པེ་》,mདེ་ལྟར་སྦྱོར་བས།,《སྣར་》,དེ་ལྟར་སྦྱོར་བས་དེ་ལས།,,,
,,357,2,《པེ་》《སྣར་》,mལ།,,,,,
,,358,3,《པེ་》《སྣར་》,pལ།,,,,,
,,359,4,《སྣར་》《ཅོ་》,རྟོགས།,,,,,
,,360,5,《པེ་》《སྣར་》,ཤེས།,,,,,
,,361,6,《པེ་》,mན།,,,,,
,,362,7,《པེ་》,བདག,,,,,
,,363,8,《པེ་》《སྣར་》,གཞག,,,,,
,,364,9,《པེ་》《སྣར་》,mནམ།,,,,,
,947,365,1,《པེ་》《སྣར་》,ད།,,,,,
,,366,2,《ཅོ་》,གི།,,,,,
,,367,3,《པེ་》《སྣར་》,mམི།,,,,,
,,368,4,《པེ་》《སྣར་》,ལྟར།,,,,,
,,369,5,《པེ་》《སྣར་》,ག,,,,,
,,370,6,《པེ་》,ཏེ།,,,,,
,948,371,1,《པེ་》《སྣར་》,pཔ་ཡང་ཐ་དད།,,,,,
,,372,2,《པེ་》,mལ་སོགས།,,,,,
,,373,3,《པེ་》,ལྟ།,,,,,
,,374,4,《པེ་》,mམི་སྲིད་པ།,,,,,
,,375,5,《པེ་》《སྣར་》,སྲིད།,,,,,
,,376,6,《པེ་》《སྣར་》,mམ།,,,,,
,,377,7,《པེ་》,རྟོགས།,,,,,
,,378,8,《པེ་》《སྣར་》,རྟོག,,,,,
,949,379,1,《པེ་》《སྣར་》,mདང་།,,,,,
,,380,2,《པེ་》《སྣར་》,pཔོ།,,,,,
,,381,3,《པེ་》《སྣར་》,གིས།,,,,,
,,382,4,《པེ་》《སྣར་》,བསྒྲིབ།,,,,,
,,383,5,《པེ་》《སྣར་》,mགྱི།,,,,,
,,384,6,《སྣར་》,བསྒྲུབ།,,,,,
,950,385,1,《པེ་》《སྣར་》《ཅོ་》,ནི།,,,,,
,,386,2,《པེ་》《སྣར་》,ནི།,,,,,
,,387,3,《པེ་》《སྣར་》,པ་ནི།,,,,,
,,388,4,《པེ་》《སྣར་》,བརྟགས།,,,,,
,,389,5,《པེ་》,སྨྲས།,《སྣར་》,སྦྲས།,,,
,,390,6,《པེ་》,ལ་ལོགས།,,,,,
,,391,7,《པེ་》《སྣར་》,པོའི།,,,,,
,,392,8,《པེ་》《སྣར་》,pཔ།,,,,,
,951,393,1,《པེ་》,ཏོ།།,,,,,
,,394,2,《པེ་》《སྣར་》,གསལ།,,,,,
,,395,3,《པེ་》《སྣར་》,པར།,,,,,
,,396,4,《པེ་》《སྣར་》,པར།,,,,,
,,397,5,《པེ་》《སྣར་》,བར།,,,,,
,,398,6,《པེ་》《སྣར་》,བརྟེན།,,,,,
,,399,7,《པེ་》《སྣར་》,གསལ།,,,,,
,,400,8,《པེ་》《སྣར་》,མི།,,,,,
,,401,9,《པེ་》《སྣར་》,གསལ།,,,,,
,,402,10,《པེ་》《སྣར་》,ཅིག,,,,,
,,403,11,《པེ་》《སྣར་》,mའདི།,,,,,
,,404,12,《པེ་》《སྣར་》,mབཤད་པ།,,,,,
,952,405,1,《པེ་》《སྣར་》,པར།,,,,,
,,406,2,《པེ་》《སྣར་》,བོར།,,,,,
,,407,3,《པེ་》《སྣར་》,གསལ།,,,,,
,,408,4,《པེ་》《སྣར་》,འབྱུང་།,,,,,
,,409,5,《པེ་》《སྣར་》,གསལ།,,,,,
,,410,6,《པེ་》《སྣར་》,ལྟར།,,,,,
,,411,7,《པེ་》《སྣར་》,བསྒྲུབས།,,,,,
,,412,8,《པེ་》《སྣར་》,pབ།,,,,,
,,413,9,《པེ་》《སྣར་》,mཕྱིར།,,,,,
,,414,10,《པེ་》《སྣར་》,pཡིན།,,,,,
,953,415,1,《པེ་》《སྣར་》,ཀྱིས།,,,,,
,,416,2,《པེ་》《སྣར་》,སྒྲུབ།,,,,,
,,417,3,《པེ་》《སྣར་》,པར།,,,,,
,,418,4,《ཅོ་》,དྲེས།,,,,,
,,419,5,《པེ་》《སྣར་》,གསལ།,,,,,
,,420,6,《པེ་》《སྣར་》,པས།,,,,,
,,421,7,《པེ་》《སྣར་》,mདེ་ལྟ་བུ།,,,,,
,954,422,1,《པེ་》《སྣར་》,ཕྱིར།,,,,,
,,423,2,《པེ་》《སྣར་》,གསལ།,,,,,
,,424,3,《པེ་》《སྣར་》,གསལ།,,,,,
,,425,4,《པེ་》《སྣར་》,pརྣམས་ནི་འབྲས་བུ་ཁྱད་པར་ཅན།,,,,,
,,426,5,《པེ་》《སྣར་》,བྱ་བའོ།,,,,,
,,427,6,《པེ་》《སྣར་》,mདང་།,,,,,
,,428,7,《པེ་》《སྣར་》,mཔར།,,,,,
,955,429,1,《པེ་》《སྣར་》,དེ།,,,,,
,,430,2,《པེ་》《སྣར་》,ཤེས་པ།,,,,,
,,431,3,《པེ་》《སྣར་》,པར།,,,,,
,,432,4,《པེ་》《སྣར་》,དད།,,,,,
,,433,5,《པེ་》《སྣར་》,མི།,,,,,
,,434,6,《ཅོ་》,བརྟགས།,,,,,
,,435,7,《པེ་》《སྣར་》,སླད།,,,,,
,956,436,1,《པེ་》《སྣར་》,འཇུག,,,,,
,,437,2,《པེ་》《སྣར་》,བཟུང་།,,,,,
,,438,3,《པེ་》《སྣར་》,mཡང་།,,,,,
,,439,4,《པེ་》《སྣར་》,བྱེད་དོ།,,,,,
,,440,5,《པེ་》《སྣར་》,བརྟེན།,,,,,
,,441,6,《པེ་》《སྣར་》,ཏུ།,,,,,
,,442,7,《པེ་》《སྣར་》,mཔར་བྱས།,,,,,
,957,443,1,《པེ་》《སྣར་》,རྗོད།,,,,,
,,444,2,《པེ་》《སྣར་》,འདོགས།,,,,,
,,445,3,《པེ་》《སྣར་》,pདང་།,,,,,
,,446,4,《པེ་》《སྣར་》,ངེས།,,,,,
,,447,5,《པེ་》《སྣར་》,པ།,,,,,
,,448,6,《པེ་》《སྣར་》,pལ།,,,,,
,,449,7,《པེ་》《སྣར་》,ནས།,,,,,
,,450,8,《པེ་》《སྣར་》,དང་།,,,,,
,,451,9,《པེ་》《སྣར་》,གིས།,,,,,
,,452,10,《པེ་》《སྣར་》,mལ།,,,,,
,,453,11,《པེ་》《སྣར་》,སྒྲུབ།,,,,,
,958,454,1,《པེ་》《སྣར་》,ལ།,,,,,
,,455,2,《པེ་》《སྣར་》,པ།,,,,,
,,456,3,《པེ་》《སྣར་》,pརོ། །,,,,,
,,457,4,《པེ་》《སྣར་》,གིས།,,,,,
,,458,5,《པེ་》《སྣར་》,དེས།,,,,,
,,459,6,《པེ་》《སྣར་》,རྣམས།,,,,,
,,460,7,《པེ་》《སྣར་》,ཐུགས་སྐྱེ་བ་གང་།,,,,,
,,461,8,《པེ་》《སྣར་》,རྙེད།,,,,,
,,462,9,《སྣར་》,ནི།,,,,,
,959,463,1,《པེ་》《སྣར་》,བརྟེན།,,,,,
,,464,2,《པེ་》《སྣར་》,སྙད།,,,,,
,,465,3,《པེ་》《སྣར་》,དེ།,,,,,
,,466,4,《པེ་》《སྣར་》,pནི།,,,,,
,,467,5,《པེ་》《སྣར་》,ལ།,,,,,
,,468,6,《པེ་》《སྣར་》,གི།,,,,,
,,469,7,《པེ་》《སྣར་》,རྟོག,,,,,
,,470,8,《པེ་》《སྣར་》,རྟོག,,,,,
,,471,9,《པེ་》《སྣར་》,ནི།,,,,,
,,472,10,《པེ་》,བཏག,《སྣར་》,བརྟག,,,
,960,473,1,《པེ་》《སྣར་》,།། །།,,,,,
,,474,2,《པེ་》《སྣར་》,བྱས།,,,,,
,,475,3,《པེ་》《སྣར་》,གསལ།,,,,,
,,476,4,《པེ་》《སྣར་》,ཁྱབ་པ།,,,,,
,,477,5,《པེ་》《སྣར་》,ནས།,,,,,
,,478,6,《པེ་》,ཞེས།,,,,,
,,479,7,《པེ་》《སྣར་》,སྒྲུབ།,,,,,
,,480,8,《པེ་》《སྣར་》,ཅི།,,,,,
,,481,9,《པེ་》《སྣར་》,pའདིས།,,,,,
,,482,10,《པེ་》,mབསྒྲུབ་པ་དང་།,《སྣར་》,སྒྲུབ་པ་དང་།,,,
,,483,11,《པེ་》《སྣར་》,mཤེས་པར།,,,,,
,,484,12,《པེ་》《སྣར་》,ལྟར།,,,,,
,,485,13,《པེ་》《སྣར་》,གཞོལ་དང་གཞོ།,,,,,
,961,486,1,《པེ་》《སྣར་》,mན།,,,,,
,,487,2,《པེ་》《སྣར་》,ཡོད།,,,,,
,,488,3,《པེ་》《སྣར་》,mབ།,,,,,
,,489,4,《པེ་》《སྣར་》,གསལ།,,,,,
,,490,5,《པེ་》《སྣར་》,mའཁར་བ།,,,,,
,,491,6,《པེ་》《སྣར་》,གསལ།,,,,,
,,492,7,《པེ་》《སྣར་》,གསལ།,,,,,
,,493,8,《ཅོ་》,འཇུག,,,,,
,,494,9,《པེ་》《སྣར་》,mགྱི།,,,,,
,,495,10,《པེ་》《སྣར་》,བརྗོད།,,,,,
,,496,11,《པེ་》,རིག་གསལ།,《སྣར་》,རིགས་གསལ།,,,
,,497,12,《པེ་》《སྣར་》,mཔ།,,,,,
,,498,13,《པེ་》《སྣར་》,གསལ།,,,,,
,962,499,1,《པེ་》《སྣར་》,གསལ།,,,,,
,,500,2,《པེ་》《སྣར་》,བའི།,,,,,
,,501,3,《པེ་》《སྣར་》,དང་གསལ།,,,,,
,,502,4,《པེ་》《སྣར་》,སྐྱེད།,,,,,
,,503,5,《པེ་》《སྣར་》,mཔ།,,,,,
,,504,6,《པེ་》《སྣར་》,ཅི།,,,,,
,,505,7,《པེ་》《སྣར་》,གསལ་བར།,,,,,
,,506,8,《པེ་》《སྣར་》,གསལ།,,,,,
,,507,9,《པེ་》《སྣར་》,པ།,,,,,
,,508,10,《པེ་》《སྣར་》,ཡང་།,,,,,
,,509,11,《པེ་》《སྣར་》,གསལ།,,,,,
,,510,12,《པེ་》《སྣར་》,ཀྱིས།,,,,,
,,511,13,《པེ་》《སྣར་》,གསལ།,,,,,
,,512,14,《པེ་》《སྣར་》,mདེ་ལ།,,,,,
,,513,15,《པེ་》《སྣར་》,ལ།,,,,,
,,514,16,《པེ་》《སྣར་》,pདོན་རྣམས་ལ་སྒྲ་སྦྱོར་བ་འདི་དེ་བྱེད་པའི།,,,,,
,,515,17,《པེ་》《སྣར་》,མི་དད་པ་དེ།,,,,,
,963,516,1,《པེ་》《སྣར་》,ལོག,,,,,
,,517,2,《པེ་》《སྣར་》,mཔ།,,,,,
,,518,3,《པེ་》《སྣར་》,mལྡན་པ་དང་།,,,,,
,,519,4,《པེ་》《སྣར་》,ལེན།,,,,,
,,520,5,《པེ་》,མི།,,,,,
,,521,6,《པེ་》《སྣར་》,སྒྲུབ།,,,,,
,,522,7,《པེ་》《སྣར་》,ན།,,,,,
,,523,8,《པེ་》《སྣར་》,pལ།,,,,,
,,524,9,《པེ་》,རྗོད།,,,,,
,964,525,1,《ཅོ་》,བསྒྲུབ།,,,,,
,,526,2,《པེ་》《སྣར་》,རྟོགས།,,,,,
,,527,3,《པེ་》《སྣར་》,pཔར།,,,,,
,,528,4,《པེ་》,གསལ་ཟིན་ཏོ།།,《སྣར་》,གསལ་ཟིན་ཏེ།,,,
,,529,5,《པེ་》《སྣར་》,ལ།,,,,,
,,530,6,《པེ་》《སྣར་》,སྒྲུབ།,,,,,
,,531,7,《པེ་》《སྣར་》,mའཇུག་པར།,,,,,
,,532,8,《པེ་》《སྣར་》,སྐྱེས་པས།,,,,,
,,533,9,《པེ་》《སྣར་》,སྐྱེས་པའི།,,,,,
,965,534,1,《པེ་》《སྣར་》,པ།,,,,,
,,535,2,《པེ་》《སྣར་》,བསྟད།,,,,,
,,536,3,《པེ་》《སྣར་》,འབྲེལ།,,,,,
,,537,4,《པེ་》《སྣར་》,mའགའ།,,,,,
,,538,5,《པེ་》《སྣར་》,ལྟ།,,,,,
,,539,6,《པེ་》《སྣར་》,སྦྱར།,,,,,
,,540,7,《པེ་》《སྣར་》,ཀྱིས།,,,,,
,,541,8,《པེ་》《སྣར་》,mནོ།,,,,,
,966,542,1,《པེ་》《སྣར་》,pབ།,,,,,
,,543,2,《པེ་》《སྣར་》,mའདི།,,,,,
,,544,3,《པེ་》《སྣར་》,mཉིད།,,,,,
,,545,4,《པེ་》《སྣར་》,གྱི།,,,,,
,,546,5,《ཅོ་》,སྙེམས།,,,,,
,,547,6,《པེ་》,ནོ།།,,,,,
,967,548,1,《པེ་》《སྣར་》,གསལ།,,,,,
,,549,2,《པེ་》《སྣར་》,རྟོགས།,,,,,
,,550,3,《པེ་》,ནི།,,,,,
,,551,4,《པེ་》,ཡིན།,,,,,
,,552,5,《པེ་》《སྣར་》,རྟོགས་པ་ཡིན།,,,,,
,,553,6,《པེ་》《སྣར་》,mདེ།,,,,,
,,554,7,《པེ་》《སྣར་》,སྐྱེས་པའི།,,,,,
,968,555,1,《པེ་》《སྣར་》,བར།,,,,,
,,556,2,《པེ་》,ལ།,,,,,
,,557,3,《པེ་》《སྣར་》,གསལ།,,,,,
,,558,4,《པེ་》《སྣར་》,པ།,,,,,
,,559,5,《པེ་》《སྣར་》,སྐྱེས་པ།,,,,,
,,560,6,《པེ་》《སྣར་》,གསལ།,,,,,
,,561,7,《པེ་》《སྣར་》,གྱི།,,,,,
,,562,8,《པེ་》《སྣར་》,གསལ།,,,,,
,,563,9,《པེ་》《སྣར་》,གསལ།,,,,,
,,564,10,《པེ་》《སྣར་》,mཡང་།,,,,,
,,565,11,《པེ་》《སྣར་》,གསལ།,,,,,
,,566,12,《པེ་》《སྣར་》,གསལ།,,,,,
,,567,13,《པེ་》《སྣར་》,པོས།,,,,,
,969,568,1,《པེ་》《སྣར་》,ཅིག,,,,,
,,569,2,《པེ་》,རྣམས།,,,,,
,,570,3,《པེ་》《སྣར་》,སྐྱེད།,,,,,
,,571,4,《པེ་》《སྣར་》,mཔར།,,,,,
,,572,5,《པེ་》《སྣར་》,ཇི།,,,,,
,,573,6,《པེ་》《སྣར་》,གསལ།,,,,,
,,574,7,《པེ་》《སྣར་》,ན།,,,,,
,,575,8,《པེ་》《སྣར་》,གསལ།,,,,,
,,576,9,《པེ་》《སྣར་》,པ།,,,,,
,,577,10,《པེ་》《སྣར་》,གསལ།,,,,,
,,578,11,《པེ་》,ནི་དེ།,《སྣར་》,ནི་ད།,,,
,970,579,1,《པེ་》《སྣར་》,གསལ།,,,,,
,,580,2,《པེ་》《སྣར་》,གསལ།,,,,,
,,581,3,《པེ་》《སྣར་》,བཟངས་པ།,,,,,
,,582,4,《པེ་》《སྣར་》,བཟངས།,,,,,
,,583,5,《པེ་》《སྣར་》,འཐག,,,,,
,,584,6,《པེ་》《སྣར་》,གསལ་བ་རེ་རེ་གསལ་བ།,,,,,
,,585,7,《པེ་》《སྣར་》,mརྒྱུ།,,,,,
,,586,8,《པེ་》《སྣར་》,གསལ།,,,,,
,,587,9,《པེ་》《སྣར་》,འགའ།,,,,,
,,588,10,《པེ་》《སྣར་》,འགའ།,,,,,
,,589,11,《པེ་》《སྣར་》,གསལ།,,,,,
,,590,12,《པེ་》,དེའི།,,,,,
,,591,13,《པེ་》《སྣར་》,དོའི།,,,,,
,,592,14,《པེ་》《སྣར་》,དེ།,,,,,
,,593,15,《པེ་》《སྣར་》,གཞན།,,,,,
,,594,16,《པེ་》《སྣར་》,ཡིན།,,,,,
,971,595,1,《པེ་》,mབ།,,,,,
,,596,2,《པེ་》《སྣར་》,mགང་།,,,,,
,,597,3,《ཅོ་》,བོས་སྐྱེད།,,,,,
,,598,4,《པེ་》《སྣར་》,པ།,,,,,
,,599,5,《པེ་》《སྣར་》,གསལ།,,,,,
,,600,6,《པེ་》《སྣར་》,གསོལ། །འབའ།,,,,,
,,601,7,《པེ་》《སྣར་》,གསལ།,,,,,
,,602,8,《པེ་》《སྣར་》,mལ།,,,,,
,,603,9,《པེ་》《སྣར་》,གསལ།,,,,,
,,604,10,《པེ་》《སྣར་》,ཟིན།,,,,,
,972,605,1,《པེ་》《སྣར་》,གསལ།,,,,,
,,606,2,《པེ་》《སྣར་》,བར།,,,,,
,,607,3,《པེ་》《སྣར་》,སྐྲ།,,,,,
,,608,4,《པེ་》《སྣར་》,གྱི།,,,,,
,,609,5,《པེ་》《སྣར་》,pཡང་།,,,,,
,,610,6,《པེ་》,ཐ།,,,,,
,,611,7,《པེ་》《སྣར་》,pནི།,,,,,
,,612,8,《པེ་》《སྣར་》,pདང་།,,,,,
,973,613,1,《པེ་》《སྣར་》,mགཞན།,,,,,
,,614,2,《པེ་》《སྣར་》,བར།,,,,,
,,615,3,《པེ་》《སྣར་》《ཅོ་》,ཅི།,,,,,
,,616,4,《པེ་》《སྣར་》,དེ་དག་དང་འབྲེལ་པའི་ཕྱིར་རོ་ཞེ་ན། མ་ཡིན་ཏེ། རག་མ་ལས་པ་ལ་འབྲེལ་པར་མི་རུང་བའི་ཕྱིར་དང་། ཧ་ཅང་ཐལ་བར་འགྱུར་བའི་ཕྱིར་རོ། །གལ་ཏེ་དེ་དག་མཚུངས་ན་ནི།,,,,,
,,617,5,《པེ་》,པའི།,,,,,
,,618,6,《པེ་》《སྣར་》,གསལ།,,,,,
,,619,7,《པེ་》《སྣར་》,pཔ།,,,,,
,,620,8,《པེ་》《སྣར་》,རྟོགས།,,,,,
,,621,9,《པེ་》《སྣར་》,སྲེ།,,,,,
,,622,10,《པེ་》《སྣར་》,mརོ།,,,,,
,974,623,1,《པེ་》,ཆུང་འཆུ།,《སྣར་》,ཆུ་འཆུ།,,,
,,624,2,《པེ་》《སྣར་》,གསལ།,,,,,
,,625,3,《པེ་》,མི།,,,,,
,,626,4,《པེ་》《སྣར་》,pཏོ།།,,,,,
,,627,5,《པེ་》《སྣར་》,སྲེ།,,,,,
,,628,6,《པེ་》,ལ།,,,,,
,,629,7,《པེ་》《སྣར་》,ཀྱིས།,,,,,
,,630,8,《པེ་》,mཔའི་ངོ་བོ་ཉིད།,,,,,
,,631,9,《པེ་》《སྣར་》,པ་འདི།,,,,,
,,632,10,《པེ་》《སྣར་》,འགའ།,,,,,
,,633,11,《པེ་》《སྣར་》,པ་བསྙེམས།,,,,,
,,634,12,《པེ་》,རྟོག,,,,,
,,635,13,《པེ་》《སྣར་》,གསལ།,,,,,
,,636,14,《པེ་》,གིས་ཤེས་པ་རྣམས་པར་བསྲེས། ,《སྣར་》,གི་ཤེས་པས་རྣམ་པར་བསྲེས་པ།,,,
,,637,15,《ཅོ་》,pབུ།,,,,,
,,638,16,《པེ་》《སྣར་》,ག,,,,,
,975,639,1,《པེ་》《སྣར་》,pརོ།།,,,,,
,,640,2,《པེ་》《སྣར་》,mནི།,,,,,
,,641,3,《པེ་》《སྣར་》,ན།,,,,,
,,642,4,《པེ་》《སྣར་》,ན།,,,,,
,,643,5,《པེ་》《སྣར་》,བརྟེན།,,,,,
,,644,6,《པེ་》《སྣར་》,སླུ།,,,,,
,,645,7,《པེ་》《སྣར་》,དེ།,,,,,
,,646,8,《པེ་》《སྣར་》,ཏེ།,,,,,
,,647,9,《པེ་》《སྣར་》,ཕྱིར།,,,,,
,,648,10,《པེ་》《སྣར་》,བུ།,,,,,
,,649,11,《པེ་》《སྣར་》,mཅན།,,,,,
,,650,12,《པེ་》《སྣར་》,པར།,,,,,
,,651,13,《པེ་》,པར།,,,,,
,976,652,1,《པེ་》《སྣར་》,pདེ།,,,,,
,,653,2,《པེ་》《སྣར་》,འགའ།,,,,,
,,654,3,《པེ་》《སྣར་》,pབ།,,,,,
,,655,4,《པེ་》《སྣར་》,འགོད།,,,,,
,,656,5,《པེ་》《སྣར་》,སྤྱི།,,,,,
,,657,6,《པེ་》,གཅིག,,,,,
,,658,7,《པེ་》《སྣར་》,pཔར།,,,,,
,,659,8,《པེ་》《སྣར་》,mཏེ།,,,,,
,,660,9,《པེ་》《སྣར་》,བཅས།,,,,,
,977,661,1,《པེ་》《སྣར་》,པ།,,,,,
,,662,2,《པེ་》,གཅད།,,,,,
,,663,3,《པེ་》《སྣར་》,སྒྲུབ།,,,,,
,,664,4,《པེ་》《སྣར་》,ལ།,,,,,
,,665,5,《པེ་》《སྣར་》,ལ།,,,,,
,,666,6,《པེ་》,mཅིག,,,,,
,,667,7,《པེ་》《སྣར་》,འདའ།,,,,,
,,668,8,《པེ་》《སྣར་》,ཤེས།,,,,,
,978,669,1,《པེ་》《སྣར་》,mཏུ།,,,,,
,,670,2,《པེ་》《སྣར་》,གཞན་ལ།,,,,,
,,671,3,《པེ་》,ལྟ།,,,,,
,,672,4,《པེ་》《སྣར་》,ཞེས།,,,,,
,,673,5,《པེ་》《སྣར་》,གྱི།,,,,,
,,674,6,《པེ་》《སྣར་》,པར།,,,,,
,,675,7,《པེ་》《སྣར་》,པ།,,,,,
,,676,8,《པེ་》《སྣར་》,ལ།,,,,,
,,677,9,《པེ་》《སྣར་》,གྱིས་དབང་གིས།,,,,,
,,678,10,《པེ་》《སྣར་》,ཅིང་།,,,,,
,,679,11,《པེ་》《སྣར་》,mསྙམ་ནས།,,,,,
,,680,12,《པེ་》《སྣར་》,mཅན།,,,,,
,979,681,1,《པེ་》《སྣར་》,ལས།,,,,,
,,682,2,《པེ་》《སྣར་》,mབ།,,,,,
,,683,3,《པེ་》《སྣར་》,གིས།,,,,,
,,684,4,《པེ་》《སྣར་》,mལས།,,,,,
,,685,5,《པེ་》《སྣར་》,ལྟ།,,,,,
,,686,6,《པེ་》《སྣར་》,དྲང་ན། ཤེས་བྱ།,,,,,
,,687,7,《པེ་》《སྣར་》,ཤེས་བྱ།,,,,,
,,688,8,《པེ་》,ཀྱི།,,,,,
,,689,9,《པེ་》《སྣར་》,པའི་ཕྱིར་རོ།,,,,,
,,690,10,《པེ་》《སྣར་》,mཔ།,,,,,
,,691,11,《པེ་》《སྣར་》,mསྒྲ།,,,,,
,980,692,1,《པེ་》,mཅིག,,,,,
,,693,2,《པེ་》《སྣར་》,ཤེས་བྱ།,,,,,
,,694,3,《པེ་》《སྣར་》,གདམས་པ་ལ།,,,,,
,,695,4,《པེ་》《སྣར་》,ཤེས་བྱ།,,,,,
,,696,5,《པེ་》《སྣར་》,སྙད།,,,,,
,,697,6,《པེ་》《སྣར་》,གི།,,,,,
,,698,7,《པེ་》《སྣར་》,mཞེས།,,,,,
,981,699,1,《པེ་》,བ་ནི་ཤེས་བྱ་བ།,《སྣར་》,པ་ནི་ཤེས་བྱ་ལ།,,,
,,700,2,《པེ་》《སྣར་》,འགའ།,,,,,
,,701,3,《པེ་》《སྣར་》,དེ་ནི།,,,,,
,,702,4,《པེ་》《སྣར་》,པར།,,,,,
,,703,5,《པེ་》《སྣར་》,པར།,,,,,
,,704,6,《པེ་》《སྣར་》,བགོད།,,,,,
,,705,7,《པེ་》《སྣར་》,mགང་ཞིག,,,,,
,,706,8,《པེ་》《སྣར་》,mདེའི།,,,,,
,,707,9,《པེ་》《སྣར་》,mཔ་འཕངས།,,,,,
,982,708,1,《པེ་》《སྣར་》,pདེ།,,,,,
,,709,2,《པེ་》《སྣར་》,ཡི།,,,,,
,,710,3,《པེ་》《སྣར་》,འགྱུར་བ།,,,,,
,,711,4,《པེ་》《སྣར་》,mམེད་པ།,,,,,
,983,712,1,《པེ་》《སྣར་》,pལྡོག་པ།,,,,,
,,713,2,《པེ་》《སྣར་》,། །འགྱུར་རམ།,,,,,
,,714,3,《པེ་》《སྣར་》,pདེ།,,,,,
,,715,4,《པེ་》《སྣར་》,mཡིན་ན་དེ་ཉིད།,,,,,
,,716,5,《པེ་》,གྱིས།,,,,,
,,717,6,《པེ་》《སྣར་》,མིན།,,,,,
,,718,7,《པེ་》《སྣར་》,ངོ་བོ་ནི།,,,,,
,,719,8,《པེ་》《སྣར་》,ན།,,,,,
,,720,9,《པེ་》《སྣར་》,ནོ་ཞེས།,,,,,
,,721,10,《པེ་》《སྣར་》,pབཞིན་དུ།,,,,,
,,722,11,《པེ་》《སྣར་》,pནི།,,,,,
,,723,12,《པེ་》《སྣར་》,དེས།,,,,,
,,724,13,《པེ་》《སྣར་》,ཀྱི།,,,,,
,,725,14,《པེ་》《སྣར་》,ལས།,,,,,
,984,726,1,《པེ་》《སྣར་》,ལ།,,,,,
,,727,2,《པེ་》《སྣར་》,པའི།,,,,,
,,728,3,《པེ་》《སྣར་》,བཅད།,,,,,
,,729,4,《པེ་》《སྣར་》,གིས་བརྗོད།,,,,,
,,730,5,《པེ་》《སྣར་》,པས།,,,,,
,,731,6,《པེ་》《སྣར་》,བརྟེན།,,,,,
,,732,7,《པེ་》《སྣར་》,བློས།,,,,,
,,733,8,《པེ་》《སྣར་》,mསྣང་བ་ཐ་སྙད་ཀྱི།,,,,,
,,734,9,《པེ་》,འབྲེལ་བའི།,,,,,
,,735,10,《པེ་》《སྣར་》,བཅད།,,,,,
,,736,11,《པེ་》《སྣར་》,སྒྲུབ་པ།,,,,,
,,737,12,《པེ་》《སྣར་》,བཅད།,,,,,
,,738,13,《པེ་》《སྣར་》,mའོན་ཀྱང་།,,,,,
,,739,14,《པེ་》《སྣར་》,པ་རྟོགས།,,,,,
,,740,15,《པེ་》《སྣར་》,བློ་ཡིས།,,,,,
,,741,16,《པེ་》《སྣར་》,དག,,,,,
,985,742,1,《པེ་》《སྣར་》,བརྟེན།,,,,,
,,743,2,《པེ་》《སྣར་》,pདུ།,,,,,
,,744,3,《པེ་》《སྣར་》,དང་།,,,,,
,,745,4,《པེ་》《སྣར་》,བསྟེན།,,,,,
,,746,5,《པེ་》《སྣར་》,སྒྲུབ།,,,,,
,,747,6,《པེ་》《སྣར་》,དུ།,,,,,
,,748,7,《པེ་》,བློད།,《སྣར་》,གློད།,,,
,,749,8,《པེ་》《སྣར་》,པ།,,,,,
,,750,9,《པེ་》《སྣར་》,གིས།,,,,,
,,751,10,《པེ་》《སྣར་》,pཉིད།,,,,,
,986,752,1,《པེ་》《སྣར་》,རོ།།,,,,,
,,753,2,《པེ་》《སྣར་》,དྲང་།,,,,,
,,754,3,《པེ་》,འདིར།,,,,,
,,755,4,《པེ་》《སྣར་》,པ་ཡིན་ནོ།,,,,,
,,756,5,《པེ་》《སྣར་》,བརྟེན།,,,,,
,,757,6,《པེ་》《སྣར་》,ཡིན།,,,,,
,,758,7,《སྣར་》,གྱིས།,,,,,
,987,759,1,《པེ་》《སྣར་》,བར།,,,,,
,,760,2,《པེ་》《སྣར་》,pལ།,,,,,
,988,761,1,《པེ་》《སྣར་》,mལ།,,,,,
,,762,2,《པེ་》《སྣར་》,mཔ།,,,,,
,,763,3,《ཅོ་》,བོའི།,,,,,
,,764,4,《པེ་》《སྣར་》,mདེའི།,,,,,
,,765,5,《པེ་》《སྣར་》,mལས།,,,,,
,989,766,1,《པེ་》《སྣར་》,འགོད།,,,,,
,,767,2,《པེ་》《སྣར་》,mདེ་ལྟར་ན་དེ་དག་གི་ཐ་དད་པ།,,,,,
,,768,3,《པེ་》《སྣར་》,ལས།,,,,,
,,769,4,《པེ་》《སྣར་》,mལ།,,,,,
,,770,5,《པེ་》《སྣར་》,mལས།,,,,,
,,771,6,《པེ་》《སྣར་》,ཅེས།,,,,,
,,772,7,《པེ་》《སྣར་》,pགཅིག,,,,,
,,773,8,《པེ་》《སྣར་》,པ་ཡོད་ན།,,,,,
,,774,9,《པེ་》《སྣར་》,སྒྲུབ།,,,,,
,,775,10,《པེ་》《སྣར་》,mཁྱད་པར་གྱིས།,,,,,
,,776,11,《པེ་》,འདི།,,,,,
,990,777,1,《པེ་》《སྣར་》,ཡང་།,,,,,
,,778,2,《པེ་》《སྣར་》,pདེའི།,,,,,
,,779,3,《པེ་》《སྣར་》,mགིས།,,,,,
,,780,4,《པེ་》《སྣར་》,རྟོག,,,,,
,,781,5,《པེ་》,པའི།,,,,,
,,782,6,《པེ་》《སྣར་》,ནའོ།,,,,,
,991,783,1,《པེ་》《སྣར་》,mཔར།,,,,,
,,784,2,《པེ་》《སྣར་》,pདེ།,,,,,
,,785,3,《པེ་》《སྣར་》,མ།,,,,,
,,786,4,《པེ་》《སྣར་》,mདེ།,,,,,
,,787,5,《པེ་》,བརྟན།,,,,,
,,788,6,《པེ་》《སྣར་》,བརྟེན་དང་གསལ།,,,,,
,,789,7,《པེ་》《སྣར་》,གསལ། ,,,,,(ཆོས་ཚན་འདིའི་ནང་དུ་བསལ་ཞེས་པ་རྣམས་《པེ་》《སྣར་》ལ་གསལ་ཞེས་འཁོད་ཀྱང་བསྡུར་མཆན་དུ་བཀོད་མེད།)
,,790,8,《པེ་》《སྣར་》,དྲང་།,,,,,
,,791,9,《པེ་》《སྣར་》,བརྟེན།,,,,,
,,792,10,《པེ་》《སྣར་》,བརྟེན།,,,,,
,,793,11,《པེ་》《སྣར་》,བརྟེན།,,,,,
,992,794,1,《པེ་》,པར།,,,,,
,,795,2,《པེ་》,བུའོ།,,,,,
,,796,3,《པེ་》《སྣར་》,mནི།,,,,,
,,797,4,《པེ་》《སྣར་》,pབུ།,,,,,
,,798,5,《པེ་》,ལྕི་བའི་ངོ་བོར།,《སྣར་》,ལྕི་བའི་ངོ་བོ།,,,
,,799,6,《པེ་》《སྣར་》,བརྟེན་གྱིས་བྱས་པ།,,,,,
,,800,7,《པེ་》《སྣར་》,བརྟེན།,,,,,
,,801,8,《པེ་》《སྣར་》,mའདི།,,,,,
,,802,9,《པེ་》《སྣར་》,འདི།,,,,,
,,803,10,《པེ་》《སྣར་》,པས།,,,,,
,,804,11,《པེ་》《སྣར་》,mཞེ་ན།,,,,,
,,805,12,《པེ་》《སྣར་》,mཔ།,,,,,
,993,806,1,《པེ་》《སྣར་》,ལས།,,,,,
,,807,2,《པེ་》《སྣར་》,དེ།,,,,,
,,808,3,《པེ་》《སྣར་》,བརྟགས།,,,,,
,,809,4,《པེ་》,གགས་བྱེད་པ་ནི།,《སྣར་》,གགས་བྱེད་པ་དེ་ནི་དོན་གཞན་ཉིད་ལ།,,,
,994,810,1,《པེ་》《སྣར་》,གགས།,,,,,
,,811,2,《པེ་》《སྣར་》,mཔ།,,,,,
,,812,3,《པེ་》,བརྟགས།,,,,,
,,813,4,《པེ་》《སྣར་》,mན།,,,,,
,,814,5,《པེ་》《སྣར་》,pན།,,,,,
,,815,6,《པེ་》《སྣར་》,pདེ།,,,,,
,,816,7,《པེ་》《སྣར་》,དཔྱོད།,,,,,
,,817,8,《པེ་》《སྣར་》,དྲང་།,,,,,
,995,818,1,《པེ་》《སྣར་》,པར།,,,,,
,,819,2,《པེ་》《སྣར་》,ལས།,,,,,
,,820,3,《པེ་》《སྣར་》,པ།,,,,,
,,821,4,《པེ་》《སྣར་》,རྟེན།,,,,,
,,822,5,《པེ་》《སྣར་》,བསལ།,,,,,
,,823,6,《པེ་》《སྣར་》,བ།,,,,,
,996,824,1,《པེ་》,ཏེ།,,,,,
,,825,2,《པེ་》,སྐྱེད།,,,,,
,,826,3,《པེ་》《སྣར་》,mན།,,,,,
,,827,4,《པེ་》《སྣར་》,སྤྱི།,,,,,
,997,828,1,《པེ་》《སྣར་》,ལ།,,,,,
,,829,2,《པེ་》,འདུལ།,,,,,
,,830,3,《པེ་》《སྣར་》,ཕྱིར།,,,,,
,,831,4,《པེ་》《སྣར་》,mན།,,,,,
,,832,5,《པེ་》,བར་ཡང་།,《སྣར་》,བར་ལས།,,,
,,833,6,《པེ་》《སྣར་》,དག,,,,,
,,834,7,《པེ་》《སྣར་》,བྱས་པ།,,,,,
,998,835,1,《པེ་》《སྣར་》,འགྱུར།,,,,,
,,836,2,《པེ་》《སྣར་》,གསལ།,,,,,
,,837,3,《པེ་》,བྱས་པ།,《སྣར་》,བྱ་བ།,《ཅོ་》,བྱས་པ།,
,,838,4,《པེ་》《སྣར་》,mགཅིག་ཀྱང་ངེས་པར།,,,,,
,,839,5,《པེ་》《སྣར་》,བྱས་པ།,,,,,
,,840,6,《པེ་》《སྣར་》,pལ།,,,,,
,,841,7,《པེ་》《སྣར་》,བྱས་པའི།,,,,,
,999,842,1,《པེ་》《སྣར་》,པའི།,,,,,
,,843,2,《པེ་》《སྣར་》,བས།,,,,,
,,844,3,《པེ་》,སོགས།,《སྣར་》,བལྟོས།,,,
,,845,4,《པེ་》《སྣར་》,mདེ།,,,,,
,,846,5,《པེ་》《སྣར་》,པར།,,,,,
,,847,6,《པེ་》《སྣར་》,གིས།,,,,,
,,848,7,《པེ་》,འཕྲོས།,,,,,
,,849,8,《པེ་》《སྣར་》,mགྱི།,,,,,
,1000,850,1,《ཅོ་》,ནོ།།,,,,,
,,851,2,《པེ་》,སུ་འགྲོ་བ།,《སྣར་》,སུ་འགྲོ།,,,
,,852,3,《པེ་》《སྣར་》,གྱིས།,,,,,
,,853,4,《པེ་》《སྣར་》,རྟེན།,,,,,
,,854,5,《པེ་》《སྣར་》,པར།,,,,,
,1001,855,1,《པེ་》《སྣར་》,དང་།,,,,,
,,856,2,《པེ་》《སྣར་》,གྱི།,,,,,
,,857,3,《པེ་》《སྣར་》,བསླུ།,,,,,
,,858,4,《པེ་》《སྣར་》,mའབྲས་བུའི།,,,,,
,1002,859,1,《པེ་》,ཅིང་བ།,,,,,
,,860,2,《པེ་》《སྣར་》,པ།,,,,,
,,861,3,《པེ་》《སྣར་》,པ།,,,,,
,,862,4,《པེ་》《སྣར་》,དྲང་།,,,,,
,,863,5,《པེ་》《སྣར་》,pསྐྱེ་བར།,,,,,
,,864,6,《པེ་》,ན།,,,,,
,,865,7,《པེ་》《སྣར་》,mཉིད།,,,,,
,,866,8,《པེ་》《སྣར་》,mདང་།,,,,,
,,867,9,《ཅོ་》,པ།,,,,,
,1003,868,1,《པེ་》《སྣར་》,mཀྱི།,,,,,
,,869,2,《པེ་》《སྣར་》,mཔའི།,,,,,
,,870,3,《པེ་》《སྣར་》,བརྟེན།,,,,,
,,871,4,《པེ་》《སྣར་》,ལ།,,,,,
,,872,5,《ཅོ་》,ལ།,,,,,
,1004,873,1,《པེ་》《སྣར་》,ཡོད།,,,,,
,,874,2,《པེ་》《སྣར་》,pདེ།,,,,,
,,875,3,《པེ་》《སྣར་》,ཏེ།,,,,,
,1005,876,1,《པེ་》《སྣར་》,ཐོབ།,,,,,
,,877,2,《པེ་》《སྣར་》,ལྟར།,,,,,
,,878,3,《པེ་》,སྦྱིན་སྨྲ།,《སྣར་》,སྤྱིའི་སྨྲ།,,,
,,879,4,《པེ་》《སྣར་》,པ།,,,,,
,,880,5,《པེ་》,ནོ།།,,,,,
,,881,6,《པེ་》《སྣར་》,རྟོགས།,,,,,
,1006,882,1,《པེ་》《སྣར་》,mཔ།,,,,,
,,883,2,《པེ་》,mན།,,,,,
,,884,3,《པེ་》,གྱིས།,,,,,
,,885,4,《པེ་》,ཤེད།,,,,,
,1007,886,1,《པེ་》《སྣར་》,ཡིན།,,,,,
,,887,2,《པེ་》,pསུ།,,,,,
,,888,3,《པེ་》《སྣར་》,སྦྱོར།,,,,,
,,889,4,《པེ་》《སྣར་》,mབ།,,,,,
,,890,5,《པེ་》《སྣར་》,པ།,,,,,
,1008,891,1,《པེ་》《སྣར་》,ལ།,,,,,
,,892,2,《པེ་》《སྣར་》,pརོ།།,,,,,
,,893,3,《ཅོ་》,ཕྱིར།,,,,,
,,894,4,《པེ་》,pཔ།,,,,,
,,895,5,《པེ་》《སྣར་》,mགཞན་དང་།,,,,,
,1009,896,1,《པེ་》《སྣར་》,mདག,,,,,
,,897,2,《པེ་》《སྣར་》,mདེ།,,,,,
,,898,3,《པེ་》,mགཞན་དང་།,,,,,
,,899,4,《སྣར་》,བར།,,,,,
,,900,5,《པེ་》《སྣར་》,པ།,,,,,
,,901,6,《པེ་》,mལ།,,,,,
,,902,7,《པེ་》《སྣར་》,ངོ་།,,,,,
,,903,8,《པེ་》《སྣར་》,བསྟན།,,,,,
,,904,9,《ཅོ་》,རང་།,,,,,
,1010,905,1,《པེ་》《སྣར་》,ན། དངོས་པོ།,,,,,
,,906,2,《པེ་》《སྣར་》,ཉིད་དུ།,,,,,
,,907,3,《པེ་》《སྣར་》,དོན་གཞན་གྱི།,,,,,
,1011,908,1,《པེ་》《སྣར་》,mན།,,,,,
,,909,2,《པེ་》《སྣར་》,བས།,,,,,
,,910,3,《པེ་》《སྣར་》,དེ།,,,,,
,,911,4,《པེ་》《སྣར་》,mདང་།,,,,,
,,912,5,《པེ་》《སྣར་》,mརོ།,,,,,
,1012,913,1,《པེ་》《སྣར་》,བའི།,,,,,
,,914,2,《པེ་》《སྣར་》,pཉིད།,,,,,
,,915,3,《པེ་》《སྣར་》,འདི།,,,,,
,1013,916,1,《པེ་》《སྣར་》,ཀྱིས།,,,,,
,,917,2,《པེ་》《སྣར་》,ན་གཅིག་ནི།,,,,,
,,918,3,《པེ་》《སྣར་》,གྱི།,,,,,
,,919,4,《པེ་》《སྣར་》,མིང་།,,,,,
,,920,5,《པེ་》《སྣར་》,ཡི།,,,,,
,1014,921,1,《པེ་》,པར།,,,,,
,,922,2,《པེ་》《སྣར་》,ནི།,,,,,
,,923,3,《པེ་》《སྣར་》,དེ།,,,,,
,,924,4,《པེ་》《སྣར་》,pདེའི།,,,,,
,,925,5,《པེ་》《སྣར་》,mཔ།,,,,,
,,926,6,《པེ་》《སྣར་》,འཇིག,,,,,
,1015,927,1,《པེ་》《སྣར་》,mཡང་།,,,,,
,,928,2,《པེ་》《སྣར་》,ཡིན།,,,,,
,,929,3,《པེ་》,ངར་བབ།,,,,,
,,930,4,《པེ་》《སྣར་》,ན།,,,,,
,1016,931,1,《པེ་》《སྣར་》,པར།,,,,,
,,932,2,《ཅོ་》,བསྐྱེད།,,,,,
,,933,3,《པེ་》《སྣར་》,pབྱེད་པ་པོ་ཉིད་དང་།,,,,,
,,934,4,《པེ་》《སྣར་》,བྱེད།,,,,,
,,935,5,《པེ་》《སྣར་》,pན།,,,,,
,,936,6,《པེ་》《སྣར་》,གིས།,,,,,
,,937,7,《པེ་》,pཔོ།,,,,,
,,938,8,《པེ་》《སྣར་》,མེད།,,,,,
,1017,939,1,《སྣར་》,དང་།,,,,,
,,940,2,《སྣར་》,pཡིན།,,,,,
,,941,3,《པེ་》《སྣར་》,ན།,,,,,
,,942,4,《པེ་》,དེས།,,,,,
,,943,5,《ཅོ་》,ཉིད།,,,,,
,,944,6,《པེ་》《སྣར་》,pསྤྱི་དང་ཁྱད་པར་དག་གིས་ནི།།,,,,,
,,945,7,《པེ་》《སྣར་》,mདང་།,,,,,
,1018,946,1,《པེ་》《སྣར་》,འགྱུར།,,,,,
,,947,2,《པེ་》《སྣར་》,pབྱ་བ་ཁྱད་པར་རམ།,,,,,
,,948,3,《ཅོ་》,mཔ།,,,,,
,,949,4,《པེ་》《སྣར་》,པའི་དོན་ལ་ནི།,,,,,
,,950,5,《ཅོ་》,པ།,,,,,
,1019,951,1,《པེ་》《སྣར་》,mལ།,,,,,
,,952,2,《པེ་》,སྦྱིན།,,,,,
,,953,3,《པེ་》《སྣར་》,mཔ།,,,,,
,,954,4,《པེ་》,mའཇུག་པར།,,,,,
,,955,5,《པེ་》《སྣར་》,ཏེ།,,,,,
,,956,6,《པེ་》《སྣར་》,སྨྲས་པ།,,,,,
,,957,7,《པེ་》《སྣར་》,pཀྱིས།,,,,,
,,958,8,《པེ་》《སྣར་》,འགྲོ།,,,,,
,,959,9,《པེ་》,ནི།,,,,,
,1020,960,1,《པེ་》《སྣར་》,མིན།,,,,,
,,961,2,《པེ་》《སྣར་》,པར།,,,,,
,1022,962,1,《པེ་》《སྣར་》,mདེ་མེད་ཕྱིན་ན་སྲིད་མ་ཡིན། །ནམ་མཁའི་…...མེད་པར་མི་འགྱུར་བའམ།,,,,,
,,963,2,《སྣར་》,ཕྱིར་ན་སྲིད་མ།,《སྣར་》,ཕྱིར་ན་སྲིད་པར།,,,
,,964,3,《པེ་》《སྣར་》,བཟློག,,,,,
,,965,4,《པེ་》,མ།,,,,,
,1023,966,1,《པེ་》,གདག,,,,,
,,967,2,《པེ་》《སྣར་》,mན།,,,,,
,,968,3,《པེ་》《སྣར་》,mབ།,,,,,
,,969,4,《པེ་》《སྣར་》,mམེད་པའི།,,,,,
,,970,5,《པེ་》《སྣར་》,ཅི།,,,,,
,,971,6,《པེ་》《སྣར་》,དོགས།,,,,,
,,972,7,《པེ་》《སྣར་》,བརྗོད།,,,,,
,1024,973,1,《པེ་》《སྣར་》,ཀྱིས།,,,,,
,,974,2,《པེ་》,mབྱ་བ་དང་སྒྲུབ་པར།,,,,,
,,975,3,《པེ་》《སྣར་》,ལས། །ལྟོས་པའམ་འོན་ཏེ་འབའ།,,,,,
,,976,4,《པེ་》《སྣར་》,mའདི།,,,,,
,,977,5,《པེ་》,mབྱེ།,,,,,
,,978,6,《པེ་》《སྣར་》,mཉིད།,,,,,
,,979,7,《ཅོ་》,ལས།,,,,,
,1025,980,1,《པེ་》《སྣར་》,སྒྲུབ།,,,,,
,,981,2,《སྣར་》,བས།,,,,,
,,982,3,《སྣར་》,སྒྲུབ།,,,,,
,,983,4,《པེ་》《སྣར་》,འགྱུར་བ།,,,,,
,,984,5,《པེ་》《སྣར་》,mབྱ།,,,,,
,,985,6,《པེ་》《སྣར་》,སྒྲུབ།,,,,,
,,986,7,《པེ་》《སྣར་》,mཉིད།,,,,,
,,987,8,《པེ་》,རྟགས།,,,,,
,,988,9,《པེ་》《སྣར་》,mགཞན་ཡིན་ནོ།,,,,,
,,989,10,《པེ་》《སྣར་》,སྒྲུབ།,,,,,
,1026,990,1,《པེ་》《སྣར་》,mལ།,,,,,
,,991,2,《པེ་》《སྣར་》,mབ།,,,,,
,,992,3,《པེ་》《སྣར་》,mཞེ་ན།,,,,,
,,993,4,《པེ་》《སྣར་》,ཡང་།,,,,,
,,994,5,《པེ་》《སྣར་》,ན།,,,,,
,,995,6,《པེ་》《སྣར་》,བསྒྲུབ།,,,,,
,,996,7,《པེ་》《སྣར་》,གྲུབ།,,,,,
,1027,997,1,《པེ་》《སྣར་》,pབ།,,,,,
,,998,2,《པེ་》《སྣར་》,རྟེན།,,,,,
,,999,3,《ཅོ་》,ནི།,,,,,
,1028,1000,1,《པེ་》《སྣར་》,ཞེས།,,,,,
,,1001,2,《པེ་》《སྣར་》,ལས།,,,,,
,,1002,3,《པེ་》《སྣར་》,mཅན།,,,,,
,,1003,4,《པེ་》,འགའ་བ།,《སྣར་》,འགག་པ།,,,
,,1004,5,《པེ་》《སྣར་》,ཁྱད།,,,,,
,1029,1005,1,《པེ་》《སྣར་》,སྒྲུབ།,,,,,
,,1006,2,《པེ་》《སྣར་》,pམ།,,,,,
,,1007,3,《པེ་》《སྣར་》,གྱུར་པ།,,,,,
,,1008,4,《སྣར་》,pཉིད།,,,,,
,,1009,5,《པེ་》《སྣར་》,mམི།,,,,,
,1030,1010,1,《པེ་》《སྣར་》,གྱིས།,,,,,
,,1011,2,《པེ་》《སྣར་》,mབ།,,,,,
,,1012,3,《པེ་》《སྣར་》,mམ།,,,,,
,,1013,4,《པེ་》《སྣར་》,mཡོད་པ་ཉིད།,,,,,
,,1014,5,《པེ་》,བར།,,,,,
,,1015,6,《པེ་》,ལྡོག་པ་ན།,《སྣར་》,ལོག་པ་ན།,,,
,1031,1016,1,《པེ་》《སྣར་》,pདེ་ལྟར་གང་གི་ཕྱིར།,,,,,
,,1017,2,《པེ་》《སྣར་》,mབ།,,,,,
,,1018,3,《པེ་》《སྣར་》,དེས།,,,,,
,,1019,4,《སྣར་》,pརོ། །,,,,,
,,1020,5,《པེ་》《སྣར་》,ལ།,,,,,
,,1021,6,《པེ་》《སྣར་》,རྒྱུར།,,,,,
,1032,1022,1,《པེ་》《སྣར་》,mབྱེད་པ་ནི་གགས།,,,,,
,,1023,2,《པེ་》《སྣར་》,ས།,,,,,
,,1024,3,《པེ་》《སྣར་》,ས།,,,,,
,,1025,4,《པེ་》《སྣར་》,pབཞིན།,,,,,
,,1026,5,《པེ་》《སྣར་》,ད།,,,,,
,,1027,6,《སྣར་》,པར།,,,,,
,,1028,7,《པེ་》《སྣར་》,འགྱུར།,,,,,
,1033,1029,1,《པེ་》《སྣར་》,mགྱི།,,,,,
,,1030,2,《པེ་》《སྣར་》,mརྒྱུ་མེད་པ་ཅན་ཉིད་མ་ཡིན་ཏེ།,,,,,
,,1031,3,《པེ་》《སྣར་》,mཔ་ཉིད།,,,,,
,,1032,4,《པེ་》《སྣར་》,མ།,,,,,
,,1033,5,《པེ་》《སྣར་》,ཟད།,,,,,
,,1034,6,《པེ་》,ཏེ།,《སྣར་》,རྟེ།,,,
,1034,1035,1,《པེ་》《སྣར་》,སྲང་།,,,,,
,,1036,2,《པེ་》《སྣར་》,pཔའི།,,,,,
,,1037,3,《པེ་》《སྣར་》,ནས་འཇིག,,,,,
,,1038,4,《པེ་》《སྣར་》,འཇིགས།,,,,,
,,1039,5,《པེ་》《སྣར་》,ཞེས།,,,,,
,,1040,6,《པེ་》《སྣར་》,mཔའི།,,,,,
,,1041,7,《པེ་》《སྣར་》,pམ་ཡིན་པའི་ཕྱིར་དེ་དང་དེ་མ་ཡིན་པའི་ངོ་བོ་ལ་མི་བྱེད་པས་ཅུང་ཞིག་ཀྱང་།,,,,,
,,1042,8,《པེ་》《སྣར་》,པའི།,,,,,
,,1043,9,《པེ་》《སྣར་》,pན།,,,,,
,,1044,10,《པེ་》《སྣར་》,པ།,,,,,
,,1045,11,《པེ་》《སྣར་》,mན།,,,,,
,1035,1046,1,《པེ་》《སྣར་》,དེས།,,,,,
,,1047,2,《པེ་》《སྣར་》,སྒྲུབ།,,,,,
,,1048,3,《པེ་》,བྱེད།,,,,,
,,1049,4,《པེ་》《སྣར་》,གི།,,,,,
,,1050,5,《པེ་》《སྣར་》,ན།,,,,,
,1036,1051,1,《པེ་》《སྣར་》,pདེ།,,,,,
,,1052,2,《པེ་》《སྣར་》,ན།,,,,,
,,1053,3,《པེ་》《སྣར་》,སྒྲུབ།,,,,,
,,1054,4,《པེ་》《སྣར་》,དྲང་།,,,,,
,,1055,5,《སྣར་》,pབ།,,,,,
,1037,1056,1,《པེ་》《སྣར་》,mན།,,,,,
,,1057,2,《པེ་》《སྣར་》,pཔ།,,,,,
,,1058,3,《པེ་》《སྣར་》,གིས།,,,,,
,,1059,4,《པེ་》《སྣར་》,pནི།,,,,,
,,1060,5,《པེ་》,གིས།,,,,,
,1038,1061,1,《པེ་》《སྣར་》,mམི།,,,,,
,,1062,2,《པེ་》,དམ།,,,,,
,,1063,3,《པེ་》《སྣར་》,གྲུབ།,,,,,
,,1064,4,《པེ་》《སྣར་》,ཀྱི།,,,,,
,1039,1065,1,《པེ་》《སྣར་》,འགྱུར་བར།,,,,,
,,1066,2,《པེ་》《སྣར་》,ན།,,,,,
,,1067,3,《པེ་》《སྣར་》,pབ།,,,,,
,,1068,4,《པེ་》《སྣར་》,གྱུར་པ།,,,,,
,1040,1069,1,《པེ་》,mཅུང་།,,,,,
,,1070,2,《པེ་》,ནི་མེད།《སྣར་》,ནི་མེད་པ་ཉིད།,,,,
,,1071,3,《སྣར་》,pམེད་པ།,,,,,
,,1072,4,《པེ་》《སྣར་》,mལ།,,,,,
,,1073,5,《པེ་》《སྣར་》,mམི་དམིགས་པ།,,,,,
,,1074,6,《པེ་》《སྣར་》,གྱི།,,,,,
,1041,1075,1,《པེ་》《སྣར་》,mབ།,,,,,
,,1076,2,《པེ་》《སྣར་》,བཟློག,,,,,
,,1077,3,《པེ་》,ཏེ།,,,,,
,,1078,4,《པེ་》《སྣར་》,སྒྲུབ།,,,,,
,,1079,5,《སྣར་》,བརྗོད།,,,,,
,,1080,6,《པེ་》《སྣར་》,ཐོགས།,,,,,
,,1081,7,《པེ་》,pསུ།,,,,,
,,1082,8,《པེ་》《སྣར་》,རྟོན།,,,,,
,,1083,9,《པེ་》《སྣར་》,སྒྲུབ།,,,,,
,1042,1084,1,《པེ་》《སྣར་》,pལ།,,,,,
,,1085,2,《པེ་》《སྣར་》,mམེད་པ་དང་།,,,,,
,,1086,3,《པེ་》《སྣར་》,mནམ།,,,,,
,,1087,4,《པེ་》《སྣར་》,གིས།,,,,,
,1043,1088,1,《པེ་》《སྣར་》,pདེ།,,,,,
,,1089,2,《པེ་》《སྣར་》,བརྟེན།,,,,,
,,1090,3,《པེ་》《སྣར་》,བརྟེན།,,,,,
,,1091,4,《པེ་》《སྣར་》,པ་ལ།,,,,,
,,1092,5,《པེ་》《སྣར་》,ལ།,,,,,
,,1093,6,《པེ་》《སྣར་》,ཞེས།,,,,,
,1044,1094,1,《པེ་》《སྣར་》,བཟློག,,,,,
,,1095,2,《པེ་》《སྣར་》,བརྟགས།,,,,,
,,1096,3,《པེ་》《སྣར་》,འདི།,,,,,
,,1097,4,《སྣར་》,རྟོགས།,,,,,
,,1098,5,《པེ་》《སྣར་》,སྦྱར།,,,,,
,,1099,6,《པེ་》《སྣར་》,པར།,,,,,
,1045,1100,1,《པེ་》《སྣར་》,པས།,,,,,
,,1101,2,《པེ་》《སྣར་》,pལ།,,,,,
,,1102,3,《པེ་》《སྣར་》,ཡིན།,,,,,
,,1103,4,《པེ་》《སྣར་》,སྡུད།,,,,,
,,1104,5,《པེ་》《སྣར་》,པོའི།,,,,,
,,1105,6,《པེ་》《སྣར་》,བརྟག,,,,,
,1046,1106,1,《པེ་》《སྣར་》,བརྟེན།,,,,,
,,1107,2,《པེ་》《སྣར་》,pལ།,,,,,
,,1108,3,《པེ་》,ཡིས།,,,,,
,,1109,4,《པེ་》《སྣར་》,pབ།,,,,,
,,1110,5,《པེ་》《སྣར་》,mཔ།,,,,,
,,1111,6,《པེ་》《སྣར་》,སྤངས་པའི།,,,,,
,,1112,7,《ཅོ་》,པས།,,,,,
,,1113,8,《པེ་》《སྣར་》,བསླུ།,,,,,
,,1114,9,《པེ་》《སྣར་》,བསླུ།,,,,,
,,1115,10,《པེ་》《སྣར་》,བསླུ།,,,,,
,1047,1116,1,《པེ་》《སྣར་》,བསླུ།,,,,,
,,1117,2,《པེ་》《སྣར་》,དཔོག,,,,,
,,1118,3,《པེ་》《སྣར་》,བསླུ།,,,,,
,,1119,4,《པེ་》《སྣར་》,བསླུ།,,,,,
,,1120,5,《པེ་》《སྣར་》,བསླུའི།,,,,,
,,1121,6,《པེ་》《སྣར་》,mདང་།,,,,,
,,1122,7,《པེ་》《སྣར་》,བསླུ།,,,,,
,,1123,8,《པེ་》《སྣར་》,པ་ལ་བལྟོས།,,,,,
,,1124,9,《པེ་》《སྣར་》,བསླུ།,,,,,
,,1125,10,《པེ་》《སྣར་》,བསླུ།,,,,,
,,1126,11,《པེ་》《སྣར་》,བསླུ།,,,,,
,1048,1127,1,《པེ་》《སྣར་》,བསླུ།,,,,,
,,1128,2,《པེ་》《སྣར་》,ནི།,,,,,
,,1129,3,《པེ་》《སྣར་》,ལོག,,,,,
,,1130,4,《པེ་》《སྣར་》,པས།,,,,,
,,1131,5,《པེ་》《སྣར་》,mཔ།,,,,,
,,1132,6,《པེ་》,ལས།,,,,,
,1049,1133,1,《པེ་》《སྣར་》,པ།,,,,,
,,1134,2,《པེ་》《སྣར་》,གྱིས།,,,,,
,,1135,3,《པེ་》《སྣར་》,pདང་།,,,,,
,,1136,4,《པེ་》《སྣར་》,ཡོད།,,,,,
,,1137,5,《ཅོ་》,mཔ།,,,,,
,,1138,6,《པེ་》《སྣར་》,mའདྲ་བར།,,,,,
,,1139,7,《པེ་》《སྣར་》,pཅི།,,,,,
,,1140,8,《པེ་》《སྣར་》,ཟློགས་ཏེ།,,,,,
,,1141,9,《པེ་》《སྣར་》,ནི།,,,,,
,,1142,10,《པེ་》《སྣར་》,སྒྲ་ཅན།,,,,,
,,1143,11,《པེ་》《སྣར་》,pདང་།,,,,,
,,1144,12,《པེ་》《སྣར་》,mརབ་ཏུ་ཞི་བའི་བདེ་བའི་ཕྱིར་དང་།,,,,,
,1050,1145,1,《པེ་》《སྣར་》,ལས་བྱུང་བ་ཡང་རྒྱུ།,,,,,
,,1146,2,《ཅོ་》,པར།,,,,,
,,1147,3,《པེ་》《སྣར་》,པའི།,,,,,
,,1148,4,《པེ་》《སྣར་》,འཇིགས།,,,,,
,,1149,5,《པེ་》《སྣར་》,མ་རིག,,,,,
,,1150,6,《པེ་》《སྣར་》,བ།,,,,,
,,1151,7,《པེ་》《སྣར་》,པར་སྐྱེད་པར།,,,,,
,,1152,8,《པེ་》《སྣར་》,mཔ།,,,,,
,,1153,9,《པེ་》,དང་།,,,,,
,1051,1154,1,《པེ་》《སྣར་》,mབརྟེན་པ།,,,,,
,,1155,2,《པེ་》《སྣར་》,mདེ།,,,,,
,,1156,3,《པེ་》《སྣར་》,བུ།,,,,,
,1052,1157,1,《པེ་》《སྣར་》,ཀྱིས།,,,,,
,,1158,2,《པེ་》,བརྟར།,,,,,
,,1159,3,《པེ་》《སྣར་》,ཀྱིས།,,,,,
,,1160,4,《པེ་》,pམ།,,,,,
,,1161,5,《པེ་》,བུ།,,,,,
,,1162,6,《པེ་》,བརྟར།,,,,,
,,1163,7,《པེ་》《སྣར་》,pལ།,,,,,
,,1164,8,《པེ་》《སྣར་》,mབྱས།,,,,,
,,1165,9,《པེ་》《སྣར་》,བྱེད།,,,,,
,,1166,10,《པེ་》《སྣར་》,དེས།,,,,,
,,1167,11,《པེ་》《སྣར་》,ལྟར།,,,,,
,1053,1168,1,《པེ་》《སྣར་》,mསྒྲ།,,,,,
,,1169,2,《པེ་》《སྣར་》,mདེ།,,,,,
,,1170,3,《པེ་》《སྣར་》,mན།,,,,,
,,1171,4,《པེ་》《སྣར་》,རྟོག,,,,,
,,1172,5,《སྣར་》,མིན།,,,,,
,,1173,6,《པེ་》《སྣར་》,pདེ།,,,,,
,,1174,7,《པེ་》《སྣར་》,པ་བླ།,,,,,
,,1175,8,《པེ་》《སྣར་》,pཉིད།,,,,,
,,1176,9,《པེ་》《སྣར་》,སྒྲ།,,,,,
,1054,1177,1,《པེ་》《སྣར་》,སྟོན།,,,,,
,,1178,2,《པེ་》《སྣར་》,pདང་།,,,,,
,,1179,3,《པེ་》《སྣར་》,pདེ།,,,,,
,,1180,4,《པེ་》《སྣར་》,mརོ།,,,,,
,,1181,5,《པེ་》《སྣར་》,mབྱ་བ་དང་། སྒྲུབ་པར།,,,,,
,,1182,6,《པེ་》《སྣར་》,mཔ་ཉིད་བརྡ་བྱེད།,,,,,
,,1183,7,《པེ་》《སྣར་》,བུས།,,,,,
,,1184,8,《པེ་》《སྣར་》,ལས།,,,,,
,1055,1185,1,《པེ་》《སྣར་》,འགྱུར་བ།,,,,,
,,1186,2,《པེ་》《སྣར་》,བསླུ།,,,,,
,,1187,3,《པེ་》《སྣར་》,pཅན།,,,,,
,,1188,4,《པེ་》《སྣར་》,mདེ་ལ།,,,,,
,,1189,5,《པེ་》《སྣར་》,mབྱེད་པར།,,,,,
,,1190,6,《པེ་》《སྣར་》,བུའི།,,,,,
,,1191,7,《པེ་》《སྣར་》,པས།,,,,,
,1056,1192,1,《པེ་》《སྣར་》,དྲང་།,,,,,
,,1193,2,《ཅོ་》,pལ།,,,,,
,,1194,3,《པེ་》《སྣར་》,བརྟགས།,,,,,
,,1195,4,《པེ་》《སྣར་》,འདོད།,,,,,
,,1196,5,《པེ་》《སྣར་》,ཡང་།,,,,,
,,1197,6,《པེ་》《སྣར་》,གིས།,,,,,
,,1198,7,《པེ་》《སྣར་》,pཡིན་པའི་ཕྱིར།,,,,,
,,1199,8,《པེ་》《སྣར་》,pཔ།,,,,,
,,1200,9,《པེ་》《སྣར་》,ཡིད།,,,,,
,1057,1201,1,《པེ་》《སྣར་》,འགྱུར།,,,,,
,,1202,2,《ཅོ་》,དང་།,,,,,
,,1203,3,《པེ་》《སྣར་》,སྐྱེད་པར།,,,,,
,,1204,4,《པེ་》《སྣར་》,mན།,,,,,
,1058,1205,1,《པེ་》《སྣར་》,དེ།,,,,,
,,1206,2,《པེ་》《སྣར་》,pདང་།,,,,,
,,1207,3,《པེ་》《སྣར་》,པར།,,,,,
,,1208,4,《པེ་》《སྣར་》,བརྟེན།,,,,,
,,1209,5,《པེ་》,mནུས་པ་བྱེད་པ་…...འགྱུར་བའི་ཕྱིར་རོ།། ,《སྣར་》,ནུས་པ་བྱེད་པ་ཡང་སྐྱེད་པར་བྱེད་པར་ཉིད་ཡིན་པའི་ཕྱིར་ཏེ། ད་ནི་དེའི་བདག་ཉིད་ཅན་ཉིད་ཡིན་པའི་ཕྱིར་རོ། །དོན་གཞན་ཉིད་ཡིན་ན་ནི་དངོས་པོ་ལ་ཕན་འདོགས་པར་བྱེད་པ་མ་ཡིན་པར་ཐལ་བར་འགྱུར་བའི་ཕྱིར་རོ།།,,,
,1059,1210,1,《པེ་》《སྣར་》,ན།,,,,,
,,1211,2,《པེ་》《སྣར་》,pཔ།,,,,,
,,1212,3,《པེ་》《སྣར་》,བརྟེན།,,,,,
,1060,1213,1,《པེ་》《སྣར་》,རྟགས་མ།,,,,,
,,1214,2,《པེ་》《སྣར་》,mཅན།,,,,,
,,1215,3,《པེ་》《སྣར་》,mད།,,,,,
,,1216,4,《པེ་》《སྣར་》,པར།,,,,,
,1061,1217,1,《པེ་》《སྣར་》,རྟོགས།,,,,,
,,1218,2,《སྣར་》,mལ།,,,,,
,,1219,3,《པེ་》《སྣར་》,mརོ།,,,,,
,,1220,4,《པེ་》《སྣར་》,བར།,,,,,
,,1221,5,《པེ་》《སྣར་》,pཉིད།,,,,,
,1062,1222,1,《པེ་》《སྣར་》,pམ།,,,,,
,,1223,2,《པེ་》《སྣར་》,འགོགས།,,,,,
,,1224,3,《པེ་》《སྣར་》,པའི།,,,,,
,,1225,4,《པེ་》《སྣར་》,mགྱི།,,,,,
,,1226,5,《པེ་》《སྣར་》,རིག་པར།,,,,,
,1063,1227,1,《པེ་》,དྲང་བའི།,,,,,
,,1228,2,《པེ་》《སྣར་》,ཡང་།,,,,,
,,1229,3,《པེ་》《སྣར་》,pཅན།,,,,,
,,1230,4,《པེ་》《སྣར་》,pདེ་ལྟར་ན་འབྲེལ་པ་མ་ཡིན་ནོ།།,,,,,
,,1231,5,《པེ་》《སྣར་》,འདྲན།,,,,,
,,1232,6,《པེ་》,བུ།,,,,,
,,1233,7,《པེ་》《སྣར་》,བརྗོད་དེ་བྱེད་པ།,《ཅོ་》,འདོད་དོ། །བྱེད།,,,
,1064,1234,1,《པེ་》《སྣར་》,mདེ།,,,,,
,,1235,2,《པེ་》《སྣར་》,pཅན།,,,,,
,,1236,3,《པེ་》《སྣར་》,mམ།,,,,,
,,1237,4,《པེ་》《སྣར་》,mདེ།,,,,,
,,1238,5,《པེ་》《སྣར་》,mཔར།,,,,,
,,1239,6,《སྣར་》,mབ།,,,,,
,,1240,7,《པེ་》《སྣར་》,mན།,,,,,
,,1241,8,《པེ་》《སྣར་》,pཔའམ།,,,,,
,1065,1242,1,《པེ་》《སྣར་》,ཡན་ལག,,,,,
,,1243,2,《པེ་》《སྣར་》,རྗོད།,,,,,
,,1244,3,《པེ་》《སྣར་》,ཡིན།,,,,,
,,1245,4,《པེ་》《སྣར་》,པར།,,,,,
,,1246,5,《པེ་》《སྣར་》,མ་དཔོག །ད།,,,,,
,,1247,6,《པེ་》《སྣར་》,རིགས།,,,,,
,1066,1248,1,《པེ་》《སྣར་》,mནི་ད།,,,,,
,,1249,2,《པེ་》《སྣར་》,pརོ།།,,,,,
,,1250,3,《པེ་》《སྣར་》,pའདོད་པ་དག་གི།,,,,,
,,1251,4,《པེ་》《སྣར་》,ན།,,,,,
,,1252,5,《པེ་》《སྣར་》,འགྲོན།,,,,,
,,1253,6,《པེ་》《སྣར་》,འགྲོན།,,,,,
,,1254,7,《པེ་》《སྣར་》,གྱི།,,,,,
,,1255,8,《པེ་》《སྣར་》,འགྲོན།,,,,,
,1067,1256,1,《པེ་》《སྣར་》,mབྱ་བ་དང་གནོད་པར།,,,,,
,,1257,2,《པེ་》《སྣར་》,པར།,,,,,
,,1258,3,《པེ་》《སྣར་》,འགྲོན།,,,,,
,,1259,4,《པེ་》《སྣར་》,mགཉིས།,,,,,
,,1260,5,《པེ་》《སྣར་》,སྤྱིའི།,,,,,
,,1261,6,《པེ་》《སྣར་》,ལ།,,,,,
,,1262,7,《པེ་》,མགྲོན།,《སྣར་》,འགྲོན།,,,
,,1263,8,《པེ་》《སྣར་》,mབྱ་དང་གནོད།,,,,,
,,1264,9,《པེ་》《སྣར་》,བའི་འགྲོན།,,,,,
,,1265,10,《པེ་》《སྣར་》,པ།,,,,,
,,1266,11,《པེ་》《སྣར་》,སྟོན།,,,,,
,,1267,12,《པེ་》,མེ་སྟོན།,,,,,
,,1268,13,《པེ་》《སྣར་》,pདུ།,,,,,
,,1269,14,《པེ་》《སྣར་》,པ།,,,,,
,1068,1270,1,《པེ་》《སྣར་》,བ།,,,,,
,,1271,2,《པེ་》《སྣར་》,བྱེད་དོ་རིག་བྱེད་དང་།,,,,,
,,1272,3,《པེ་》《སྣར་》,བྱ་བའི།,,,,,
,1069,1273,1,《པེ་》《སྣར་》,mགི།,,,,,
,,1274,2,《པེ་》《སྣར་》,པར།,,,,,
,,1275,3,《པེ་》《སྣར་》,པར།,,,,,
,,1276,4,《པེ་》《སྣར་》,བར།,,,,,
,,1277,5,《པེ་》《སྣར་》,ནོ།།,,,,,
,,1278,6,《པེ་》《སྣར་》,བརླབས།,,,,,
,,1279,7,《པེ་》《སྣར་》,པ།,,,,,
,,1280,8,《པེ་》《སྣར་》,རྟོག,,,,,
,,1281,9,《པེ་》《སྣར་》,pབྱས་པ་ཡིན་པའི་ཕྱིར་རོ། །དེ་ལ་སྐྱེས་བུས།,,,,,
,,1282,10,《པེ་》《སྣར་》,pཡང་ཇི་ལྟར།,,,,,
,,1283,11,《པེ་》《སྣར་》,རྟོག,,,,,
,,1284,12,《པེ་》《སྣར་》,རྟོག,,,,,
,,1285,13,《པེ་》《སྣར་》,pཔ།,,,,,
,,1286,14,《པེ་》《སྣར་》,pཉིད།,,,,,
,1070,1287,1,《པེ་》,མནའི།,,,,,
,,1288,2,《པེ་》《སྣར་》,mལས།,,,,,
,,1289,3,《པེ་》《སྣར་》,mན།,,,,,
,,1290,4,《སྣར་》,རྟོག,,,,,
,,1291,5,《པེ་》《སྣར་》,པའི།,,,,,
,1071,1292,1,《པེ་》《སྣར་》,དེ།,,,,,
,,1293,2,《སྣར་》,བུ།,,,,,
,,1294,3,《པེ་》《སྣར་》,པ་ཡིན།,,,,,
,,1295,4,《པེ་》,འདོད།,,,,,
,,1296,5,《པེ་》,འདོད།,,,,,
,,1297,6,《པེ་》《སྣར་》,ཀྱིས།,,,,,
,,1298,7,《པེ་》,འདོད།,,,,,
,1072,1299,1,《པེ་》,རྟེན།,,,,,
,,1300,2,《པེ་》《སྣར་》,mཔའི།,,,,,
,,1301,3,《པེ་》《སྣར་》,mཔ།,,,,,
,,1302,4,《པེ་》《སྣར་》,སྒྲུབ།,,,,,
,,1303,5,《པེ་》《སྣར་》,སྔོན་པ།,,,,,
,,1304,6,《པེ་》《སྣར་》,དེ།,,,,,
,,1305,7,《ཅོ་》,mམ།,,,,,
,,1306,8,《པེ་》《སྣར་》,མིང་།,,,,,
,1073,1307,1,《པེ་》《སྣར་》,pཔ་དང་།,,,,,
,,1308,2,《པེ་》《སྣར་》,mད།,,,,,
,,1309,3,《པེ་》《སྣར་》,པར་དང་།,,,,,
,,1310,4,《པེ་》《སྣར་》,གི།,,,,,
,1074,1311,1,《པེ་》《སྣར་》,mདུ།,,,,,
,,1312,2,《པེ་》《སྣར་》,mལ།,,,,,
,,1313,3,《པེ་》《སྣར་》,mབྱས།,,,,,
,,1314,4,《པེ་》《སྣར་》,ལིང་།,,,,,
,,1315,5,《པེ་》《སྣར་》,གྱི།,,,,,
,,1316,6,《པེ་》《སྣར་》,གྲགས།,,,,,
,,1317,7,《པེ་》《སྣར་》,pཀྱི།,,,,,
,,1318,8,《པེ་》《སྣར་》,pནི།,,,,,
,,1319,9,《པེ་》《སྣར་》,བརྟན།,,,,,
,,1320,10,《པེ་》《སྣར་》,སྒྲུབ།,,,,,
,,1321,11,《པེ་》《སྣར་》,དྲང་།,,,,,
,,1322,12,《པེ་》《སྣར་》,ཕྱིར།,,,,,
,,1323,13,《པེ་》《སྣར་》,mངག་གི།,,,,,
,,1324,14,《པེ་》《སྣར་》,པ།,,,,,
,1075,1325,1,《ཅོ་》,mབར།,,,,,
,,1326,2,《པེ་》《སྣར་》,གྲུབ།,,,,,
,,1327,3,《པེ་》《སྣར་》,སྒྲུབ།,,,,,
,,1328,4,《པེ་》《སྣར་》,བའི།,,,,,
,,1329,5,《པེ་》《སྣར་》,གིས་ཁྱད་པར།,,,,,
,1076,1330,1,《པེ་》《སྣར་》,pནི།,,,,,
,,1331,2,《པེ་》《སྣར་》,སྒྲུབ།,,,,,
,,1332,3,《པེ་》《སྣར་》,དྲང་།,,,,,
,,1333,4,《པེ་》《སྣར་》,བཏགས།,,,,,
,,1334,5,《པེ་》《སྣར་》,རྟོག,,,,,
,,1335,6,《པེ་》,pརོ།,,,,,
,1077,1336,1,《པེ་》《སྣར་》,ནས།,,,,,
,,1337,2,《པེ་》《སྣར་》,རིམས།,,,,,
,,1338,3,《པེ་》《སྣར་》,mརོ།,,,,,
,,1339,4,《པེ་》《སྣར་》,mཡང་།,,,,,
,,1340,5,《པེ་》《སྣར་》,mདུ།,,,,,
,,1341,6,《པེ་》《སྣར་》,mཅན།,,,,,
,,1342,7,《པེ་》《སྣར་》,ན།,,,,,
,1078,1343,1,《པེ་》《སྣར་》,mབ།,,,,,
,,1344,2,《སྣར་》,བརྟོགས།,,,,,
,,1345,3,《པེ་》,mསུ།,,,,,
,,1346,4,《པེ་》《སྣར་》,རིམ་གྱིས།,,,,,
,,1347,5,《པེ་》《སྣར་》,གི་བསམ།,,,,,
,,1348,6,《པེ་》《སྣར་》,བརྗོད།,,,,,
,,1349,7,《པེ་》《སྣར་》,རིམ་མམ།,,,,,
,,1350,8,《པེ་》《སྣར་》,པ།,,,,,
,1079,1351,1,《པེ་》《སྣར་》,mའགའ་ཞིག་ཀྱང་།,,,,,
,,1352,2,《པེ་》《སྣར་》,pདེ།,,,,,
,,1353,3,《པེ་》《སྣར་》,གེ།,,,,,
,,1354,4,《པེ་》《སྣར་》,དྲང་།,,,,,
,,1355,5,《པེ་》《སྣར་》,ཏོ།།,,,,,
,1080,1356,1,《པེ་》《སྣར་》,འགྱུར།,,,,,
,,1357,2,《པེ་》《སྣར་》,mཉིད།,,,,,
,,1358,3,《པེ་》《སྣར་》,དཔྱད།,,,,,
,,1359,4,《པེ་》《སྣར་》,mགཅིག་ལ།,,,,,
,,1360,5,《པེ་》《སྣར་》,པར།,,,,,
,,1361,6,《པེ་》,mཅིག,,,,,
,1081,1362,1,《པེ་》《སྣར་》,འབྲས་བུས།,,,,,
,,1363,2,《པེ་》《སྣར་》,ཤེས།,,,,,
,,1364,3,《པེ་》《སྣར་》,mནི།,,,,,
,,1365,4,《པེ་》《སྣར་》,mམ།,,,,,
,,1366,5,《པེ་》《སྣར་》,འབྱུང་།,,,,,
,,1367,6,《པེ་》《སྣར་》,pདུ།,,,,,
,,1368,7,《པེ་》《སྣར་》,pནི།,,,,,
,,1369,8,《པེ་》,བརྟགས།,,,,,
,,1370,9,《པེ་》《སྣར་》,རྟོག,,,,,
,,1371,10,《པེ་》《སྣར་》,བྱས་པ།,,,,,
,1082,1372,1,《པེ་》《སྣར་》,pན།,,,,,
,,1373,2,《པེ་》《སྣར་》,mའགའ་ཞིག,,,,,
,,1374,3,《པེ་》《སྣར་》,pཔ།,,,,,
,,1375,4,《པེ་》,མཉེན།,,,,,
,,1376,5,《པེ་》《སྣར་》,ན།,,,,,
,,1377,6,《པེ་》《སྣར་》,པས།,,,,,
,,1378,7,《པེ་》《སྣར་》,ཀྱི།,,,,,
,,1379,8,《པེ་》《སྣར་》,mདག,,,,,
,,1380,9,《པེ་》《སྣར་》,pཔ།,,,,,
,,1381,10,《པེ་》《སྣར་》,བུས།,,,,,
,,1382,11,《པེ་》《སྣར་》,ལ།,,,,,
,1083,1383,1,《པེ་》《སྣར་》,དྲང་།,,,,,
,,1384,2,《པེ་》《སྣར་》,mནི།,,,,,
,,1385,3,《པེ་》《སྣར་》,pཡང་།,,,,,
,,1386,4,《པེ་》,ཐོག,,,,,
,,1387,5,《པེ་》《སྣར་》,mམེད་པ།,,,,,
,,1388,6,《པེ་》《སྣར་》,mཔ།,,,,,
,,1389,7,《པེ་》《སྣར་》,མི།,,,,,
,,1390,8,《པེ་》《སྣར་》,པས།,,,,,
,,1391,9,《པེ་》《སྣར་》,པ།,,,,,
,1084,1392,1,《པེ་》《སྣར་》,འགྱུར།,,,,,
,,1393,2,《པེ་》《སྣར་》,གི།,,,,,
,,1394,3,《པེ་》《སྣར་》,mརྣམ་པ།,,,,,
,,1395,4,《པེ་》《སྣར་》,mལེགས་སོ།,,,,,
,,1396,5,《པེ་》《སྣར་》,pསྣ་ཚོགས།,,,,,
,,1397,6,《པེ་》《སྣར་》,པའི།,,,,,
,,1398,7,《པེ་》《སྣར་》,འགོགས་པར་བྱེད་པར།,,,,,
,,1399,8,《པེ་》《སྣར་》,བརྗོད།,,,,,
,,1400,9,《པེ་》《སྣར་》,ཀྱི།,,,,,
,,1401,10,《པེ་》《སྣར་》,pནོ།།,,,,,
,1085,1402,1,《པེ་》《སྣར་》,ཞེ་ན།,,,,,
,,1403,2,《པེ་》《སྣར་》,བཅད།,,,,,
,,1404,3,《པེ་》《སྣར་》,ཅན།,,,,,
,,1405,4,《པེ་》《སྣར་》,པའི།,,,,,
,,1406,5,《པེ་》《སྣར་》,ཏོ།།,,,,,
,,1407,6,《པེ་》《སྣར་》,ཅན།,,,,,
,,1408,7,《པེ་》《སྣར་》,pནོ།།,,,,,
,1086,1409,1,《པེ་》《སྣར་》,mན།,,,,,
,,1410,2,《པེ་》《སྣར་》,pཡན་གར་བ་དག་ཐོས་པའི་ཕྱིར་རོ། །རྗོད་པར་བྱེད་པ་ལ་དབང་པོ་སོ་སོར་ངེས་པའི་ནུས་པ་ཅན་ཡོད་ཀྱི་སྒྲ་ཙམ་དག་ལ་ནི་མ་ཡིན་ནོ། །དེ་ལས་ཐ་དད་ཡོད་དོ་ཞེས། །འདི་ལ་ཤིན་ཏུ་ཆེས་དད་བྱ། །ཁོ་བོ་ཅག་གིས་ནི།,,,,,
,,1411,3,《པེ་》《སྣར་》,mདང་། སྒྲ་ཙམ་གྱི་ཆ་གོ་རིམས་དང་ལྡན་པ་ཅན་གྲུབ་པ།,,,,,
,,1412,4,《པེ་》《སྣར་》,mཕྱིར།,,,,,
,,1413,5,《པེ་》《སྣར་》,བར།,,,,,
,,1414,6,《པེ་》,གི།,,,,,
,,1415,7,《པེ་》,གིས།,,,,,
,1087,1416,1,《པེ་》《སྣར་》,སྒྲུབ།,,,,,
,,1417,2,《པེ་》《སྣར་》,པའི།,,,,,
,,1418,3,《པེ་》《སྣར་》,སྒྲུབ།,,,,,
,,1419,4,《པེ་》《སྣར་》,དག་ནི་སྐྱེས་བུས།,,,,,
,,1420,5,《པེ་》《སྣར་》,ཡིག་རྣམས།,《ཅོ་》,ཡི་གེ་རྣམ།,,,
,,1421,6,《པེ་》《སྣར་》,བརྟགས།,,,,,
,,1422,7,《སྣར་》,pདག,,,,,
,1088,1423,1,《པེ་》《སྣར་》,གྱུར་པ།,,,,,
,,1424,2,《པེ་》《སྣར་》,pག,,,,,
,,1425,3,《པེ་》《སྣར་》,mབྱ་བར།,,,,,
,,1426,4,《པེ་》《སྣར་》,གྱི།,,,,,
,,1427,5,《པེ་》《སྣར་》,དྲང་།,,,,,
,,1428,6,《པེ་》《སྣར་》,ངག,,,,,
,1089,1429,1,《པེ་》《སྣར་》,mགི།,,,,,
,,1430,2,《པེ་》《སྣར་》,དེའི།,,,,,
,,1431,3,《པེ་》《སྣར་》,pནོ།,,,,,
,,1432,4,《པེ་》《སྣར་》,བར།,,,,,
,,1433,5,《པེ་》《སྣར་》,mདེ།,,,,,
,,1434,6,《པེ་》,བྱ་བ།,《སྣར་》,ཆོས།,,,
,,1435,7,《པེ་》《སྣར་》,pདུ།,,,,,
,,1436,8,《པེ་》《སྣར་》,ཡོད་དོ།།,,,,,
,1090,1437,1,《པེ་》《སྣར་》,གི།,,,,,
,,1438,2,《པེ་》《སྣར་》,mདུ།,,,,,
,,1439,3,《པེ་》《སྣར་》,mདུ།,,,,,
,,1440,4,《པེ་》《སྣར་》,pམ།,,,,,
,,1441,5,《པེ་》《སྣར་》,བར།,,,,,
,,1442,6,《པེ་》《སྣར་》,རྒྱུའི།,,,,,
,1091,1443,1,《པེ་》《སྣར་》,པར།,,,,,
,,1444,2,《པེ་》,རྟོག,,,,,
,,1445,3,《པེ་》《སྣར་》,mཐག་ཉེ་བ་ཡིན་དུ་ཟིན་…...ཉིད་ཀྱི་ཕྱིར་རོ།།,,,,,
,,1446,4,《པེ་》,ནོ།།,,,,,
,,1447,5,《པེ་》《སྣར་》,ཐལ།,,,,,
,1092,1448,1,《པེ་》《སྣར་》,བསྒྲུབ།,,,,,
,,1449,2,《པེ་》《སྣར་》,pཔ།,,,,,
,,1450,3,《པེ་》《སྣར་》,ནོ།།,,,,,
,,1451,4,《པེ་》《སྣར་》,མི།,,,,,
,,1452,5,《པེ་》《སྣར་》,འབྱུང་།,,,,,
,,1453,6,《པེ་》,པར།,,,,,
,,1454,7,《སྣར་》,པ། གྱུར་པ།,,,,,
,,1455,8,《པེ་》《སྣར་》,པར།,,,,,
,1093,1456,1,《པེ་》《སྣར་》,pགིས།,,,,,
,,1457,2,《པེ་》《སྣར་》,ཅིའི།,,,,,
,,1458,3,《པེ་》《སྣར་》,pཡང་།,,,,,
,,1459,4,《པེ་》《ཅོ་》,ནོ།།,,,,,
,1094,1460,1,《པེ་》《སྣར་》,mཔ།,,,,,
,,1461,2,《པེ་》《སྣར་》,པའི།,,,,,
,,1462,3,《པེ་》,mཉིད།,,,,,
,,1463,4,《པེ་》《སྣར་》,mན།,,,,,
,,1464,5,《སྣར་》,ལ།,,,,,
,,1465,6,《སྣར་》,མི།,,,,,
,,1466,7,《པེ་》《སྣར་》,pདང་།,,,,,
,,1467,8,《པེ་》《སྣར་》,པ་ཅན་ཞེས།,,,,,
,1095,1468,1,《པེ་》《སྣར་》,mདེ།,,,,,
,,1469,2,《པེ་》《སྣར་》,ལྷན་ཅིག,,,,,
,,1470,3,《པེ་》《སྣར་》,mསྦྱོར་བ།,,,,,
,,1471,4,《པེ་》《སྣར་》,བརྟན།,,,,,
,1096,1472,1,《པེ་》《སྣར་》,བུས།,,,,,
,,1473,2,《པེ་》《སྣར་》,mནི།,,,,,
,,1474,3,《པེ་》《སྣར་》,འདི།,,,,,
,,1475,4,《པེ་》《ཅོ་》,བགྲང་།,《སྣར་》,བགྲེང་།,,,
,,1476,5,《པེ་》《སྣར་》,ཆད།,,,,,
,,1477,6,《པེ་》《སྣར་》,ལ།,,,,,
,,1478,7,《པེ་》《སྣར་》,རྟོགས།,,,,,
,,1479,8,《པེ་》《སྣར་》,འགྱུར།,,,,,
,,1480,9,《པེ་》《སྣར་》,བར།,,,,,
,,1481,10,《པེ་》《སྣར་》,དེ།,,,,,
,,1482,11,《པེ་》《སྣར་》,པས།,,,,,
,1097,1483,1,《པེ་》《སྣར་》,དྲང་ན། རྟག,,,,,
,,1484,2,《པེ་》《སྣར་》,ན།,,,,,
,,1485,3,《པེ་》《སྣར་》,mགཞན།,,,,,
,,1486,4,《སྣར་》,བསྟན།,,,,,
,,1487,5,《པེ་》《སྣར་》,མེས།,,,,,
,,1488,6,《པེ་》《སྣར་》,ཞིང་།,,,,,
,,1489,7,《པེ་》《སྣར་》,mདོན།,,,,,
,,1490,8,《པེ་》,དེ།,,,,,
,1098,1491,1,《པེ་》《སྣར་》,ལས།,,,,,
,,1492,2,《པེ་》《སྣར་》,mདེ་མེ།,,,,,
,1099,1493,1,《པེ་》《སྣར་》,གགས།,,,,,
,,1494,2,《པེ་》,གྱི།,,,,,
,,1495,3,《ཅོ་》,འཇིགས།,,,,,
,,1496,4,《ཅོ་》,གསད།,,,,,
,,1497,5,《པེ་》《སྣར་》,སྲིད།,,,,,
,1100,1498,1,《སྣར་》,གསད།,,,,,
,,1499,2,《པེ་》《སྣར་》,mལ།,,,,,
,,1500,3,《པེ་》《སྣར་》,ན།,,,,,
,,1501,4,《པེ་》《སྣར་》,pདང་།,,,,,
,,1502,5,《ཅོ་》,བ།,,,,,
,,1503,6,《ཅོ་》,པ།,,,,,
,1101,1504,1,《པེ་》《སྣར་》,ཀྱི།,,,,,
,,1505,2,《པེ་》,mཅན་ཉིད།,,,,,
,,1506,3,《པེ་》《སྣར་》,mབ།,,,,,
,,1507,4,《པེ་》,ཡིན་པ་མ་ཡིན།,《སྣར་》,ཡིན་པ་མ་ཡོད།,,,
,,1508,5,《པེ་》《སྣར་》,ཡི།,,,,,
,1102,1509,1,《པེ་》《སྣར་》,འགྲང་།,,,,,
,,1510,2,《པེ་》《སྣར་》,pཡིན་པ།,,,,,
,,1511,3,《པེ་》《སྣར་》,འདོད།,,,,,
,,1512,4,《པེ་》《སྣར་》,དད།,,,,,
,,1513,5,《པེ་》《སྣར་》,ཏེ།,,,,,
,1103,1514,1,《པེ་》《སྣར་》,mཡིན།,,,,,
,,1515,2,《པེ་》《སྣར་》,རྟོགས།,,,,,
,,1516,3,《པེ་》《སྣར་》,དོན།,,,,,
,,1517,4,《པེ་》《སྣར་》,pཇི་ལྟར་ན།,,,,,
,,1518,5,《པེ་》《སྣར་》,mནི།,,,,,
,,1519,6,《པེ་》《སྣར་》,སྒྲུབ།,,,,,
,,1520,7,《པེ་》《སྣར་》,དག,,,,,
,1104,1521,1,《པེ་》《སྣར་》,pདེ།,,,,,
,,1522,2,《པེ་》《སྣར་》,mམ།,,,,,
,,1523,3,《པེ་》《སྣར་》,ལྟར།,,,,,
,,1524,4,《པེ་》《སྣར་》,pཔ།,,,,,
,,1525,5,《པེ་》,སྐྱེས་པ།,,,,,
,1105,1526,1,《པེ་》《སྣར་》,mདེ།,,,,,
,,1527,2,《སྣར་》,ན།,,,,,
,,1528,3,《སྣར་》,pནི།,,,,,
,,1529,4,《པེ་》《སྣར་》,ནོ།།,,,,,
,,1530,5,《པེ་》《སྣར་》,mཡིན་པ་ཉིད་གཞན་ཉིད།,,,,,
,1106,1531,1,《པེ་》《སྣར་》,ཅན་གྱི།,,,,,
,,1532,2,《པེ་》《སྣར་》,ལུས།,,,,,
,,1533,3,《སྣར་》,རྟོག,,,,,
,,1534,4,《ཅོ་》,pདག,,,,,
,,1535,5,《པེ་》《སྣར་》,pནི།,,,,,
,,1536,6,《པེ་》,ནི།,,,,,
,,1537,7,《པེ་》《སྣར་》,mདེ།,,,,,
,,1538,8,《པེ་》《སྣར་》,དག་བཞིན།,,,,,
,,1539,9,《པེ་》《སྣར་》,བར།,,,,,
,1107,1540,1,《པེ་》《སྣར་》,པར།,,,,,
,,1541,2,《པེ་》《སྣར་》,pཀྱང་།,,,,,
,,1542,3,《པེ་》,ཞིག,,,,,
,,1543,4,《སྣར་》,pནི།,,,,,
,1108,1544,1,《པེ་》《སྣར་》,ཡིན།,,,,,
,,1545,2,《སྣར་》,མ་བྱུང་བ།,《ཅོ་》,མེ་བྱུང་།,,,
,,1546,3,《པེ་》,སྐྱོང་།,《ཅོ་》,སྟོན།,,,
,,1547,4,《པེ་》《སྣར་》,mཔའི་ཕྱིར་ཡོད།,,,,,
,,1548,5,《པེ་》《སྣར་》,འབྱུང་།,,,,,
,,1549,6,《པེ་》《སྣར་》,mམ།,,,,,
,,1550,7,《སྣར་》,mནི།,,,,,
,,1551,8,《པེ་》,ནང་།,,,,,
,1109,1552,1,《པེ་》《སྣར་》,mདེས་ན།,,,,,
,,1553,2,《པེ་》《སྣར་》,pམ།,,,,,
,,1554,3,《པེ་》《སྣར་》,གི།,,,,,
,,1555,4,《པེ་》《སྣར་》,སྐྱེས་པ།,,,,,
,,1556,5,《པེ་》《སྣར་》,mཚོགས་པ་ནུས་པ་སྣ།,,,,,
,,1557,6,《པེ་》《སྣར་》,mརོ།,,,,,
,,1558,7,《པེ་》《སྣར་》,སྒྲུབ།,,,,,
,,1559,8,《པེ་》《སྣར་》,mའགའ་ཞིག་གི་ཤེས་པ།,,,,,
,1110,1560,1,《སྣར་》,mགིས་ཤེས།,,,,,
,,1561,2,《སྣར་》,དེའི།,,,,,
,,1562,3,《པེ་》《སྣར་》,mསྔར།,,,,,
,1111,1563,1,《པེ་》《སྣར་》,སྤོབས།,,,,,
,,1564,2,《པེ་》《སྣར་》,pགི།,,,,,
,,1565,3,《སྣར་》,mནོ།,,,,,
,,1566,4,《པེ་》《སྣར་》,ནི།,,,,,
,,1567,5,《པེ་》《སྣར་》,འགའི།,,,,,
,1112,1568,1,《པེ་》《སྣར་》,mདེ་འདྲ་བ།,,,,,
,,1569,2,《ཅོ་》,པར་བྱ་བ།,,,,,
,,1570,3,《པེ་》《སྣར་》,དག,,,,,
,,1571,4,《པེ་》《སྣར་》,བར།,,,,,
,,1572,5,《པེ་》《སྣར་》,ལ།,,,,,
,1113,1573,1,《པེ་》《སྣར་》,mགྱི།,,,,,
,,1574,2,《པེ་》《སྣར་》,དང་།,,,,,
,1114,1575,1,《པེ་》《སྣར་》,mབ།,,,,,
,,1576,2,《པེ་》《སྣར་》,ཚིག,,,,,
,1115,1577,1,《པེ་》《སྣར་》,mན།,,,,,
,,1578,2,《པེ་》《སྣར་》,mམ།,,,,,
,,1579,3,《པེ་》《སྣར་》,སྤངས་པར།,,,,,
,1116,1580,1,《པེ་》《སྣར་》,mཞེས་གསུངས་སོ།།,,,,,
,,1581,2,《པེ་》《སྣར་》,པ།,,,,,
,,1582,3,《པེ་》《སྣར་》,pལ།,,,,,
,1117,1583,1,《པེ་》,མི།,,,,,
,,1584,2,《པེ་》《སྣར་》,བཅད།,,,,,
,,1585,3,《སྣར་》,གཅད།,,,,,
,,1586,4,《པེ་》《སྣར་》,བདག,,,,,
,1118,1587,1,《པེ་》《སྣར་》,pཔའི།,,,,,
,,1588,2,《པེ་》《སྣར་》,mཔ།,,,,,
,,1589,3,《པེ་》《སྣར་》,སྒྲུབ།,,,,,
,,1590,4,《པེ་》《སྣར་》,བ།,,,,,
,,1591,5,《པེ་》《སྣར་》,པའི།,,,,,
,1119,1592,1,《པེ་》《སྣར་》,mཀྱི།,,,,,
,,1593,2,《པེ་》《སྣར་》,བསླུ།,,,,,
,,1594,3,《པེ་》《སྣར་》,བསླུ།,,,,,
,,1595,4,《པེ་》《སྣར་》,གྱིས།,,,,,
,,1596,5,《པེ་》《སྣར་》,mཡང་།,,,,,
,,1597,6,《པེ་》《སྣར་》,ལས།,,,,,
,1120,1598,1,《པེ་》《སྣར་》,བརྡའ།,,,,,
,,1599,2,《པེ་》《སྣར་》,pམི།,,,,,
,,1600,3,《པེ་》《སྣར་》,ལ།,,,,,
,,1601,4,《པེ་》《སྣར་》,རྟགས།,,,,,
,1121,1602,1,《པེ་》《སྣར་》,གར།,,,,,
,,1603,2,《པེ་》《སྣར་》,སྤོང་།,,,,,
,,1604,3,《པེ་》,གཞལ།,,,,,
,,1605,4,《པེ་》《སྣར་》,སྐལ་བ།,,,,,
,,1606,5,《པེ་》,པ།,,,,,
,1122,1607,1,《པེ་》《སྣར་》,mནི།,,,,,
,,1608,2,《པེ་》《སྣར་》,བར།,,,,,
,,1609,3,《པེ་》,དེ་བས།,,,,,
,,1610,4,《པེ་》《སྣར་》,བརྡའ་བྱེད་པའི་བྱེད།,,,,,
,1123,1611,1,《པེ་》,mལས།,,,,,
,,1612,2,《པེ་》《སྣར་》,བསལ།,,,,,
,,1613,3,《པེ་》《སྣར་》,བསལ།,,,,,
,,1614,4,《པེ་》《སྣར་》,རྗོད།,,,,,
,,1615,5,《པེ་》《སྣར་》,pཇི་ལྟར་ན་དེ་ལས་སྒྲ་ཐོས་པ་ཡིན་ནོ་ཞེ་ན།,,,,,
,1124,1616,1,《པེ་》《སྣར་》,pཔ།,,,,,
,,1617,2,《པེ་》《སྣར་》,pདང་།,,,,,
,,1618,3,《པེ་》,mཅན།,,,,,
,1125,1619,1,《པེ་》《སྣར་》,པར།,,,,,
,,1620,2,《སྣར་》,mནི།,,,,,
,,1621,3,《པེ་》《སྣར་》,རྟོགས།,,,,,
,,1622,4,《པེ་》,བར།,,,,,
,,1623,5,《པེ་》《སྣར་》,mཡུལ།,,,,,
,1126,1624,1,《པེ་》《སྣར་》,བུ།,,,,,
,,1625,2,《སྣར་》,བུ།,,,,,
,,1626,3,《པེ་》《སྣར་》,ནས།,,,,,
,1127,1627,1,《པེ་》,བུ།,,,,,
,,1628,2,《པེ་》,རྒྱུན།,,,,,
,,1629,3,《སྣར་》,བླང་།,,,,,
,,1630,4,《པེ་》《སྣར་》,པ།,,,,,
,,1631,5,《པེ་》《སྣར་》,pལ།,,,,,
,,1632,6,《པེ་》《སྣར་》,དོ། །དེའི། ,《ཅོ་》,དེ། དེ།,,,
,,1633,7,《སྣར་》,པའི་འདུས།,《ཅོ་》,པོའི་འདུ།,,,
,,1634,8,《པེ་》,ཅན།,,,,,
,,1635,9,《པེ་》《སྣར་》,ཀྱིས།,,,,,
,1128,1636,1,《སྣར་》,པར།,,,,,
,,1637,2,《པེ་》《སྣར་》,རིམ་གྱིས།,,,,,
,,1638,3,《པེ་》《སྣར་》,mཡོད་ན།,,,,,
,,1639,4,《པེ་》《སྣར་》,དེས།,,,,,
,,1640,5,《པེ་》《སྣར་》,mལྟར།,,,,,
,1129,1641,1,《པེ་》《སྣར་》,རམ།,,,,,
,,1642,2,《པེ་》,mལ།,,,,,
,,1643,3,《པེ་》《སྣར་》,པའི་རྒྱུ།,,,,,
,,1644,4,《སྣར་》,mཔ།,,,,,
,,1645,5,《ཅོ་》,ཡིན།,,,,,
,,1646,6,《པེ་》《སྣར་》,གེ།,,,,,
,,1647,7,《པེ་》,གཅོས།,《སྣར་》,བཅོས།,,,
,,1648,8,《པེ་》《སྣར་》,བར།,,,,,
,1130,1649,1,《པེ་》《སྣར་》,pལ།,,,,,
,,1650,2,《པེ་》《སྣར་》,དང་།,,,,,
,,1651,3,《པེ་》《སྣར་》,mལ།,,,,,
,,1652,4,《པེ་》《སྣར་》,བསླུ།,,,,,
,,1653,5,《པེ་》《སྣར་》,བསྐལ་པ།,,,,,
,,1654,6,《པེ་》《སྣར་》,mཔའི།,,,,,
,,1655,7,《པེ་》,ནི།,,,,,
,,1656,8,《སྣར་》,སྲིན།,,,,,
,,1657,9,《པེ་》《སྣར་》,སྒྲུབ།,,,,,
,,1658,10,《པེ་》《སྣར་》,སྒྲུབ།,,,,,
,1131,1659,1,《པེ་》,ཏེ།,,,,,
,,1660,2,《པེ་》《སྣར་》,དེས།,,,,,
,,1661,3,《སྣར་》,སྐྱེ།,,,,,
,,1662,4,《པེ་》《སྣར་》,པར།,,,,,
,,1663,5,《པེ་》《སྣར་》,གི།,,,,,
,1132,1664,1,《པེ་》《སྣར་》,mནུས།,,,,,
,,1665,2,《པེ་》,mནུས་པ།,,,,,
,,1666,3,《པེ་》《སྣར་》,བསྒྲུབ།,,,,,
,,1667,4,《པེ་》《སྣར་》,བུའི།,,,,,
,1133,1668,1,《པེ་》《སྣར་》,ཡིན།,,,,,
,,1669,2,《པེ་》《སྣར་》,mཡིན།,,,,,
,,1670,3,《པེ་》《སྣར་》,mཔ།,,,,,
,,1671,4,《པེ་》《སྣར་》,པ།,,,,,
,,1672,5,《པེ་》《སྣར་》,pརོ།།,,,,,
,,1673,6,《པེ་》《སྣར་》,བར།,,,,,
,,1674,7,《པེ་》《སྣར་》,བར།,,,,,
,,1675,8,《སྣར་》,པར།,,,,,
,,1676,9,《པེ་》《སྣར་》,རྣམས།,,,,,
,1134,1677,1,《པེ་》《སྣར་》,རྗོད།,,,,,
,,1678,2,《པེ་》《སྣར་》,སླད།,,,,,
,,1679,3,《པེ་》,mདེ་དག,,,,,
,,1680,4,《པེ་》《སྣར་》,ན།,,,,,
,,1681,5,《པེ་》,པའི།,,,,,
,,1682,6,《སྣར་》,མིན།,,,,,
,,1683,7,《པེ་》《སྣར་》,གྱི།,,,,,
,,1684,8,《སྣར་》,འགྱུར་བའི།,,,,,
,1135,1685,1,《པེ་》《སྣར་》,pདེ།,,,,,
,,1686,2,《སྣར་》,ཞེས།,,,,,
,,1687,3,《སྣར་》,ཞེས།,,,,,
,,1688,4,《སྣར་》,མང་བ།,,,,,
,,1689,5,《ཅོ་》,ཚོར།,,,,,
,,1690,6,《པེ་》《སྣར་》,pལ།,,,,,
,,1691,7,《པེ་》,ཉིད་པས།,,,,,
,,1692,8,《པེ་》《སྣར་》,པར།,,,,,
,,1693,9,《པེ་》《སྣར་》,བསླུ།,,,,,
,,1694,10,《སྣར་》,ཚིགས།,,,,,
,,1695,11,《པེ་》《སྣར་》,ཉིད།,,,,,
,1136,1696,1,《པེ་》《སྣར་》,བསླུ།,,,,,
,,1697,2,《པེ་》《སྣར་》,བུས།,,,,,
,,1698,3,《སྣར་》,དཔག,,,,,
,,1699,4,《པེ་》《སྣར་》,འགྱུར་བ།,,,,,
,1137,1700,1,《པེ་》《སྣར་》,པར།,,,,,
,,1701,2,《པེ་》《སྣར་》,ཀྱི།,,,,,
,,1702,3,《པེ་》《སྣར་》,མེད།,,,,,
,,1703,4,《པེ་》《སྣར་》,བསྲེག,,,,,
,,1704,5,《པེ་》《སྣར་》,mབྱའོ་ཞེས།,,,,,
,,1705,6,《པེ་》《སྣར་》,བས་ཀྱང་།,,,,,
,,1706,7,《པེ་》《སྣར་》,སྐྱོན་པར།,,,,,
,,1707,8,《པེ་》《སྣར་》,pདོན།,,,,,
,1138,1708,1,《པེ་》《སྣར་》,pགང་།,,,,,
,,1709,2,《པེ་》《སྣར་》,བསླུ།,,,,,
,,1710,3,《པེ་》《སྣར་》,གང་།,,,,,
,,1711,4,《ཅོ་》,ཀྱིས།,,,,,
,,1712,5,《པེ་》,རོ། །པཱ་ཎི་ནིའི།《སྣར་》,རོ། །པཱ་ཎི་ནའི།,,,,
,,1713,6,《སྣར་》,པའི།,,,,,
,,1714,7,《སྣར་》,mདང་།,,,,,
,1139,1715,1,《པེ་》,mསོ།,,,,,
,,1716,2,《པེ་》,དེ།,,,,,
,,1717,3,《སྣར་》,པར།,,,,,
,,1718,4,《པེ་》《སྣར་》,མ་ནཱ།,,,,,
,,1719,5,《པེ་》《སྣར་》,རློམས།,,,,,
,,1720,6,《པེ་》《སྣར་》,mལ།,,,,,
,1140,1721,1,《སྣར་》,ལྟ།,,,,,
,,1722,2,《པེ་》《སྣར་》,གདོན།,,,,,
,,1723,3,《པེ་》,འདོད།,,,,,
,,1724,4,《སྣར་》,སྐྱེ།,,,,,
,,1725,5,《པེ་》《སྣར་》,mཚེ།,,,,,
,,1726,6,《པེ་》《སྣར་》,mཅན།,,,,,
,,1727,7,《པེ་》《སྣར་》,པའི།,,,,,
,,1728,8,《པེ་》《སྣར་》,pབ།,,,,,
,,1729,9,《པེ་》《སྣར་》,ན།,,,,,
,,1730,10,《པེ་》《སྣར་》,mལས།,,,,,
,,1731,11,《པེ་》《སྣར་》,mདང་།,,,,,
,1141,1732,1,《པེ་》《སྣར་》,མ།,,,,,
,,1733,2,《སྣར་》,རྗོད།,,,,,
,,1734,3,《སྣར་》,ན།,,,,,
,,1735,4,《པེ་》《སྣར་》,mལ།,,,,,
,,1736,5,《སྣར་》,མ།,,,,,
,,1737,6,《པེ་》《སྣར་》,བསྲེག,,,,,
,,1738,7,《པེ་》《སྣར་》,ཕྱི།,,,,,
,,1739,8,《པེ་》《སྣར་》,mཔ།,,,,,
,,1740,9,《པེ་》《སྣར་》,mདང་།,,,,,
,,1741,10,《པེ་》,ནི།,,,,,
,1142,1742,1,《པེ་》《སྣར་》,mལ།,,,,,
,,1743,2,《པེ་》《སྣར་》,པར།,,,,,
,,1744,3,《པེ་》《སྣར་》,mམེད་པ།,,,,,
,,1745,4,《པེ་》《སྣར་》,mསྦྱིན་སྲེག,,,,,
,,1746,5,《པེ་》《སྣར་》,ནི།,,,,,
,,1747,6,《སྣར་》,སྤྱད།,,,,,
,,1748,7,《སྣར་》,ཚིགས།,,,,,
,1143,1749,1,《པེ་》《སྣར་》,pནི།,,,,,
,,1750,2,《སྣར་》,གྲག,,,,,
,,1751,3,《པེ་》《སྣར་》,ཀྱི།,,,,,
,,1752,4,《པེ་》《སྣར་》,pཔ།,,,,,
,,1753,5,《པེ་》《སྣར་》,ཅན།,,,,,
,,1754,6,《པེ་》《སྣར་》,pབ།,,,,,
,,1755,7,《སྣར་》,ལག,,,,,
,1143,,1,《པེ་》《སྣར་》,pནི།,,,,,
,,,2,《སྣར་》,གྲག,,,,,
,,,3,《པེ་》《སྣར་》,ཀྱི།,,,,,
,,,4,《པེ་》《སྣར་》,pཔ།,,,,,
,,,5,《པེ་》《སྣར་》,ཅན།,,,,,
,,,6,《པེ་》《སྣར་》,pབ།,,,,,
,,,7,《སྣར་》,ལག,a,,,,
,1144,1756,1,《པེ་》《སྣར་》,ལ།,,,,,
,,1757,2,《སྣར་》,བརྟགས།,,,,,
,,1758,3,《སྣར་》,ཚིགས།,,,,,
,,1759,4,《སྣར་》,mཟད།,,,,,
,,1760,5,《པེ་》《སྣར་》,mཚེ།,,,,,
,,1761,6,《པེ་》《སྣར་》,པར།,,,,,
,1145,1762,1,《པེ་》《སྣར་》,ཀྱིས།,,,,,
,,1763,2,《པེ་》《སྣར་》,བསལ།,,,,,
,,1764,3,《པེ་》《སྣར་》,པ།,,,,,
,,1765,4,《ཅོ་》,mལ།,,,,,
,,1766,5,《པེ་》,བརྡའི།,《སྣར་》,བརྡའ།,,,
,,1767,6,《པེ་》,pརོ།།,,,,,
,1146,1768,1,《པེ་》《སྣར་》,སྤྱིར།,,,,,
,,1769,2,《པེ་》《སྣར་》,ཏེ།,,,,,
,,1770,3,《པེ་》《སྣར་》,བསལ།,,,,,
,,1771,4,《པེ་》《སྣར་》,mདཔེར།,,,,,
,,1772,5,《པེ་》《སྣར་》,ངག,,,,,
,,1773,6,《པེ་》《སྣར་》,mམ།,,,,,
,,1774,7,《པེ་》《སྣར་》,སྒྲུབ།,,,,,
,1147,1775,1,《པེ་》《སྣར་》,སྤང་།,,,,,
,,1776,2,《སྣར་》,ན།,,,,,
,,1777,3,《པེ་》《སྣར་》,ཚུད།,,,,,
,,1778,4,《པེ་》《སྣར་》,mམ།,,,,,
,,1779,5,《པེ་》《སྣར་》,ཏོ།།,,,,,
,,1780,6,《པེ་》《སྣར་》,མ།,,,,,
,,1781,7,《པེ་》《སྣར་》,ཟ་བའི།,,,,,
,1148,1782,1,《པེ་》《སྣར་》,རིམས།,,,,,
,,1783,2,《པེ་》《སྣར་》,pདང་།,,,,,
,,1784,3,《སྣར་》,པོ།,,,,,
,,1785,4,《སྣར་》,བྱ་བ།,,,,,
,,1786,5,《སྣར་》,སྲེགས།,,,,,
,,1787,6,《པེ་》《སྣར་》,པར།,,,,,
,,1788,7,《སྣར་》,mནོ།,,,,,
,,1789,8,《པེ་》《སྣར་》,pལ།,,,,,
,,1790,9,《པེ་》《སྣར་》,འཐིབས།,,,,,
,,1791,10,《པེ་》《སྣར་》,སྒྲུབ།,,,,,
,,1792,11,《པེ་》《སྣར་》,mམ།,,,,,
,1149,1793,1,《པེ་》《སྣར་》,ཤིག,,,,,
,,1794,2,《སྣར་》,གོ།,,,,,
,,1795,3,《པེ་》《སྣར་》,བསླུ།,,,,,
,,1796,4,《པེ་》《སྣར་》,འདི།,,,,,
,,1797,5,《པེ་》,mདེ་ལས་རྣམ་པར་བཟློག་པ་ཡིས།།,,,,,
,,1798,6,《པེ་》《སྣར་》,pབ།,,,,,
,1150,1799,1,《པེ་》《སྣར་》,བའི།,,,,,
,,1800,2,《སྣར་》,mགོ།,,,,,
,,1801,3,《པེ་》《སྣར་》,བར།,,,,,
,,1802,4,《པེ་》《སྣར་》,དག,,,,,
,,1803,5,《པེ་》《སྣར་》,pཅན།,,,,,
,,1804,6,《པེ་》《སྣར་》,མཐོན་པ།,,,,,
,,1805,7,《པེ་》《སྣར་》,pཚིག་ཅན་གྱི།,,,,,
,,1806,8,《པེ་》《སྣར་》,mགི་ཚིག,,,,,
,,1807,9,《པེ་》《སྣར་》,བསླུ།,,,,,
,,1808,10,《པེ་》《སྣར་》,སྒྲུབ།,,,,,
,,1809,11,《པེ་》,mཡིན།,,,,,
,1151,1810,1,《པེ་》《སྣར་》,འགལ།,,,,,
,,1811,2,《པེ་》《སྣར་》,pསློབ་དཔོན།,,,,,
,,1812,3,《སྣར་》,mགྱི།,,,,,
